latitude,longitude,brightness,scan,track,acq_date,acq_time,satellite,instrument,confidence,version,bright_t31,frp,daynight
-21.97892,-56.06004,320.34,3.37,1.73,2026-09-08,1,Terra,MODIS,100,6.1NRT,285.6,119.13,N
-21.97602,-56.02704,300.46,3.35,1.73,2026-09-08,1,Terra,MODIS,28,6.1NRT,283.97,33.61,N
-21.97575,-56.05482,322.26,3.37,1.73,2026-09-08,1,Terra,MODIS,100,6.1NRT,285.46,128.85,N
-20.49789,-57.42811,307.0,4.11,1.88,2026-09-08,1,Terra,MODIS,70,6.1NRT,285.25,68.97,N
-20.49226,-57.43343,304.81,4.11,1.88,2026-09-08,1,Terra,MODIS,62,6.1NRT,285.03,58.69,N
-18.78203,-49.44349,302.25,1.09,1.04,2026-09-08,1,Terra,MODIS,48,6.1NRT,288.86,5.49,N
-18.77286,-49.44481,307.97,1.09,1.04,2026-09-08,1,Terra,MODIS,73,6.1NRT,288.6,9.56,N
-18.77157,-49.4348,314.76,1.09,1.04,2026-09-08,1,Terra,MODIS,90,6.1NRT,289.24,15.51,N
-18.69625,-49.63734,311.7,1.1,1.05,2026-09-08,1,Terra,MODIS,83,6.1NRT,289.07,12.88,N
-18.69495,-49.62713,303.56,1.1,1.05,2026-09-08,1,Terra,MODIS,56,6.1NRT,289.19,6.58,N
-16.13441,-49.52192,301.22,1.05,1.02,2026-09-08,1,Terra,MODIS,39,6.1NRT,288.09,5.0,N
-15.83463,-56.61135,300.0,3.09,1.67,2026-09-08,1,Terra,MODIS,5,6.1NRT,288.25,19.21,N
-14.91056,-44.67792,307.62,1.4,1.17,2026-09-08,1,Terra,MODIS,25,6.1NRT,280.53,14.14,N
-13.44179,-43.81858,328.62,1.7,1.28,2026-09-08,3,Terra,MODIS,93,6.1NRT,294.92,55.58,N
-13.43053,-43.82032,317.38,1.7,1.28,2026-09-08,3,Terra,MODIS,62,6.1NRT,292.13,27.94,N
-13.40191,-44.15123,308.65,1.61,1.25,2026-09-08,3,Terra,MODIS,75,6.1NRT,296.8,10.06,N
-11.39269,-45.75654,310.25,1.34,1.15,2026-09-08,3,Terra,MODIS,48,6.1NRT,292.02,13.09,N
-11.39087,-45.74463,324.88,1.35,1.15,2026-09-08,3,Terra,MODIS,100,6.1NRT,292.08,33.57,N
-11.3826,-45.75809,312.66,1.34,1.15,2026-09-08,3,Terra,MODIS,68,6.1NRT,291.98,15.63,N
-11.38239,-45.75153,309.96,1.35,1.15,2026-09-08,3,Terra,MODIS,46,6.1NRT,291.89,12.51,N
-11.3723,-45.75311,327.79,1.35,1.15,2026-09-08,3,Terra,MODIS,100,6.1NRT,292.77,37.08,N
-11.37054,-45.74123,325.01,1.35,1.15,2026-09-08,3,Terra,MODIS,84,6.1NRT,292.33,32.1,N
-11.35031,-45.7442,306.93,1.35,1.15,2026-09-08,3,Terra,MODIS,45,6.1NRT,291.52,9.84,N
-11.34853,-45.73222,312.13,1.35,1.15,2026-09-08,3,Terra,MODIS,84,6.1NRT,291.84,15.95,N
-11.33401,-45.09533,307.95,1.49,1.21,2026-09-08,3,Terra,MODIS,46,6.1NRT,295.68,10.56,N
-11.33205,-45.36224,332.17,1.43,1.18,2026-09-08,3,Terra,MODIS,100,6.1NRT,295.37,51.84,N
-11.32333,-45.09636,310.88,1.49,1.21,2026-09-08,3,Terra,MODIS,37,6.1NRT,295.73,13.22,N
-11.3213,-45.08316,310.85,1.5,1.21,2026-09-08,3,Terra,MODIS,61,6.1NRT,296.18,13.3,N
-11.31926,-45.06986,307.66,1.5,1.21,2026-09-08,3,Terra,MODIS,24,6.1NRT,295.78,9.7,N
-11.31272,-45.09796,311.06,1.49,1.21,2026-09-08,3,Terra,MODIS,73,6.1NRT,293.85,13.72,N
-11.31068,-45.08469,306.78,1.5,1.21,2026-09-08,3,Terra,MODIS,14,6.1NRT,294.09,8.33,N
-10.25476,-45.20316,304.08,1.53,1.22,2026-09-08,3,Terra,MODIS,45,6.1NRT,293.43,7.01,N
-10.24407,-45.20491,303.85,1.53,1.22,2026-09-08,3,Terra,MODIS,39,6.1NRT,293.77,6.85,N
-9.0889,-47.81882,306.78,1.1,1.05,2026-09-08,3,Terra,MODIS,69,6.1NRT,292.5,6.89,N
-8.77883,-48.36654,302.51,1.06,1.03,2026-09-08,3,Terra,MODIS,50,6.1NRT,291.84,4.01,N
-8.36123,-49.72501,304.95,1.0,1.0,2026-09-08,3,Terra,MODIS,62,6.1NRT,288.18,4.83,N
-8.27795,-46.37888,311.61,1.36,1.15,2026-09-08,3,Terra,MODIS,83,6.1NRT,294.78,13.85,N
-7.79914,-49.20749,309.47,1.02,1.01,2026-09-08,3,Terra,MODIS,77,6.1NRT,293.4,7.19,N
-7.7979,-49.19852,339.36,1.02,1.01,2026-09-08,3,Terra,MODIS,100,6.1NRT,294.66,41.61,N
-7.75409,-49.54779,301.2,1.01,1.0,2026-09-08,3,Terra,MODIS,39,6.1NRT,286.16,3.6,N
-7.61213,-47.29654,320.64,1.22,1.1,2026-09-08,3,Terra,MODIS,100,6.1NRT,296.34,21.88,N
-7.61059,-47.2858,319.87,1.22,1.1,2026-09-08,3,Terra,MODIS,99,6.1NRT,296.04,20.94,N
-7.37786,-47.01951,327.3,1.27,1.12,2026-09-08,3,Terra,MODIS,100,6.1NRT,296.92,33.54,N
-7.37624,-47.00835,309.7,1.28,1.12,2026-09-08,3,Terra,MODIS,75,6.1NRT,295.97,10.23,N
-7.36802,-47.02097,324.79,1.27,1.12,2026-09-08,3,Terra,MODIS,100,6.1NRT,295.85,29.15,N
-7.36639,-47.00977,305.54,1.28,1.12,2026-09-08,3,Terra,MODIS,54,6.1NRT,295.22,5.99,N
-7.42678,-49.37679,306.05,1.01,1.01,2026-09-08,5,Terra,MODIS,67,6.1NRT,293.17,5.21,N
-7.37386,-47.76567,316.95,1.16,1.07,2026-09-08,5,Terra,MODIS,94,6.1NRT,295.91,15.59,N
-7.3724,-47.75551,306.43,1.16,1.07,2026-09-08,5,Terra,MODIS,64,6.1NRT,295.55,5.71,N
-7.06417,-56.47696,302.59,2.23,1.45,2026-09-08,5,Terra,MODIS,34,6.1NRT,284.98,20.69,N
-6.96174,-50.42282,305.28,1.0,1.0,2026-09-08,5,Terra,MODIS,64,6.1NRT,292.24,5.26,N
-6.92142,-44.94755,309.92,1.82,1.32,2026-09-08,5,Terra,MODIS,79,6.1NRT,295.32,16.32,N
-6.91346,-44.95554,305.58,1.82,1.32,2026-09-08,5,Terra,MODIS,65,6.1NRT,295.27,10.26,N
-6.79186,-58.9458,304.66,3.51,1.76,2026-09-08,5,Terra,MODIS,20,6.1NRT,290.9,26.35,N
-6.77628,-58.97242,308.87,3.53,1.77,2026-09-08,5,Terra,MODIS,47,6.1NRT,291.03,40.74,N
-6.7609,-58.94913,303.92,3.51,1.76,2026-09-08,5,Terra,MODIS,10,6.1NRT,291.14,23.84,N
-6.69753,-47.41653,321.17,1.23,1.1,2026-09-08,5,Terra,MODIS,100,6.1NRT,295.96,23.13,N
-6.65138,-51.17955,302.2,1.03,1.01,2026-09-08,5,Terra,MODIS,39,6.1NRT,288.97,3.51,N
-6.64727,-51.49207,309.64,1.05,1.02,2026-09-08,5,Terra,MODIS,78,6.1NRT,293.16,8.78,N
-6.64272,-59.46206,305.88,3.85,1.83,2026-09-08,5,Terra,MODIS,66,6.1NRT,290.17,38.35,N
-6.64248,-51.18079,318.21,1.03,1.01,2026-09-08,5,Terra,MODIS,96,6.1NRT,288.86,15.68,N
-6.64127,-51.17179,304.59,1.03,1.01,2026-09-08,5,Terra,MODIS,61,6.1NRT,288.32,5.14,N
-6.63855,-59.4283,307.24,3.82,1.83,2026-09-08,5,Terra,MODIS,71,6.1NRT,290.24,44.08,N
-6.62319,-44.72897,305.4,1.91,1.35,2026-09-08,5,Terra,MODIS,55,6.1NRT,295.25,10.29,N
-6.62053,-44.71175,307.6,1.92,1.35,2026-09-08,5,Terra,MODIS,72,6.1NRT,295.19,14.37,N
-6.61465,-44.71869,318.57,1.92,1.35,2026-09-08,5,Terra,MODIS,97,6.1NRT,295.64,37.12,N
-6.5762,-51.10419,310.44,1.02,1.01,2026-09-08,5,Terra,MODIS,80,6.1NRT,293.59,8.21,N
-6.057,-57.80821,306.94,2.76,1.59,2026-09-08,5,Terra,MODIS,70,6.1NRT,291.97,23.46,N
-6.05398,-57.78424,306.74,2.75,1.59,2026-09-08,5,Terra,MODIS,69,6.1NRT,292.03,22.33,N
-6.0162,-45.81961,311.43,1.62,1.25,2026-09-08,5,Terra,MODIS,81,6.1NRT,295.34,18.33,N
-6.01411,-45.80527,306.24,1.62,1.25,2026-09-08,5,Terra,MODIS,64,6.1NRT,295.22,11.17,N
-5.9974,-57.72402,306.47,2.71,1.58,2026-09-08,5,Terra,MODIS,27,6.1NRT,292.12,17.49,N
-5.99433,-57.7004,309.72,2.7,1.57,2026-09-08,5,Terra,MODIS,58,6.1NRT,292.25,25.68,N
-5.98956,-57.71965,316.07,2.71,1.58,2026-09-08,5,Terra,MODIS,92,6.1NRT,292.37,46.68,N
-5.98358,-57.72596,309.94,2.71,1.58,2026-09-08,5,Terra,MODIS,63,6.1NRT,292.19,27.18,N
-5.93898,-51.70423,321.0,1.05,1.02,2026-09-08,5,Terra,MODIS,100,6.1NRT,270.2,20.58,N
-5.91603,-52.49048,302.03,1.13,1.06,2026-09-08,5,Terra,MODIS,46,6.1NRT,285.06,5.29,N
-5.80308,-49.97765,312.63,1.01,1.0,2026-09-08,5,Terra,MODIS,84,6.1NRT,295.98,9.75,N
-5.76821,-49.12413,309.92,1.05,1.02,2026-09-08,5,Terra,MODIS,76,6.1NRT,297.01,8.02,N
-5.76693,-49.11491,310.94,1.05,1.02,2026-09-08,5,Terra,MODIS,79,6.1NRT,297.08,8.65,N
-5.75922,-49.12542,315.43,1.05,1.02,2026-09-08,5,Terra,MODIS,90,6.1NRT,297.03,11.93,N
-5.75794,-49.11621,326.07,1.05,1.02,2026-09-08,5,Terra,MODIS,100,6.1NRT,297.44,23.16,N
-5.75666,-49.10699,317.1,1.05,1.02,2026-09-08,5,Terra,MODIS,94,6.1NRT,296.85,13.56,N
-5.62843,-44.24742,305.21,2.18,1.43,2026-09-08,5,Terra,MODIS,60,6.1NRT,294.81,14.33,N
-5.62733,-44.25316,309.56,2.18,1.43,2026-09-08,5,Terra,MODIS,76,6.1NRT,294.73,23.89,N
-5.59502,-45.37593,310.49,1.78,1.31,2026-09-08,5,Terra,MODIS,78,6.1NRT,297.73,18.18,N
-5.49626,-48.17905,307.63,1.15,1.07,2026-09-08,5,Terra,MODIS,68,6.1NRT,296.11,7.11,N
-5.49482,-48.16895,319.04,1.16,1.07,2026-09-08,5,Terra,MODIS,98,6.1NRT,296.41,18.26,N
-4.98523,-50.64915,307.75,1.0,1.0,2026-09-08,5,Terra,MODIS,69,6.1NRT,295.68,6.57,N
-4.98403,-50.64038,323.63,1.0,1.0,2026-09-08,5,Terra,MODIS,100,6.1NRT,297.12,20.1,N
-4.83065,-42.75603,306.4,2.97,1.64,2026-09-08,5,Terra,MODIS,61,6.1NRT,294.83,17.72,N
-4.72447,-48.8439,309.15,1.09,1.04,2026-09-08,5,Terra,MODIS,74,6.1NRT,296.27,7.69,N
-4.70291,-49.15477,308.75,1.06,1.03,2026-09-08,5,Terra,MODIS,72,6.1NRT,296.11,7.48,N
-4.57592,-47.18742,361.35,1.36,1.15,2026-09-08,5,Terra,MODIS,100,6.1NRT,298.89,137.06,N
-4.57424,-47.17549,360.89,1.36,1.16,2026-09-08,5,Terra,MODIS,100,6.1NRT,299.0,135.91,N
-4.56914,-47.21263,306.21,1.35,1.15,2026-09-08,5,Terra,MODIS,62,6.1NRT,295.98,7.58,N
-4.48424,-48.19461,307.31,1.18,1.08,2026-09-08,5,Terra,MODIS,67,6.1NRT,295.21,7.93,N
-4.36325,-47.78409,345.55,1.25,1.11,2026-09-08,5,Terra,MODIS,100,6.1NRT,296.38,71.87,N
-4.36169,-47.77306,346.2,1.25,1.11,2026-09-08,5,Terra,MODIS,100,6.1NRT,296.07,73.9,N
-4.3464,-47.5933,325.77,1.29,1.13,2026-09-08,5,Terra,MODIS,100,6.1NRT,297.66,30.98,N
-4.34481,-47.58207,318.81,1.29,1.13,2026-09-08,5,Terra,MODIS,97,6.1NRT,297.61,20.55,N
-4.16967,-50.0865,312.12,1.01,1.01,2026-09-08,5,Terra,MODIS,82,6.1NRT,295.74,9.51,N
-4.11071,-49.07079,312.24,1.08,1.04,2026-09-08,5,Terra,MODIS,83,6.1NRT,296.8,10.27,N
-4.1094,-49.06129,313.01,1.09,1.04,2026-09-08,5,Terra,MODIS,85,6.1NRT,297.58,11.06,N
-4.07654,-48.95879,310.3,1.1,1.04,2026-09-08,5,Terra,MODIS,77,6.1NRT,296.47,9.05,N
-4.07521,-48.9492,306.66,1.1,1.04,2026-09-08,5,Terra,MODIS,65,6.1NRT,296.35,6.28,N
-4.05675,-50.88217,306.89,1.0,1.0,2026-09-08,5,Terra,MODIS,59,6.1NRT,295.93,4.74,N
-4.05554,-50.87342,314.64,1.0,1.0,2026-09-08,5,Terra,MODIS,88,6.1NRT,296.23,10.37,N
-4.04796,-50.8834,312.82,1.0,1.0,2026-09-08,5,Terra,MODIS,84,6.1NRT,296.09,8.78,N
-4.04676,-50.87465,330.0,1.0,1.0,2026-09-08,5,Terra,MODIS,100,6.1NRT,297.46,26.19,N
-4.03918,-50.88463,320.8,1.0,1.0,2026-09-08,5,Terra,MODIS,100,6.1NRT,296.52,15.78,N
-4.03797,-50.87587,318.93,1.0,1.0,2026-09-08,5,Terra,MODIS,97,6.1NRT,296.86,14.1,N
-3.92368,-49.05144,318.4,1.09,1.04,2026-09-08,5,Terra,MODIS,96,6.1NRT,296.81,16.34,N
-3.75251,-49.47985,317.28,1.05,1.03,2026-09-08,5,Terra,MODIS,94,6.1NRT,295.99,14.59,N
-3.69626,-49.541,329.29,1.05,1.02,2026-09-08,5,Terra,MODIS,100,6.1NRT,297.01,27.85,N
-3.69499,-49.5318,331.55,1.05,1.02,2026-09-08,5,Terra,MODIS,100,6.1NRT,296.42,31.01,N
-3.55274,-48.19677,310.15,1.21,1.09,2026-09-08,5,Terra,MODIS,77,6.1NRT,294.99,8.69,N
-3.55126,-48.18635,415.07,1.21,1.1,2026-09-08,5,Terra,MODIS,100,6.1NRT,304.71,469.14,N
-3.54975,-48.17578,406.89,1.22,1.1,2026-09-08,5,Terra,MODIS,100,6.1NRT,305.0,392.05,N
-3.54163,-48.18768,344.61,1.21,1.1,2026-09-08,5,Terra,MODIS,100,6.1NRT,296.37,64.9,N
-3.54012,-48.17708,319.83,1.22,1.1,2026-09-08,5,Terra,MODIS,99,6.1NRT,296.06,19.99,N
-3.32952,-44.59437,317.21,2.24,1.45,2026-09-08,5,Terra,MODIS,94,6.1NRT,293.8,43.15,N
-4.06774,-56.29407,301.5,1.93,1.36,2026-09-08,7,Terra,MODIS,42,6.1NRT,287.29,8.42,N
-4.06696,-55.78146,304.15,1.76,1.3,2026-09-08,7,Terra,MODIS,59,6.1NRT,293.12,8.61,N
-3.88996,-55.83208,308.94,1.77,1.3,2026-09-08,7,Terra,MODIS,76,6.1NRT,292.13,17.16,N
-3.88791,-55.81679,313.04,1.76,1.3,2026-09-08,7,Terra,MODIS,86,6.1NRT,293.45,24.06,N
-3.81833,-55.89507,306.52,1.78,1.31,2026-09-08,7,Terra,MODIS,67,6.1NRT,294.47,11.45,N
-3.71468,-51.14188,305.59,1.0,1.0,2026-09-08,7,Terra,MODIS,58,6.1NRT,295.22,4.9,N
-3.70376,-55.4762,307.21,1.65,1.26,2026-09-08,7,Terra,MODIS,69,6.1NRT,295.17,9.46,N
-3.68727,-49.54227,308.64,1.05,1.02,2026-09-08,7,Terra,MODIS,71,6.1NRT,296.51,7.24,N
-3.68599,-49.53306,317.71,1.05,1.02,2026-09-08,7,Terra,MODIS,95,6.1NRT,295.96,14.89,N
-3.49226,-50.60513,307.02,1.0,1.0,2026-09-08,7,Terra,MODIS,64,6.1NRT,295.88,5.51,N
-3.44144,-53.05008,312.51,1.13,1.06,2026-09-08,7,Terra,MODIS,83,6.1NRT,295.62,11.44,N
-3.3712,-50.39502,317.33,1.01,1.0,2026-09-08,7,Terra,MODIS,94,6.1NRT,296.38,12.9,N
-3.36238,-50.39627,309.57,1.01,1.0,2026-09-08,7,Terra,MODIS,74,6.1NRT,295.91,7.03,N
-3.34063,-53.41,307.76,1.18,1.08,2026-09-08,7,Terra,MODIS,69,6.1NRT,295.54,7.64,N
-3.26659,-50.02949,307.43,1.02,1.01,2026-09-08,7,Terra,MODIS,67,6.1NRT,295.75,5.66,N
-3.24397,-47.25632,315.97,1.4,1.17,2026-09-08,7,Terra,MODIS,92,6.1NRT,295.67,20.26,N
-3.24221,-47.24405,325.34,1.41,1.17,2026-09-08,7,Terra,MODIS,100,6.1NRT,295.67,35.44,N
-3.06678,-49.52182,318.42,1.06,1.03,2026-09-08,7,Terra,MODIS,97,6.1NRT,295.86,15.39,N
-3.05414,-59.28027,300.8,3.26,1.71,2026-09-08,7,Terra,MODIS,10,6.1NRT,284.75,17.17,N
-2.9792,-47.33746,309.29,1.4,1.17,2026-09-08,7,Terra,MODIS,75,6.1NRT,296.29,10.58,N
-2.97708,-49.27588,304.26,1.09,1.04,2026-09-08,7,Terra,MODIS,48,6.1NRT,290.66,4.98,N
-2.97575,-49.26637,303.76,1.09,1.04,2026-09-08,7,Terra,MODIS,38,6.1NRT,292.09,4.66,N
-2.97062,-49.56061,313.68,1.06,1.03,2026-09-08,7,Terra,MODIS,86,6.1NRT,295.93,10.96,N
-2.96891,-47.33881,310.95,1.4,1.17,2026-09-08,7,Terra,MODIS,80,6.1NRT,295.12,12.27,N
-2.88286,-50.45824,310.76,1.01,1.0,2026-09-08,7,Terra,MODIS,22,6.1NRT,296.68,6.53,N
-2.84298,-53.98669,306.41,1.26,1.11,2026-09-08,7,Terra,MODIS,63,6.1NRT,295.32,7.39,N
-2.75788,-49.48884,306.05,1.07,1.03,2026-09-08,7,Terra,MODIS,58,6.1NRT,295.94,4.32,N
-2.75658,-49.47947,316.19,1.07,1.03,2026-09-08,7,Terra,MODIS,92,6.1NRT,297.15,12.64,N
-2.73336,-51.3812,311.66,1.0,1.0,2026-09-08,7,Terra,MODIS,80,6.1NRT,295.7,8.28,N
-2.72957,-51.82839,311.95,1.02,1.01,2026-09-08,7,Terra,MODIS,81,6.1NRT,296.04,9.0,N
-2.63351,-46.77534,316.92,1.55,1.23,2026-09-08,7,Terra,MODIS,94,6.1NRT,295.99,23.77,N
-2.60963,-51.21744,308.59,1.0,1.0,2026-09-08,7,Terra,MODIS,71,6.1NRT,295.8,6.34,N
-2.55184,-48.42831,309.16,1.21,1.09,2026-09-08,7,Terra,MODIS,74,6.1NRT,294.33,9.2,N
-2.425,-48.94482,331.46,1.14,1.06,2026-09-08,7,Terra,MODIS,100,6.1NRT,295.15,35.25,N
-2.30631,-48.57766,309.85,1.19,1.09,2026-09-08,7,Terra,MODIS,76,6.1NRT,295.47,8.49,N
-1.97202,-56.49714,319.94,1.86,1.33,2026-09-08,7,Terra,MODIS,99,6.1NRT,290.23,39.57,N
-1.87347,-47.98465,305.8,1.31,1.14,2026-09-08,7,Terra,MODIS,59,6.1NRT,295.17,6.04,N
-1.70836,-55.17528,317.45,1.46,1.19,2026-09-08,7,Terra,MODIS,95,6.1NRT,294.72,23.0,N
-1.4797,-54.85458,306.77,1.37,1.16,2026-09-08,7,Terra,MODIS,60,6.1NRT,295.0,6.71,N
-1.47804,-54.84263,357.69,1.37,1.16,2026-09-08,7,Terra,MODIS,100,6.1NRT,296.52,122.87,N
-1.2033,-55.75164,306.97,1.58,1.24,2026-09-08,7,Terra,MODIS,4,6.1NRT,293.34,8.83,N
-1.20142,-55.73789,308.28,1.58,1.24,2026-09-08,7,Terra,MODIS,20,6.1NRT,293.82,10.35,N
-1.19952,-55.72404,309.25,1.57,1.24,2026-09-08,7,Terra,MODIS,45,6.1NRT,293.52,11.72,N
-1.19762,-55.71014,308.8,1.57,1.23,2026-09-08,7,Terra,MODIS,35,6.1NRT,293.34,11.1,N
-1.09532,-48.05595,306.19,1.33,1.14,2026-09-08,7,Terra,MODIS,62,6.1NRT,294.06,8.26,N
-0.9323,-47.18967,308.37,1.54,1.22,2026-09-08,7,Terra,MODIS,72,6.1NRT,293.07,13.54,N
2.06201,-50.83992,302.79,1.04,1.02,2026-09-08,7,Terra,MODIS,51,6.1NRT,284.12,4.52,N
2.51127,-50.8582,304.07,1.05,1.02,2026-09-08,7,Terra,MODIS,58,6.1NRT,289.0,4.14,N
3.32256,-61.31914,302.57,3.73,1.81,2026-09-08,9,Terra,MODIS,50,6.1NRT,288.18,19.61,N
5.08631,-52.60181,303.12,1.0,1.0,2026-09-08,9,Terra,MODIS,50,6.1NRT,289.54,4.03,N
-32.80661,-70.95023,312.7,1.09,1.04,2026-09-08,137,Terra,MODIS,85,6.1NRT,281.77,17.04,N
-27.2628,-65.10086,310.98,1.62,1.25,2026-09-08,137,Terra,MODIS,81,6.1NRT,276.69,30.37,N
-27.26,-65.08492,319.23,1.63,1.26,2026-09-08,137,Terra,MODIS,98,6.1NRT,277.83,44.59,N
-26.09479,-64.17716,306.61,1.98,1.37,2026-09-08,139,Terra,MODIS,69,6.1NRT,279.1,31.35,N
-24.43909,-62.78968,317.49,2.71,1.58,2026-09-08,139,Terra,MODIS,95,6.1NRT,282.36,81.12,N
-24.4302,-62.7862,316.05,2.71,1.58,2026-09-08,139,Terra,MODIS,92,6.1NRT,282.61,75.41,N
-23.45207,-61.62044,305.36,3.47,1.75,2026-09-08,139,Terra,MODIS,64,6.1NRT,281.53,57.92,N
-23.44757,-61.61619,303.88,3.47,1.75,2026-09-08,139,Terra,MODIS,57,6.1NRT,280.96,49.47,N
-18.88231,-63.07027,300.23,3.43,1.74,2026-09-08,139,Terra,MODIS,22,6.1NRT,285.6,32.24,N
-16.95983,-63.38078,308.53,3.57,1.77,2026-09-08,139,Terra,MODIS,75,6.1NRT,284.98,66.73,N
-16.95472,-63.3765,313.52,3.57,1.77,2026-09-08,139,Terra,MODIS,87,6.1NRT,285.05,84.25,N
-16.95382,-63.34838,301.58,3.6,1.78,2026-09-08,139,Terra,MODIS,42,6.1NRT,284.98,40.16,N
3.41839,-72.3343,308.5,1.65,1.26,2026-09-08,147,Terra,MODIS,70,6.1NRT,288.64,18.06,N
-11.48909,-51.11348,320.73,1.02,1.01,2026-09-08,659,Aqua,MODIS,100,6.1NRT,291.81,18.26,N
-11.48022,-51.11215,330.85,1.02,1.01,2026-09-08,659,Aqua,MODIS,100,6.1NRT,291.98,30.29,N
-7.06446,-56.46572,307.91,1.88,1.34,2026-09-08,659,Aqua,MODIS,73,6.1NRT,287.86,24.52,N
-6.57431,-51.09395,310.79,1.0,1.0,2026-09-08,659,Aqua,MODIS,81,6.1NRT,293.2,9.38,N
-6.57298,-51.1027,312.66,1.0,1.0,2026-09-08,659,Aqua,MODIS,85,6.1NRT,292.72,10.77,N
-4.97867,-50.63803,303.65,1.0,1.0,2026-09-08,659,Aqua,MODIS,56,6.1NRT,292.44,5.57,N
-4.4773,-48.18453,309.03,1.16,1.07,2026-09-08,659,Aqua,MODIS,76,6.1NRT,293.6,10.55,N
-4.36335,-47.77673,318.3,1.21,1.1,2026-09-08,659,Aqua,MODIS,97,6.1NRT,293.68,20.8,N
-4.10627,-49.05795,307.69,1.05,1.03,2026-09-08,659,Aqua,MODIS,72,6.1NRT,295.39,7.07,N
-4.10491,-49.06713,305.4,1.05,1.02,2026-09-08,659,Aqua,MODIS,64,6.1NRT,295.13,5.42,N
-4.04463,-50.87529,304.15,1.01,1.0,2026-09-08,659,Aqua,MODIS,59,6.1NRT,293.26,4.7,N
-4.03586,-50.87399,305.16,1.01,1.0,2026-09-08,659,Aqua,MODIS,63,6.1NRT,293.85,5.38,N
-3.5458,-48.17083,333.75,1.13,1.06,2026-09-08,659,Aqua,MODIS,100,6.1NRT,296.66,39.43,N
-3.54432,-48.18068,366.89,1.13,1.06,2026-09-08,659,Aqua,MODIS,100,6.1NRT,299.09,126.26,N
-3.2471,-50.82645,305.68,1.01,1.0,2026-09-08,659,Aqua,MODIS,65,6.1NRT,294.53,5.46,N
-3.24522,-47.24413,303.46,1.26,1.12,2026-09-08,659,Aqua,MODIS,52,6.1NRT,293.33,6.0,N
-3.24259,-47.24831,306.46,1.26,1.12,2026-09-08,659,Aqua,MODIS,68,6.1NRT,293.39,8.93,N
-3.06646,-49.51616,309.32,1.01,1.01,2026-09-08,659,Aqua,MODIS,77,6.1NRT,294.62,8.14,N
-15.80077,-61.83809,304.28,3.34,1.72,2026-09-08,701,Aqua,MODIS,32,6.1NRT,285.06,40.45,N
-15.795,-61.86803,312.6,3.35,1.73,2026-09-08,701,Aqua,MODIS,85,6.1NRT,284.99,73.23,N
-15.79157,-61.80516,318.69,3.32,1.72,2026-09-08,701,Aqua,MODIS,97,6.1NRT,285.88,100.77,N
-15.7858,-61.83495,304.16,3.34,1.72,2026-09-08,701,Aqua,MODIS,54,6.1NRT,285.06,41.01,N
-15.77993,-61.86527,301.8,3.35,1.73,2026-09-08,701,Aqua,MODIS,28,6.1NRT,284.82,33.72,N
-13.30571,-45.23985,301.25,2.56,1.54,2026-09-08,701,Aqua,MODIS,39,6.1NRT,288.67,17.77,N
-13.29499,-45.21523,325.19,2.57,1.54,2026-09-08,701,Aqua,MODIS,100,6.1NRT,289.33,92.82,N
-13.29223,-45.23798,316.2,2.56,1.54,2026-09-08,701,Aqua,MODIS,93,6.1NRT,289.23,57.05,N
-13.27925,-61.768,301.74,3.73,1.81,2026-09-08,701,Aqua,MODIS,44,6.1NRT,286.3,39.63,N
-13.27131,-61.77398,300.78,3.73,1.81,2026-09-08,701,Aqua,MODIS,33,6.1NRT,286.26,36.33,N
-8.27119,-42.11216,308.58,3.3,1.72,2026-09-08,1049,Terra,MODIS,48,6.1NRT,293.89,21.56,D
-6.97013,-37.99797,312.01,1.65,1.26,2026-09-08,1049,Terra,MODIS,51,6.1NRT,299.73,8.89,D
-13.04304,-42.30295,316.35,2.76,1.59,2026-09-08,1051,Terra,MODIS,73,6.1NRT,296.42,36.91,D
-12.3872,-43.44146,308.97,3.49,1.76,2026-09-08,1051,Terra,MODIS,44,6.1NRT,293.53,27.1,D
-12.37638,-43.43356,313.23,3.49,1.76,2026-09-08,1051,Terra,MODIS,56,6.1NRT,293.22,44.42,D
1.48229,-50.86414,317.23,1.87,1.34,2026-09-08,1225,Terra,MODIS,73,6.1NRT,292.96,23.52,D
-5.28911,-60.11309,320.39,1.18,1.08,2026-09-08,1227,Terra,MODIS,77,6.1NRT,294.39,16.45,D
-5.2876,-60.12347,316.79,1.18,1.08,2026-09-08,1227,Terra,MODIS,71,6.1NRT,295.73,11.83,D
-5.13974,-56.27094,312.55,1.05,1.02,2026-09-08,1227,Terra,MODIS,67,6.1NRT,300.71,7.6,D
-4.98563,-50.63884,314.69,2.5,1.52,2026-09-08,1227,Terra,MODIS,69,6.1NRT,297.43,24.42,D
-4.67575,-55.63237,314.88,1.1,1.05,2026-09-08,1227,Terra,MODIS,70,6.1NRT,299.47,10.43,D
-4.66652,-55.6312,312.38,1.1,1.05,2026-09-08,1227,Terra,MODIS,45,6.1NRT,298.28,7.71,D
-4.03321,-52.07438,311.75,1.85,1.33,2026-09-08,1227,Terra,MODIS,62,6.1NRT,299.22,17.17,D
-3.96203,-58.95864,307.37,1.08,1.04,2026-09-08,1227,Terra,MODIS,33,6.1NRT,292.78,4.34,D
-3.95858,-59.35696,310.96,1.12,1.05,2026-09-08,1227,Terra,MODIS,65,6.1NRT,295.02,7.34,D
-3.9529,-58.95736,309.79,1.08,1.04,2026-09-08,1227,Terra,MODIS,63,6.1NRT,292.15,6.46,D
-3.90177,-52.27601,311.6,1.77,1.3,2026-09-08,1227,Terra,MODIS,62,6.1NRT,296.59,15.81,D
-3.89482,-55.81815,309.51,1.07,1.03,2026-09-08,1227,Terra,MODIS,55,6.1NRT,294.72,4.53,D
-3.82644,-53.76987,343.28,1.37,1.16,2026-09-08,1227,Terra,MODIS,92,6.1NRT,298.63,70.83,D
-3.82482,-53.78178,309.29,1.37,1.16,2026-09-08,1227,Terra,MODIS,38,6.1NRT,297.41,6.49,D
-3.8188,-53.76259,310.0,1.37,1.16,2026-09-08,1227,Terra,MODIS,52,6.1NRT,297.94,7.02,D
-3.79452,-55.87444,311.96,1.06,1.03,2026-09-08,1227,Terra,MODIS,63,6.1NRT,299.79,6.63,D
-3.77434,-58.8526,306.26,1.07,1.03,2026-09-08,1227,Terra,MODIS,52,6.1NRT,280.47,6.55,D
-3.70621,-58.94279,305.28,1.08,1.04,2026-09-08,1227,Terra,MODIS,38,6.1NRT,287.39,4.36,D
-3.64426,-59.54719,307.18,1.15,1.07,2026-09-08,1227,Terra,MODIS,56,6.1NRT,291.95,5.14,D
-3.55456,-48.18345,320.45,3.75,1.81,2026-09-08,1227,Terra,MODIS,76,6.1NRT,292.26,100.93,D
-3.54551,-48.1773,327.43,3.75,1.81,2026-09-08,1227,Terra,MODIS,82,6.1NRT,292.65,153.81,D
-3.53866,-48.18132,312.55,3.75,1.81,2026-09-08,1227,Terra,MODIS,52,6.1NRT,292.36,50.57,D
-3.37969,-59.42328,317.91,1.14,1.06,2026-09-08,1227,Terra,MODIS,66,6.1NRT,298.95,11.28,D
-3.29921,-54.82382,313.28,1.17,1.07,2026-09-08,1227,Terra,MODIS,30,6.1NRT,301.61,7.87,D
-3.19287,-52.00488,312.7,1.81,1.32,2026-09-08,1227,Terra,MODIS,60,6.1NRT,298.81,13.05,D
-3.15234,-60.6529,319.22,1.36,1.15,2026-09-08,1227,Terra,MODIS,75,6.1NRT,290.16,21.05,D
-3.05857,-59.26812,313.74,1.13,1.06,2026-09-08,1227,Terra,MODIS,66,6.1NRT,296.73,8.54,D
-2.8258,-49.22794,309.84,3.0,1.65,2026-09-08,1227,Terra,MODIS,53,6.1NRT,294.37,23.92,D
-2.82295,-56.86419,328.3,1.0,1.0,2026-09-08,1227,Terra,MODIS,83,6.1NRT,301.48,21.58,D
-2.8217,-56.87296,344.7,1.0,1.0,2026-09-08,1227,Terra,MODIS,93,6.1NRT,300.81,46.45,D
-2.81413,-56.86298,327.25,1.0,1.0,2026-09-08,1227,Terra,MODIS,82,6.1NRT,299.78,20.09,D
-2.81287,-56.87175,355.76,1.0,1.0,2026-09-08,1227,Terra,MODIS,98,6.1NRT,300.81,70.11,D
-2.76307,-49.47839,326.63,2.86,1.61,2026-09-08,1227,Terra,MODIS,82,6.1NRT,294.8,89.88,D
-2.75953,-49.47125,332.39,2.86,1.61,2026-09-08,1227,Terra,MODIS,86,6.1NRT,295.15,126.21,D
-2.75605,-49.49603,321.11,2.84,1.61,2026-09-08,1227,Terra,MODIS,77,6.1NRT,294.09,64.11,D
-2.74888,-49.47652,323.92,2.86,1.61,2026-09-08,1227,Terra,MODIS,80,6.1NRT,294.42,79.55,D
-1.70924,-55.16861,313.61,1.09,1.04,2026-09-08,1227,Terra,MODIS,61,6.1NRT,300.05,6.09,D
-1.70791,-55.17811,312.59,1.08,1.04,2026-09-08,1227,Terra,MODIS,58,6.1NRT,299.23,5.12,D
-1.47836,-54.8441,313.93,1.12,1.05,2026-09-08,1227,Terra,MODIS,34,6.1NRT,300.65,6.19,D
-1.31923,-53.13991,314.43,1.4,1.17,2026-09-08,1227,Terra,MODIS,54,6.1NRT,301.23,12.74,D
2.03945,-55.84009,310.71,1.0,1.0,2026-09-08,1227,Terra,MODIS,65,6.1NRT,287.26,5.65,D
-13.28603,-61.77554,312.0,1.17,1.08,2026-09-08,1229,Terra,MODIS,22,6.1NRT,293.59,8.12,D
-13.27654,-61.77406,315.08,1.17,1.08,2026-09-08,1229,Terra,MODIS,48,6.1NRT,295.58,11.2,D
-13.27491,-61.78456,314.46,1.17,1.08,2026-09-08,1229,Terra,MODIS,57,6.1NRT,294.06,10.83,D
-13.26311,-61.70164,318.71,1.16,1.07,2026-09-08,1229,Terra,MODIS,37,6.1NRT,293.74,12.91,D
-13.2237,-61.70618,317.91,1.16,1.07,2026-09-08,1229,Terra,MODIS,68,6.1NRT,294.64,13.32,D
-13.2155,-61.82323,312.63,1.18,1.08,2026-09-08,1229,Terra,MODIS,44,6.1NRT,293.78,8.79,D
-13.20598,-61.82174,312.08,1.18,1.08,2026-09-08,1229,Terra,MODIS,29,6.1NRT,293.78,8.51,D
-12.60268,-64.0321,322.44,1.67,1.27,2026-09-08,1229,Terra,MODIS,72,6.1NRT,293.27,34.88,D
-10.83327,-60.80055,334.93,1.11,1.05,2026-09-08,1229,Terra,MODIS,88,6.1NRT,296.95,33.73,D
-10.8318,-60.8105,332.04,1.12,1.05,2026-09-08,1229,Terra,MODIS,84,6.1NRT,295.52,29.71,D
-10.8147,-60.79777,316.53,1.11,1.05,2026-09-08,1229,Terra,MODIS,36,6.1NRT,297.42,9.89,D
-10.81323,-60.8077,324.01,1.12,1.05,2026-09-08,1229,Terra,MODIS,79,6.1NRT,295.53,19.55,D
-8.72344,-62.44283,313.61,1.49,1.2,2026-09-08,1229,Terra,MODIS,12,6.1NRT,295.84,10.32,D
-8.55826,-63.88546,309.14,1.92,1.35,2026-09-08,1229,Terra,MODIS,38,6.1NRT,293.2,11.65,D
-7.11535,-56.51033,316.4,1.06,1.03,2026-09-08,1229,Terra,MODIS,70,6.1NRT,298.66,10.81,D
-7.07651,-56.45705,313.28,1.07,1.03,2026-09-08,1229,Terra,MODIS,40,6.1NRT,295.31,7.96,D
-7.0752,-56.46645,334.77,1.07,1.03,2026-09-08,1229,Terra,MODIS,88,6.1NRT,296.34,33.95,D
-7.06611,-56.46519,327.64,1.07,1.03,2026-09-08,1229,Terra,MODIS,83,6.1NRT,297.73,24.25,D
-7.0648,-56.47457,324.92,1.07,1.03,2026-09-08,1229,Terra,MODIS,81,6.1NRT,297.01,20.67,D
-6.87829,-55.61429,309.64,1.16,1.07,2026-09-08,1229,Terra,MODIS,60,6.1NRT,297.66,6.71,D
-6.22706,-55.62112,310.31,1.14,1.06,2026-09-08,1229,Terra,MODIS,64,6.1NRT,296.15,6.11,D
-23.68622,-61.19224,301.6,1.0,1.0,2026-09-08,1232,Terra,MODIS,33,6.1NRT,288.9,4.73,D
-23.68487,-61.20189,303.81,1.0,1.0,2026-09-08,1232,Terra,MODIS,54,6.1NRT,287.42,6.65,D
-23.5966,-60.71489,371.86,1.02,1.01,2026-09-08,1232,Terra,MODIS,100,6.1NRT,297.98,125.49,D
-23.59526,-60.72468,342.68,1.02,1.01,2026-09-08,1232,Terra,MODIS,93,6.1NRT,293.98,48.81,D
-23.4392,-58.84296,307.44,1.18,1.08,2026-09-08,1232,Terra,MODIS,65,6.1NRT,291.17,7.98,D
-23.43228,-61.6202,314.47,1.0,1.0,2026-09-08,1232,Terra,MODIS,75,6.1NRT,291.08,12.94,D
-23.16896,-61.52859,324.69,1.0,1.0,2026-09-08,1232,Terra,MODIS,83,6.1NRT,293.41,21.82,D
-23.16011,-61.52714,334.85,1.0,1.0,2026-09-08,1232,Terra,MODIS,89,6.1NRT,293.42,33.99,D
-23.05629,-60.76148,310.66,1.01,1.01,2026-09-08,1232,Terra,MODIS,70,6.1NRT,294.02,8.52,D
-22.9847,-60.54571,308.32,1.02,1.01,2026-09-08,1232,Terra,MODIS,67,6.1NRT,293.37,6.55,D
-22.93666,-65.30617,304.2,1.37,1.16,2026-09-08,1232,Terra,MODIS,58,6.1NRT,285.81,9.67,D
-22.81098,-63.49038,303.41,1.1,1.05,2026-09-08,1232,Terra,MODIS,54,6.1NRT,289.85,5.72,D
-22.1285,-61.39828,304.74,1.0,1.0,2026-09-08,1232,Terra,MODIS,44,6.1NRT,291.0,4.64,D
-22.12714,-61.40778,307.36,1.0,1.0,2026-09-08,1232,Terra,MODIS,64,6.1NRT,290.42,6.16,D
-22.11965,-61.39685,316.29,1.0,1.0,2026-09-08,1232,Terra,MODIS,77,6.1NRT,291.45,13.21,D
-22.11829,-61.40635,327.66,1.0,1.0,2026-09-08,1232,Terra,MODIS,85,6.1NRT,291.88,24.69,D
-21.31999,-63.93695,301.64,1.2,1.09,2026-09-08,1232,Terra,MODIS,45,6.1NRT,290.07,5.2,D
-20.53694,-58.19064,361.15,1.19,1.08,2026-09-08,1232,Terra,MODIS,100,6.1NRT,285.42,104.77,D
-20.52732,-58.1893,320.25,1.19,1.08,2026-09-08,1232,Terra,MODIS,44,6.1NRT,283.48,14.38,D
-20.38648,-58.72469,327.06,1.12,1.05,2026-09-08,1232,Terra,MODIS,84,6.1NRT,295.26,24.41,D
-19.66512,-60.83181,302.95,1.0,1.0,2026-09-08,1232,Terra,MODIS,48,6.1NRT,283.46,4.9,D
-16.07205,-61.67366,309.19,1.08,1.04,2026-09-08,1232,Terra,MODIS,63,6.1NRT,291.66,7.09,D
-33.81638,-59.14093,300.25,1.51,1.21,2026-09-08,1234,Terra,MODIS,0,6.1NRT,286.23,9.34,D
-33.51719,-58.96539,327.19,1.54,1.22,2026-09-08,1234,Terra,MODIS,85,6.1NRT,286.13,50.78,D
-32.88659,-60.14939,307.42,1.29,1.13,2026-09-08,1234,Terra,MODIS,65,6.1NRT,286.29,14.03,D
-32.10826,-68.23574,303.88,1.42,1.18,2026-09-08,1234,Terra,MODIS,57,6.1NRT,281.89,11.02,D
-32.10332,-68.22772,306.6,1.42,1.18,2026-09-08,1234,Terra,MODIS,64,6.1NRT,281.94,13.93,D
-31.06561,-58.11284,319.98,1.62,1.25,2026-09-08,1234,Terra,MODIS,80,6.1NRT,285.35,39.87,D
-30.68294,-60.0532,301.29,1.23,1.1,2026-09-08,1234,Terra,MODIS,46,6.1NRT,285.01,7.66,D
-30.50797,-61.05583,303.35,1.11,1.05,2026-09-08,1234,Terra,MODIS,56,6.1NRT,285.77,7.53,D
-30.49864,-61.05432,302.24,1.11,1.05,2026-09-08,1234,Terra,MODIS,51,6.1NRT,286.28,6.74,D
-28.60299,-62.58191,310.01,1.0,1.0,2026-09-08,1234,Terra,MODIS,69,6.1NRT,286.29,10.96,D
-28.60157,-62.59195,312.19,1.0,1.0,2026-09-08,1234,Terra,MODIS,72,6.1NRT,286.29,12.5,D
-28.46929,-62.54592,330.51,1.0,1.0,2026-09-08,1234,Terra,MODIS,87,6.1NRT,286.68,30.83,D
-28.46787,-62.55595,301.63,1.0,1.0,2026-09-08,1234,Terra,MODIS,48,6.1NRT,286.33,5.41,D
-28.2957,-65.1074,301.53,1.12,1.06,2026-09-08,1234,Terra,MODIS,47,6.1NRT,287.76,6.22,D
-28.23343,-62.7174,301.47,1.0,1.0,2026-09-08,1234,Terra,MODIS,47,6.1NRT,288.9,4.58,D
-27.92071,-64.2061,302.1,1.05,1.02,2026-09-08,1234,Terra,MODIS,51,6.1NRT,285.67,6.39,D
-27.89512,-57.39989,300.14,1.64,1.26,2026-09-08,1234,Terra,MODIS,29,6.1NRT,287.13,9.44,D
-27.85551,-64.68669,311.04,1.09,1.04,2026-09-08,1234,Terra,MODIS,71,6.1NRT,288.09,12.6,D
-27.85381,-64.69757,303.98,1.09,1.04,2026-09-08,1234,Terra,MODIS,58,6.1NRT,288.76,7.2,D
-27.74304,-57.76077,310.46,1.54,1.22,2026-09-08,1234,Terra,MODIS,61,6.1NRT,287.83,21.12,D
-27.26156,-65.08779,300.03,1.15,1.07,2026-09-08,1234,Terra,MODIS,21,6.1NRT,286.13,5.69,D
-27.18822,-62.80963,302.03,1.0,1.0,2026-09-08,1234,Terra,MODIS,50,6.1NRT,288.21,4.97,D
-27.18033,-61.28261,300.66,1.03,1.02,2026-09-08,1234,Terra,MODIS,39,6.1NRT,289.83,3.41,D
-27.12803,-62.65063,304.7,1.0,1.0,2026-09-08,1234,Terra,MODIS,60,6.1NRT,289.9,6.13,D
-27.1266,-62.66053,301.97,1.0,1.0,2026-09-08,1234,Terra,MODIS,49,6.1NRT,290.81,4.8,D
-27.073,-60.42161,300.95,1.09,1.04,2026-09-08,1234,Terra,MODIS,43,6.1NRT,289.77,4.84,D
-27.06741,-63.12894,301.64,1.01,1.0,2026-09-08,1234,Terra,MODIS,48,6.1NRT,289.15,5.28,D
-27.06662,-62.30907,309.22,1.0,1.0,2026-09-08,1234,Terra,MODIS,68,6.1NRT,289.39,8.91,D
-27.01271,-56.67764,330.56,1.79,1.31,2026-09-08,1234,Terra,MODIS,87,6.1NRT,290.87,69.62,D
-26.97754,-61.42398,300.41,1.02,1.01,2026-09-08,1234,Terra,MODIS,36,6.1NRT,289.62,3.87,D
-26.88695,-62.46786,304.85,1.0,1.0,2026-09-08,1234,Terra,MODIS,39,6.1NRT,291.69,5.68,D
-26.87951,-62.45644,304.79,1.0,1.0,2026-09-08,1234,Terra,MODIS,36,6.1NRT,290.58,5.74,D
-26.76913,-62.19236,302.78,1.0,1.0,2026-09-08,1234,Terra,MODIS,54,6.1NRT,291.55,4.17,D
-26.7091,-62.68371,309.91,1.0,1.0,2026-09-08,1234,Terra,MODIS,69,6.1NRT,290.23,10.34,D
-26.70767,-62.69358,306.82,1.0,1.0,2026-09-08,1234,Terra,MODIS,64,6.1NRT,288.84,8.22,D
-26.69555,-60.98857,308.87,1.04,1.02,2026-09-08,1234,Terra,MODIS,68,6.1NRT,290.72,9.05,D
-26.68565,-65.1286,300.46,1.18,1.08,2026-09-08,1234,Terra,MODIS,37,6.1NRT,284.96,7.1,D
-26.65833,-64.93444,321.65,1.15,1.07,2026-09-08,1234,Terra,MODIS,81,6.1NRT,286.74,26.02,D
-26.60856,-62.09824,304.49,1.0,1.0,2026-09-08,1234,Terra,MODIS,59,6.1NRT,290.59,6.05,D
-26.55348,-57.38512,307.41,1.58,1.24,2026-09-08,1234,Terra,MODIS,65,6.1NRT,288.57,15.52,D
-26.55036,-57.39478,307.66,1.57,1.24,2026-09-08,1234,Terra,MODIS,51,6.1NRT,288.26,14.43,D
-26.53764,-57.43026,311.78,1.57,1.23,2026-09-08,1234,Terra,MODIS,72,6.1NRT,288.34,20.9,D
-26.53595,-57.42436,307.53,1.57,1.23,2026-09-08,1234,Terra,MODIS,66,6.1NRT,288.42,15.56,D
-26.53424,-57.4398,300.44,1.56,1.23,2026-09-08,1234,Terra,MODIS,37,6.1NRT,287.25,8.8,D
-26.51447,-57.10058,328.07,1.65,1.26,2026-09-08,1234,Terra,MODIS,85,6.1NRT,287.39,55.51,D
-26.50696,-62.99073,303.0,1.01,1.0,2026-09-08,1234,Terra,MODIS,54,6.1NRT,290.28,5.48,D
-26.16351,-54.39818,304.93,2.54,1.53,2026-09-08,1234,Terra,MODIS,60,6.1NRT,287.06,26.08,D
-26.098,-64.16734,301.21,1.09,1.04,2026-09-08,1234,Terra,MODIS,45,6.1NRT,290.67,4.42,D
-26.09519,-62.20449,301.25,1.0,1.0,2026-09-08,1234,Terra,MODIS,40,6.1NRT,289.34,3.84,D
-25.89776,-64.08424,318.83,1.09,1.04,2026-09-08,1234,Terra,MODIS,64,6.1NRT,290.26,16.53,D
-25.87022,-64.07907,310.73,1.09,1.04,2026-09-08,1234,Terra,MODIS,29,6.1NRT,289.68,9.34,D
-25.86856,-64.08965,332.35,1.09,1.04,2026-09-08,1234,Terra,MODIS,88,6.1NRT,291.47,34.09,D
-25.8669,-64.10023,334.64,1.09,1.04,2026-09-08,1234,Terra,MODIS,89,6.1NRT,291.66,37.46,D
-25.00017,-60.39339,302.28,1.06,1.03,2026-09-08,1234,Terra,MODIS,51,6.1NRT,291.03,5.25,D
-24.83965,-65.17876,305.79,1.25,1.11,2026-09-08,1234,Terra,MODIS,43,6.1NRT,287.27,9.44,D
-24.83922,-65.17227,308.29,1.25,1.11,2026-09-08,1234,Terra,MODIS,67,6.1NRT,287.31,11.66,D
-24.71657,-63.11484,352.32,1.04,1.02,2026-09-08,1234,Terra,MODIS,97,6.1NRT,292.61,70.9,D
-24.71505,-63.12486,303.33,1.04,1.02,2026-09-08,1234,Terra,MODIS,56,6.1NRT,290.91,5.51,D
-24.45118,-63.4651,316.82,1.06,1.03,2026-09-08,1234,Terra,MODIS,77,6.1NRT,291.52,14.78,D
-24.44961,-63.47536,306.33,1.07,1.03,2026-09-08,1234,Terra,MODIS,63,6.1NRT,291.71,6.09,D
-24.33065,-64.05936,310.88,1.12,1.06,2026-09-08,1234,Terra,MODIS,71,6.1NRT,291.3,11.58,D
-24.18841,-61.16195,311.43,1.01,1.0,2026-09-08,1234,Terra,MODIS,66,6.1NRT,288.98,11.0,D
-24.18706,-61.17168,315.13,1.01,1.0,2026-09-08,1234,Terra,MODIS,75,6.1NRT,291.91,13.87,D
-9.43526,-37.77549,317.96,4.54,1.96,2026-09-08,1737,Aqua,MODIS,70,6.1NRT,302.3,48.74,D
-9.43189,-37.78368,317.09,4.54,1.96,2026-09-08,1737,Aqua,MODIS,69,6.1NRT,302.57,40.89,D
-6.95163,-38.21356,318.27,4.5,1.95,2026-09-08,1737,Aqua,MODIS,65,6.1NRT,304.28,55.09,D
-6.48193,-38.38833,317.74,4.57,1.96,2026-09-08,1737,Aqua,MODIS,63,6.1NRT,303.83,54.81,D
-33.05146,-58.31656,303.31,4.34,1.92,2026-09-08,1906,Aqua,MODIS,42,6.1NRT,289.51,46.17,D
-33.04898,-58.27083,311.42,4.31,1.92,2026-09-08,1906,Aqua,MODIS,62,6.1NRT,289.34,90.33,D
-33.04516,-58.27909,315.45,4.31,1.92,2026-09-08,1906,Aqua,MODIS,66,6.1NRT,289.59,116.49,D
-31.80071,-54.73023,303.36,2.39,1.49,2026-09-08,1908,Aqua,MODIS,35,6.1NRT,289.24,17.78,D
-31.79841,-54.70524,309.47,2.38,1.49,2026-09-08,1908,Aqua,MODIS,69,6.1NRT,288.9,31.5,D
-31.79672,-54.72581,308.55,2.39,1.49,2026-09-08,1908,Aqua,MODIS,67,6.1NRT,289.23,31.94,D
-31.79459,-54.70085,304.59,2.38,1.49,2026-09-08,1908,Aqua,MODIS,59,6.1NRT,288.68,22.83,D
-31.06955,-53.08972,300.32,1.8,1.32,2026-09-08,1908,Aqua,MODIS,32,6.1NRT,290.28,8.56,D
-30.78929,-56.6213,311.58,3.14,1.68,2026-09-08,1908,Aqua,MODIS,71,6.1NRT,292.22,48.28,D
-30.78921,-56.61452,309.9,3.14,1.68,2026-09-08,1908,Aqua,MODIS,69,6.1NRT,292.37,44.81,D
-30.08486,-59.25621,303.03,4.71,1.99,2026-09-08,1908,Aqua,MODIS,55,6.1NRT,292.25,39.38,D
-30.06806,-59.24934,302.37,4.71,1.99,2026-09-08,1908,Aqua,MODIS,52,6.1NRT,292.03,38.05,D
-29.63133,-57.56356,304.61,3.55,1.77,2026-09-08,1908,Aqua,MODIS,59,6.1NRT,292.46,32.73,D
-29.58955,-57.21577,305.19,3.35,1.73,2026-09-08,1908,Aqua,MODIS,61,6.1NRT,292.28,33.86,D
-29.53648,-57.84217,306.29,3.71,1.8,2026-09-08,1908,Aqua,MODIS,63,6.1NRT,292.58,38.12,D
-29.52892,-57.83842,306.25,3.71,1.8,2026-09-08,1908,Aqua,MODIS,63,6.1NRT,292.74,40.22,D
-29.40231,-58.88183,303.77,4.38,1.93,2026-09-08,1908,Aqua,MODIS,57,6.1NRT,292.3,39.54,D
-29.39172,-52.33307,321.47,1.53,1.22,2026-09-08,1908,Aqua,MODIS,81,6.1NRT,289.63,36.8,D
-29.39002,-52.31778,308.68,1.52,1.22,2026-09-08,1908,Aqua,MODIS,67,6.1NRT,288.82,16.8,D
-29.36957,-50.43084,303.97,1.19,1.08,2026-09-08,1908,Aqua,MODIS,58,6.1NRT,289.83,7.48,D
-29.369,-50.27358,311.62,1.17,1.08,2026-09-08,1908,Aqua,MODIS,72,6.1NRT,289.76,14.43,D
-29.32672,-56.92833,301.81,3.18,1.69,2026-09-08,1908,Aqua,MODIS,49,6.1NRT,291.39,21.07,D
-29.3263,-56.92171,303.98,3.18,1.69,2026-09-08,1908,Aqua,MODIS,58,6.1NRT,291.4,26.52,D
-29.30181,-57.39993,319.47,3.43,1.74,2026-09-08,1908,Aqua,MODIS,79,6.1NRT,292.66,94.65,D
-29.30104,-53.48415,305.08,1.81,1.32,2026-09-08,1908,Aqua,MODIS,61,6.1NRT,291.39,14.3,D
-29.2965,-53.47963,301.69,1.81,1.32,2026-09-08,1908,Aqua,MODIS,48,6.1NRT,291.25,8.97,D
-29.29079,-57.40563,361.25,3.43,1.74,2026-09-08,1908,Aqua,MODIS,100,6.1NRT,295.93,531.64,D
-29.28806,-57.37119,310.09,3.41,1.74,2026-09-08,1908,Aqua,MODIS,70,6.1NRT,292.34,49.34,D
-29.28634,-57.40149,354.12,3.43,1.74,2026-09-08,1908,Aqua,MODIS,97,6.1NRT,294.75,417.0,D
-29.28263,-57.30286,302.18,3.37,1.73,2026-09-08,1908,Aqua,MODIS,33,6.1NRT,291.65,21.13,D
-29.27886,-57.2986,302.58,3.37,1.73,2026-09-08,1908,Aqua,MODIS,52,6.1NRT,291.68,23.71,D
-29.25041,-50.78599,305.36,1.23,1.1,2026-09-08,1908,Aqua,MODIS,61,6.1NRT,287.93,8.84,D
-29.14832,-50.28649,303.05,1.16,1.07,2026-09-08,1908,Aqua,MODIS,37,6.1NRT,288.72,5.84,D
-29.13887,-50.28821,301.78,1.16,1.07,2026-09-08,1908,Aqua,MODIS,21,6.1NRT,288.27,4.8,D
-29.11284,-51.91186,302.74,1.42,1.18,2026-09-08,1908,Aqua,MODIS,53,6.1NRT,292.46,7.73,D
-29.06219,-56.81269,307.24,3.09,1.67,2026-09-08,1908,Aqua,MODIS,65,6.1NRT,291.95,36.84,D
-29.06188,-56.80813,304.94,3.09,1.67,2026-09-08,1908,Aqua,MODIS,60,6.1NRT,291.97,29.24,D
-29.0546,-50.34367,308.06,1.17,1.08,2026-09-08,1908,Aqua,MODIS,49,6.1NRT,291.57,9.89,D
-29.0488,-50.45246,303.9,1.18,1.08,2026-09-08,1908,Aqua,MODIS,54,6.1NRT,289.7,7.51,D
-29.01577,-49.53624,304.01,1.08,1.04,2026-09-08,1908,Aqua,MODIS,44,6.1NRT,291.06,5.02,D
-29.01431,-49.5254,301.02,1.08,1.04,2026-09-08,1908,Aqua,MODIS,32,6.1NRT,290.6,3.54,D
-29.01004,-57.28053,304.98,3.34,1.72,2026-09-08,1908,Aqua,MODIS,60,6.1NRT,291.1,31.31,D
-29.00768,-57.27357,309.82,3.34,1.72,2026-09-08,1908,Aqua,MODIS,69,6.1NRT,291.42,48.79,D
-29.00733,-57.24707,311.25,3.32,1.72,2026-09-08,1908,Aqua,MODIS,71,6.1NRT,291.98,55.44,D
-29.00518,-57.24009,306.92,3.32,1.72,2026-09-08,1908,Aqua,MODIS,64,6.1NRT,291.99,37.57,D
-28.99735,-50.24071,305.63,1.15,1.07,2026-09-08,1908,Aqua,MODIS,57,6.1NRT,291.75,7.53,D
-28.98146,-57.11669,303.09,3.25,1.7,2026-09-08,1908,Aqua,MODIS,40,6.1NRT,291.74,22.13,D
-28.98018,-57.10973,304.94,3.25,1.7,2026-09-08,1908,Aqua,MODIS,27,6.1NRT,291.79,26.85,D
-28.97746,-50.38725,301.57,1.17,1.08,2026-09-08,1908,Aqua,MODIS,47,6.1NRT,290.99,4.87,D
-28.97203,-50.26857,306.42,1.16,1.07,2026-09-08,1908,Aqua,MODIS,58,6.1NRT,291.77,7.67,D
-28.96635,-57.1182,309.15,3.25,1.7,2026-09-08,1908,Aqua,MODIS,68,6.1NRT,291.65,44.27,D
-28.96354,-50.35378,303.68,1.17,1.08,2026-09-08,1908,Aqua,MODIS,57,6.1NRT,292.41,6.48,D
-28.96261,-50.27028,308.97,1.16,1.07,2026-09-08,1908,Aqua,MODIS,65,6.1NRT,292.46,9.86,D
-28.7906,-56.78986,305.06,3.06,1.66,2026-09-08,1908,Aqua,MODIS,60,6.1NRT,292.29,27.94,D
-28.78962,-56.79707,302.67,3.06,1.66,2026-09-08,1908,Aqua,MODIS,52,6.1NRT,292.3,20.93,D
-28.77536,-59.42849,304.71,4.71,1.99,2026-09-08,1908,Aqua,MODIS,49,6.1NRT,292.27,41.78,D
-28.77437,-59.43632,302.34,4.71,1.99,2026-09-08,1908,Aqua,MODIS,48,6.1NRT,292.26,32.29,D
-28.77135,-59.38943,303.32,4.68,1.98,2026-09-08,1908,Aqua,MODIS,52,6.1NRT,292.26,37.74,D
-28.76302,-57.56116,305.86,3.47,1.75,2026-09-08,1908,Aqua,MODIS,61,6.1NRT,292.94,32.97,D
-28.71593,-56.80463,306.52,3.06,1.66,2026-09-08,1908,Aqua,MODIS,63,6.1NRT,292.0,32.03,D
-28.71585,-56.80938,304.57,3.06,1.66,2026-09-08,1908,Aqua,MODIS,59,6.1NRT,292.08,25.86,D
-28.71348,-56.77401,302.34,3.05,1.66,2026-09-08,1908,Aqua,MODIS,51,6.1NRT,292.16,19.46,D
-28.7132,-56.77878,304.18,3.05,1.66,2026-09-08,1908,Aqua,MODIS,57,6.1NRT,292.28,24.69,D
-28.70613,-57.63736,303.44,3.51,1.76,2026-09-08,1908,Aqua,MODIS,55,6.1NRT,293.21,24.85,D
-28.7035,-57.60229,304.45,3.49,1.76,2026-09-08,1908,Aqua,MODIS,58,6.1NRT,293.21,27.53,D
-28.68606,-50.33329,301.47,1.16,1.07,2026-09-08,1908,Aqua,MODIS,40,6.1NRT,289.13,4.78,D
-28.68424,-49.95079,307.99,1.11,1.05,2026-09-08,1908,Aqua,MODIS,66,6.1NRT,291.03,9.08,D
-28.68347,-56.27998,303.57,2.8,1.6,2026-09-08,1908,Aqua,MODIS,56,6.1NRT,293.03,17.39,D
-28.68276,-49.93961,306.04,1.11,1.05,2026-09-08,1908,Aqua,MODIS,63,6.1NRT,289.64,7.67,D
-28.67498,-49.95235,305.87,1.11,1.05,2026-09-08,1908,Aqua,MODIS,44,6.1NRT,291.31,7.36,D
-28.65565,-50.66943,302.34,1.2,1.09,2026-09-08,1908,Aqua,MODIS,52,6.1NRT,290.67,5.89,D
-28.62127,-50.39801,313.58,1.16,1.07,2026-09-08,1908,Aqua,MODIS,74,6.1NRT,290.43,13.7,D
-28.58413,-50.33345,305.06,1.15,1.07,2026-09-08,1908,Aqua,MODIS,42,6.1NRT,287.13,5.73,D
-28.54842,-49.98103,307.74,1.11,1.05,2026-09-08,1908,Aqua,MODIS,66,6.1NRT,290.58,9.33,D
-28.53301,-56.59326,305.97,2.94,1.63,2026-09-08,1908,Aqua,MODIS,62,6.1NRT,292.69,27.91,D
-28.53132,-56.59807,303.73,2.94,1.63,2026-09-08,1908,Aqua,MODIS,56,6.1NRT,292.72,19.51,D
-28.48018,-56.48097,303.49,2.88,1.62,2026-09-08,1908,Aqua,MODIS,55,6.1NRT,292.82,19.8,D
-28.43451,-50.68131,310.74,1.19,1.09,2026-09-08,1908,Aqua,MODIS,52,6.1NRT,291.49,10.94,D
-28.43041,-50.6752,306.15,1.19,1.09,2026-09-08,1908,Aqua,MODIS,63,6.1NRT,291.63,7.83,D
-28.37957,-50.65936,301.94,1.19,1.08,2026-09-08,1908,Aqua,MODIS,50,6.1NRT,291.07,5.68,D
-28.35893,-49.38059,302.82,1.06,1.03,2026-09-08,1908,Aqua,MODIS,42,6.1NRT,291.78,4.74,D
-28.35094,-50.28537,306.95,1.14,1.06,2026-09-08,1908,Aqua,MODIS,50,6.1NRT,289.51,7.7,D
-28.32963,-55.84876,306.26,2.58,1.54,2026-09-08,1908,Aqua,MODIS,55,6.1NRT,292.95,22.75,D
-28.2928,-56.60519,307.37,2.93,1.63,2026-09-08,1908,Aqua,MODIS,61,6.1NRT,292.58,32.26,D
-28.24833,-50.35461,307.37,1.15,1.07,2026-09-08,1908,Aqua,MODIS,65,6.1NRT,293.91,8.88,D
-28.19073,-50.61779,305.88,1.18,1.08,2026-09-08,1908,Aqua,MODIS,41,6.1NRT,290.81,7.26,D
-28.18589,-57.83602,320.39,3.57,1.77,2026-09-08,1908,Aqua,MODIS,80,6.1NRT,293.06,108.09,D
-28.18298,-57.80056,309.44,3.55,1.77,2026-09-08,1908,Aqua,MODIS,68,6.1NRT,292.53,49.8,D
-28.1812,-50.61927,309.07,1.18,1.08,2026-09-08,1908,Aqua,MODIS,68,6.1NRT,291.9,10.41,D
-28.18079,-57.82867,325.39,3.57,1.77,2026-09-08,1908,Aqua,MODIS,63,6.1NRT,292.91,141.8,D
-28.06018,-50.62226,303.18,1.17,1.08,2026-09-08,1908,Aqua,MODIS,50,6.1NRT,290.7,5.68,D
-28.05699,-50.62823,304.64,1.17,1.08,2026-09-08,1908,Aqua,MODIS,59,6.1NRT,290.71,7.33,D
-28.03495,-50.1265,311.54,1.12,1.05,2026-09-08,1908,Aqua,MODIS,71,6.1NRT,288.42,12.65,D
-27.95963,-49.42458,301.49,1.05,1.03,2026-09-08,1908,Aqua,MODIS,47,6.1NRT,288.47,5.98,D
-27.8629,-50.51344,301.43,1.16,1.07,2026-09-08,1908,Aqua,MODIS,45,6.1NRT,287.33,5.01,D
-27.8539,-49.32091,301.24,1.05,1.02,2026-09-08,1908,Aqua,MODIS,46,6.1NRT,286.67,6.04,D
-27.8313,-58.40724,305.9,3.9,1.84,2026-09-08,1908,Aqua,MODIS,62,6.1NRT,292.53,39.97,D
-27.78032,-55.68443,307.89,2.48,1.52,2026-09-08,1908,Aqua,MODIS,65,6.1NRT,293.53,23.55,D
-27.77968,-59.52897,303.44,4.68,1.98,2026-09-08,1908,Aqua,MODIS,56,6.1NRT,292.28,41.16,D
-27.77695,-50.40513,310.15,1.14,1.06,2026-09-08,1908,Aqua,MODIS,70,6.1NRT,290.35,10.84,D
-27.60337,-59.27798,323.32,4.47,1.94,2026-09-08,1908,Aqua,MODIS,82,6.1NRT,292.94,164.04,D
-27.60139,-59.28217,323.82,4.47,1.94,2026-09-08,1908,Aqua,MODIS,82,6.1NRT,293.06,178.86,D
-27.59831,-59.23818,304.07,4.44,1.94,2026-09-08,1908,Aqua,MODIS,55,6.1NRT,292.66,38.93,D
-27.59545,-55.75043,309.4,2.49,1.52,2026-09-08,1908,Aqua,MODIS,69,6.1NRT,289.48,32.97,D
-27.56625,-49.91352,303.45,1.09,1.04,2026-09-08,1908,Aqua,MODIS,56,6.1NRT,291.51,6.19,D
-27.38262,-55.42507,365.16,2.34,1.48,2026-09-08,1908,Aqua,MODIS,100,6.1NRT,294.72,341.28,D
-27.38037,-49.36362,317.44,1.04,1.02,2026-09-08,1908,Aqua,MODIS,78,6.1NRT,293.51,15.63,D
-27.38035,-55.40189,328.73,2.33,1.48,2026-09-08,1908,Aqua,MODIS,86,6.1NRT,291.6,85.37,D
-27.2617,-51.26125,310.01,1.24,1.11,2026-09-08,1908,Aqua,MODIS,69,6.1NRT,292.6,11.43,D
-27.25347,-51.27492,302.62,1.24,1.11,2026-09-08,1908,Aqua,MODIS,42,6.1NRT,292.36,5.0,D
-27.09391,-52.04863,307.15,1.36,1.16,2026-09-08,1908,Aqua,MODIS,61,6.1NRT,290.59,10.15,D
-27.08367,-52.04989,312.92,1.36,1.16,2026-09-08,1908,Aqua,MODIS,73,6.1NRT,289.48,17.26,D
-27.05201,-57.40715,303.13,3.23,1.7,2026-09-08,1908,Aqua,MODIS,51,6.1NRT,291.77,19.86,D
-27.05106,-57.40022,304.74,3.23,1.7,2026-09-08,1908,Aqua,MODIS,57,6.1NRT,291.75,25.04,D
-27.00663,-59.72999,303.47,4.75,1.99,2026-09-08,1908,Aqua,MODIS,50,6.1NRT,293.05,33.92,D
-27.00584,-59.73841,304.06,4.75,1.99,2026-09-08,1908,Aqua,MODIS,51,6.1NRT,293.08,39.17,D
-26.91095,-59.1229,305.96,4.28,1.91,2026-09-08,1908,Aqua,MODIS,57,6.1NRT,292.25,42.04,D
-26.90732,-59.12683,305.1,4.28,1.91,2026-09-08,1908,Aqua,MODIS,53,6.1NRT,292.27,37.4,D
-26.88413,-59.04478,305.56,4.22,1.9,2026-09-08,1908,Aqua,MODIS,54,6.1NRT,292.24,38.35,D
-26.82734,-57.60455,302.9,3.32,1.72,2026-09-08,1908,Aqua,MODIS,46,6.1NRT,291.77,18.72,D
-26.82465,-57.57205,304.27,3.3,1.72,2026-09-08,1908,Aqua,MODIS,53,6.1NRT,292.07,22.95,D
-26.81209,-57.57767,307.21,3.3,1.72,2026-09-08,1908,Aqua,MODIS,61,6.1NRT,292.48,31.03,D
-26.7942,-58.96979,303.34,4.17,1.89,2026-09-08,1908,Aqua,MODIS,40,6.1NRT,291.96,30.0,D
-26.64381,-50.17489,310.0,1.09,1.04,2026-09-08,1908,Aqua,MODIS,69,6.1NRT,290.11,11.11,D
-26.53506,-54.72889,305.72,2.03,1.39,2026-09-08,1908,Aqua,MODIS,62,6.1NRT,291.62,13.61,D
-26.53213,-54.73416,305.66,2.03,1.39,2026-09-08,1908,Aqua,MODIS,61,6.1NRT,291.82,12.97,D
-26.38886,-51.19584,303.23,1.2,1.09,2026-09-08,1908,Aqua,MODIS,55,6.1NRT,287.73,7.46,D
-26.38403,-51.19123,301.69,1.2,1.09,2026-09-08,1908,Aqua,MODIS,48,6.1NRT,288.67,6.49,D
-26.065,-57.13726,312.11,3.0,1.65,2026-09-08,1908,Aqua,MODIS,65,6.1NRT,293.09,41.35,D
-26.03647,-55.46148,308.29,2.26,1.46,2026-09-08,1908,Aqua,MODIS,64,6.1NRT,293.57,16.48,D
-24.65477,-55.79247,307.58,2.29,1.46,2026-09-08,1910,Aqua,MODIS,18,6.1NRT,288.23,16.17,D
-24.37508,-59.76859,311.3,4.47,1.94,2026-09-08,1910,Aqua,MODIS,26,6.1NRT,291.44,61.81,D
-23.84235,-60.06958,310.38,4.64,1.97,2026-09-08,1910,Aqua,MODIS,15,6.1NRT,291.06,55.56,D
-23.44268,-58.85091,308.41,3.73,1.81,2026-09-08,1910,Aqua,MODIS,55,6.1NRT,294.42,27.92,D
-23.32747,-59.24322,312.0,3.97,1.85,2026-09-08,1910,Aqua,MODIS,52,6.1NRT,293.84,56.81,D
-23.32097,-59.24783,311.12,3.97,1.85,2026-09-08,1910,Aqua,MODIS,46,6.1NRT,293.77,51.81,D
-23.23527,-60.34995,321.9,4.79,2.0,2026-09-08,1910,Aqua,MODIS,75,6.1NRT,297.85,138.46,D
-23.23519,-60.34635,325.81,4.79,2.0,2026-09-08,1910,Aqua,MODIS,79,6.1NRT,297.88,178.51,D
-23.23175,-60.30114,335.56,4.75,1.99,2026-09-08,1910,Aqua,MODIS,87,6.1NRT,297.98,297.77,D
-23.23155,-60.30479,336.95,4.75,1.99,2026-09-08,1910,Aqua,MODIS,88,6.1NRT,298.1,317.65,D
-22.19133,-57.67726,312.66,2.93,1.63,2026-09-08,1910,Aqua,MODIS,45,6.1NRT,289.26,27.33,D
-21.62179,-58.61752,309.52,3.39,1.74,2026-09-08,1913,Aqua,MODIS,54,6.1NRT,292.81,28.56,D
-20.85803,-60.24135,326.5,4.41,1.93,2026-09-08,1913,Aqua,MODIS,80,6.1NRT,294.81,154.74,D
-20.85503,-60.24554,320.52,4.41,1.93,2026-09-08,1913,Aqua,MODIS,74,6.1NRT,294.64,107.41,D
-20.85462,-60.20047,320.95,4.38,1.93,2026-09-08,1913,Aqua,MODIS,73,6.1NRT,294.49,100.58,D
-20.85137,-60.20469,319.56,4.38,1.93,2026-09-08,1913,Aqua,MODIS,73,6.1NRT,294.41,95.93,D
-20.72499,-60.22882,326.59,4.38,1.93,2026-09-08,1913,Aqua,MODIS,81,6.1NRT,294.39,153.09,D
-20.71125,-60.2259,342.99,4.38,1.93,2026-09-08,1913,Aqua,MODIS,92,6.1NRT,295.39,359.11,D
-20.70798,-60.23044,326.73,4.38,1.93,2026-09-08,1913,Aqua,MODIS,77,6.1NRT,294.65,155.77,D
-20.70775,-60.18539,320.86,4.34,1.92,2026-09-08,1913,Aqua,MODIS,75,6.1NRT,294.8,106.06,D
-20.70423,-60.18999,319.23,4.34,1.92,2026-09-08,1913,Aqua,MODIS,61,6.1NRT,294.49,91.02,D
-20.69339,-59.83137,309.26,4.08,1.87,2026-09-08,1913,Aqua,MODIS,39,6.1NRT,290.32,19.51,D
-20.62344,-59.02351,308.24,3.53,1.77,2026-09-08,1913,Aqua,MODIS,31,6.1NRT,288.04,14.41,D
-20.61847,-59.01919,308.34,3.53,1.77,2026-09-08,1913,Aqua,MODIS,18,6.1NRT,288.31,15.93,D
-19.91865,-48.83359,311.49,1.03,1.01,2026-09-08,1913,Aqua,MODIS,55,6.1NRT,294.94,5.59,D
-18.95733,-47.103,313.59,1.23,1.1,2026-09-08,1913,Aqua,MODIS,69,6.1NRT,290.74,11.9,D
-18.95456,-47.1102,309.35,1.23,1.1,2026-09-08,1913,Aqua,MODIS,49,6.1NRT,290.42,7.93,D
-18.95276,-47.09902,308.14,1.23,1.1,2026-09-08,1913,Aqua,MODIS,29,6.1NRT,292.01,6.51,D
-17.77117,-44.00962,307.07,2.12,1.41,2026-09-08,1913,Aqua,MODIS,45,6.1NRT,291.69,12.02,D
-17.10842,-56.87153,317.18,2.15,1.42,2026-09-08,1913,Aqua,MODIS,37,6.1NRT,296.74,21.53,D
-17.10719,-56.8768,322.25,2.15,1.42,2026-09-08,1913,Aqua,MODIS,56,6.1NRT,296.36,34.5,D
-17.0959,-56.87312,317.24,2.15,1.42,2026-09-08,1913,Aqua,MODIS,42,6.1NRT,296.7,22.03,D
-16.75843,-61.30816,311.97,4.71,1.99,2026-09-08,1913,Aqua,MODIS,36,6.1NRT,291.54,43.55,D
-15.69341,-47.79211,315.24,1.25,1.11,2026-09-08,1913,Aqua,MODIS,72,6.1NRT,294.17,13.13,D
-15.5539,-51.67247,319.81,1.02,1.01,2026-09-08,1913,Aqua,MODIS,58,6.1NRT,301.32,7.9,D
-14.76719,-48.09485,327.67,1.24,1.11,2026-09-08,1913,Aqua,MODIS,83,6.1NRT,297.06,27.15,D
-14.76574,-48.10078,321.36,1.24,1.11,2026-09-08,1913,Aqua,MODIS,76,6.1NRT,296.07,18.78,D
-14.76397,-48.08952,321.31,1.24,1.11,2026-09-08,1913,Aqua,MODIS,76,6.1NRT,296.97,18.8,D
-14.37823,-57.50169,314.03,2.19,1.43,2026-09-08,1913,Aqua,MODIS,63,6.1NRT,295.32,17.18,D
-14.34451,-53.42028,313.91,1.14,1.07,2026-09-08,1913,Aqua,MODIS,42,6.1NRT,297.92,7.46,D
-14.30859,-43.56755,319.88,2.7,1.57,2026-09-08,1913,Aqua,MODIS,72,6.1NRT,295.4,40.94,D
-14.03872,-49.26583,313.14,1.1,1.05,2026-09-08,1913,Aqua,MODIS,55,6.1NRT,296.97,6.34,D
-13.95094,-49.65172,327.09,1.07,1.03,2026-09-08,1913,Aqua,MODIS,80,6.1NRT,297.14,20.43,D
-13.94947,-49.64213,328.19,1.07,1.03,2026-09-08,1913,Aqua,MODIS,81,6.1NRT,297.1,22.03,D
-13.82222,-42.18602,313.97,3.55,1.77,2026-09-08,1913,Aqua,MODIS,60,6.1NRT,295.6,40.3,D
-13.81874,-42.1788,314.47,3.55,1.77,2026-09-08,1913,Aqua,MODIS,61,6.1NRT,295.58,43.23,D
-13.78093,-49.80906,313.26,1.06,1.03,2026-09-08,1913,Aqua,MODIS,53,6.1NRT,297.3,5.03,D
-13.77947,-49.7996,321.31,1.06,1.03,2026-09-08,1913,Aqua,MODIS,72,6.1NRT,297.18,12.8,D
-13.63585,-49.52368,311.38,1.09,1.04,2026-09-08,1913,Aqua,MODIS,44,6.1NRT,295.49,5.8,D
-13.95325,-56.67621,312.09,1.86,1.33,2026-09-08,1915,Aqua,MODIS,26,6.1NRT,294.62,12.54,D
-13.68437,-59.47742,325.34,3.06,1.66,2026-09-08,1915,Aqua,MODIS,42,6.1NRT,292.66,84.03,D
-13.67477,-59.49862,328.52,3.08,1.67,2026-09-08,1915,Aqua,MODIS,62,6.1NRT,293.89,112.7,D
-13.67303,-59.50593,329.0,3.08,1.67,2026-09-08,1915,Aqua,MODIS,66,6.1NRT,294.47,108.24,D
-12.44356,-57.79967,387.83,2.15,1.43,2026-09-08,1915,Aqua,MODIS,100,6.1NRT,299.85,555.41,D
-12.44227,-57.80489,380.42,2.15,1.43,2026-09-08,1915,Aqua,MODIS,100,6.1NRT,299.76,454.47,D
-12.44127,-57.78078,327.19,2.15,1.42,2026-09-08,1915,Aqua,MODIS,76,6.1NRT,295.14,54.44,D
-12.43984,-57.78608,359.41,2.15,1.42,2026-09-08,1915,Aqua,MODIS,99,6.1NRT,296.77,237.34,D
-12.42977,-57.80656,334.98,2.15,1.43,2026-09-08,1915,Aqua,MODIS,87,6.1NRT,296.4,86.32,D
-12.3946,-53.38617,327.17,1.09,1.04,2026-09-08,1915,Aqua,MODIS,83,6.1NRT,296.8,21.82,D
-12.38547,-53.38753,319.48,1.09,1.04,2026-09-08,1915,Aqua,MODIS,76,6.1NRT,297.75,12.83,D
-12.26911,-45.80872,317.35,1.98,1.37,2026-09-08,1915,Aqua,MODIS,56,6.1NRT,300.93,14.33,D
-12.05464,-45.07287,319.9,2.29,1.46,2026-09-08,1915,Aqua,MODIS,38,6.1NRT,300.52,29.86,D
-12.04545,-45.09525,320.18,2.28,1.46,2026-09-08,1915,Aqua,MODIS,48,6.1NRT,300.4,29.95,D
-11.83342,-44.71245,318.39,2.47,1.51,2026-09-08,1915,Aqua,MODIS,63,6.1NRT,303.34,23.0,D
-11.64626,-47.07439,335.87,1.63,1.26,2026-09-08,1915,Aqua,MODIS,86,6.1NRT,299.97,56.61,D
-11.64576,-47.08011,324.86,1.63,1.26,2026-09-08,1915,Aqua,MODIS,76,6.1NRT,299.47,27.23,D
-11.64384,-47.05992,319.33,1.63,1.26,2026-09-08,1915,Aqua,MODIS,67,6.1NRT,299.79,16.28,D
-11.64344,-47.0656,328.84,1.63,1.26,2026-09-08,1915,Aqua,MODIS,80,6.1NRT,300.01,37.31,D
-11.60333,-54.667,319.99,1.24,1.11,2026-09-08,1915,Aqua,MODIS,38,6.1NRT,299.48,12.26,D
-11.40643,-43.93582,321.99,2.9,1.62,2026-09-08,1915,Aqua,MODIS,70,6.1NRT,304.81,44.18,D
-11.34176,-45.75153,320.21,2.09,1.41,2026-09-08,1915,Aqua,MODIS,56,6.1NRT,302.86,21.65,D
-11.33804,-45.75962,322.46,2.09,1.41,2026-09-08,1915,Aqua,MODIS,62,6.1NRT,302.09,28.11,D
-11.32992,-45.38206,321.55,2.23,1.45,2026-09-08,1915,Aqua,MODIS,70,6.1NRT,300.36,34.5,D
-11.32655,-45.36217,327.51,2.24,1.45,2026-09-08,1915,Aqua,MODIS,78,6.1NRT,302.05,57.92,D
-11.30394,-54.02002,326.02,1.14,1.06,2026-09-08,1915,Aqua,MODIS,61,6.1NRT,278.21,25.98,D
-11.19463,-51.22469,321.33,1.01,1.01,2026-09-08,1915,Aqua,MODIS,80,6.1NRT,294.32,12.66,D
-11.19108,-45.03487,316.62,2.4,1.49,2026-09-08,1915,Aqua,MODIS,53,6.1NRT,300.6,21.05,D
-11.1893,-45.02769,316.39,2.4,1.49,2026-09-08,1915,Aqua,MODIS,31,6.1NRT,301.89,18.75,D
-11.14451,-47.61797,314.15,1.52,1.22,2026-09-08,1915,Aqua,MODIS,58,6.1NRT,295.97,13.84,D
-10.98106,-43.09673,318.56,3.45,1.75,2026-09-08,1915,Aqua,MODIS,46,6.1NRT,303.89,36.26,D
-10.97695,-43.0927,317.81,3.45,1.75,2026-09-08,1915,Aqua,MODIS,51,6.1NRT,303.81,35.51,D
-10.84926,-47.71399,317.62,1.51,1.21,2026-09-08,1915,Aqua,MODIS,60,6.1NRT,299.34,15.53,D
-10.84708,-47.70063,323.19,1.51,1.21,2026-09-08,1915,Aqua,MODIS,75,6.1NRT,299.1,24.62,D
-10.82799,-58.56898,314.68,2.34,1.48,2026-09-08,1915,Aqua,MODIS,67,6.1NRT,296.12,20.21,D
-10.82629,-58.55487,325.25,2.33,1.48,2026-09-08,1915,Aqua,MODIS,81,6.1NRT,296.82,52.31,D
-10.82541,-58.54832,321.06,2.33,1.48,2026-09-08,1915,Aqua,MODIS,76,6.1NRT,296.69,40.39,D
-10.72682,-46.01664,335.96,2.04,1.39,2026-09-08,1915,Aqua,MODIS,75,6.1NRT,297.34,84.92,D
-10.72373,-45.99863,375.71,2.05,1.39,2026-09-08,1915,Aqua,MODIS,87,6.1NRT,302.94,366.13,D
-10.72084,-46.00452,381.69,2.05,1.39,2026-09-08,1915,Aqua,MODIS,75,6.1NRT,299.85,434.26,D
-10.7206,-45.98047,337.29,2.06,1.4,2026-09-08,1915,Aqua,MODIS,82,6.1NRT,299.55,82.75,D
-10.71786,-45.98633,363.18,2.06,1.4,2026-09-08,1915,Aqua,MODIS,87,6.1NRT,300.85,242.88,D
-10.70525,-45.96416,360.09,2.07,1.4,2026-09-08,1915,Aqua,MODIS,94,6.1NRT,299.77,219.14,D
-10.65987,-58.78017,338.62,2.42,1.5,2026-09-08,1915,Aqua,MODIS,90,6.1NRT,294.68,122.96,D
-10.65748,-58.77356,345.78,2.42,1.5,2026-09-08,1915,Aqua,MODIS,94,6.1NRT,294.44,170.98,D
-10.63905,-58.82573,316.82,2.44,1.51,2026-09-08,1915,Aqua,MODIS,72,6.1NRT,294.29,36.48,D
-10.63628,-58.80442,312.76,2.43,1.5,2026-09-08,1915,Aqua,MODIS,65,6.1NRT,294.25,22.03,D
-10.61173,-47.52831,318.0,1.57,1.24,2026-09-08,1915,Aqua,MODIS,65,6.1NRT,297.14,15.79,D
-10.54118,-47.10251,327.3,1.7,1.28,2026-09-08,1915,Aqua,MODIS,40,6.1NRT,299.61,31.28,D
-10.53996,-47.09681,322.5,1.7,1.28,2026-09-08,1915,Aqua,MODIS,54,6.1NRT,300.02,23.93,D
-10.53134,-47.11388,329.32,1.69,1.28,2026-09-08,1915,Aqua,MODIS,52,6.1NRT,301.39,36.82,D
-10.53006,-47.10467,344.21,1.7,1.28,2026-09-08,1915,Aqua,MODIS,92,6.1NRT,302.48,86.0,D
-10.52913,-47.95479,312.61,1.47,1.2,2026-09-08,1915,Aqua,MODIS,42,6.1NRT,296.57,12.46,D
-10.52883,-47.09894,336.91,1.7,1.28,2026-09-08,1915,Aqua,MODIS,85,6.1NRT,302.46,59.15,D
-10.3844,-45.18421,321.09,2.42,1.5,2026-09-08,1915,Aqua,MODIS,69,6.1NRT,304.65,29.21,D
-10.29014,-46.90627,367.06,1.78,1.31,2026-09-08,1915,Aqua,MODIS,100,6.1NRT,302.84,226.22,D
-10.27649,-45.23964,321.86,2.41,1.5,2026-09-08,1915,Aqua,MODIS,70,6.1NRT,301.52,40.8,D
-10.27279,-45.21785,331.25,2.42,1.5,2026-09-08,1915,Aqua,MODIS,82,6.1NRT,303.1,79.19,D
-10.24665,-45.22228,328.0,2.42,1.5,2026-09-08,1915,Aqua,MODIS,78,6.1NRT,301.11,62.79,D
-10.24291,-45.2006,338.09,2.43,1.5,2026-09-08,1915,Aqua,MODIS,87,6.1NRT,303.25,112.85,D
-10.21564,-53.96181,319.57,1.1,1.05,2026-09-08,1915,Aqua,MODIS,72,6.1NRT,298.95,12.54,D
-10.19207,-59.4409,315.58,2.69,1.57,2026-09-08,1915,Aqua,MODIS,34,6.1NRT,295.89,29.95,D
-10.13362,-47.00826,318.47,1.76,1.3,2026-09-08,1915,Aqua,MODIS,58,6.1NRT,298.48,18.0,D
-10.08016,-49.13496,319.84,1.25,1.11,2026-09-08,1915,Aqua,MODIS,74,6.1NRT,295.52,14.96,D
-10.07844,-49.12396,320.02,1.25,1.11,2026-09-08,1915,Aqua,MODIS,74,6.1NRT,296.02,15.27,D
-9.88217,-45.95953,319.25,2.15,1.42,2026-09-08,1915,Aqua,MODIS,65,6.1NRT,303.44,22.83,D
-9.78561,-43.46322,327.68,3.41,1.74,2026-09-08,1915,Aqua,MODIS,78,6.1NRT,303.27,92.8,D
-9.78094,-43.5252,326.21,3.37,1.73,2026-09-08,1915,Aqua,MODIS,74,6.1NRT,301.89,82.78,D
-9.77572,-43.49562,329.73,3.39,1.74,2026-09-08,1915,Aqua,MODIS,80,6.1NRT,302.28,105.87,D
-9.77046,-43.46585,321.34,3.41,1.74,2026-09-08,1915,Aqua,MODIS,49,6.1NRT,304.6,48.76,D
-9.73041,-43.50353,330.25,3.39,1.74,2026-09-08,1915,Aqua,MODIS,62,6.1NRT,301.96,106.91,D
-9.71854,-43.41904,333.14,3.45,1.75,2026-09-08,1915,Aqua,MODIS,83,6.1NRT,303.61,134.3,D
-9.71436,-43.41456,335.38,3.45,1.75,2026-09-08,1915,Aqua,MODIS,85,6.1NRT,303.21,155.47,D
-9.71369,-43.48133,336.91,3.41,1.74,2026-09-08,1915,Aqua,MODIS,73,6.1NRT,302.14,161.1,D
-9.70998,-43.47686,329.63,3.41,1.74,2026-09-08,1915,Aqua,MODIS,50,6.1NRT,301.63,99.8,D
-9.70862,-43.45216,339.79,3.43,1.74,2026-09-08,1915,Aqua,MODIS,86,6.1NRT,301.95,188.43,D
-9.70469,-43.44772,334.48,3.43,1.74,2026-09-08,1915,Aqua,MODIS,56,6.1NRT,301.24,135.16,D
-9.70334,-43.42175,322.97,3.45,1.75,2026-09-08,1915,Aqua,MODIS,50,6.1NRT,301.72,65.05,D
-9.52643,-54.04225,330.5,1.1,1.04,2026-09-08,1915,Aqua,MODIS,84,6.1NRT,299.41,26.92,D
-9.52506,-54.03262,336.61,1.09,1.04,2026-09-08,1915,Aqua,MODIS,88,6.1NRT,299.41,36.41,D
-9.49554,-60.3328,314.69,3.09,1.67,2026-09-08,1915,Aqua,MODIS,26,6.1NRT,291.4,49.35,D
-9.38617,-46.90372,317.42,1.85,1.33,2026-09-08,1915,Aqua,MODIS,60,6.1NRT,299.81,15.91,D
-8.766,-53.37853,333.84,1.03,1.01,2026-09-08,1915,Aqua,MODIS,87,6.1NRT,298.4,28.92,D
-8.73174,-48.98503,322.08,1.34,1.15,2026-09-08,1915,Aqua,MODIS,75,6.1NRT,294.36,19.41,D
-8.72987,-48.97326,316.87,1.34,1.15,2026-09-08,1915,Aqua,MODIS,67,6.1NRT,293.66,11.95,D
-8.62749,-47.33653,327.55,1.77,1.3,2026-09-08,1915,Aqua,MODIS,79,6.1NRT,298.32,38.89,D
-8.62631,-47.32993,332.18,1.77,1.3,2026-09-08,1915,Aqua,MODIS,84,6.1NRT,298.43,52.85,D
-8.62502,-47.32092,317.48,1.77,1.3,2026-09-08,1915,Aqua,MODIS,47,6.1NRT,298.07,14.24,D
-8.61614,-47.33854,328.41,1.77,1.3,2026-09-08,1915,Aqua,MODIS,80,6.1NRT,299.59,40.59,D
-7.99079,-43.97475,316.28,3.37,1.73,2026-09-08,1915,Aqua,MODIS,56,6.1NRT,301.69,27.67,D
-7.98772,-43.97062,317.89,3.37,1.73,2026-09-08,1915,Aqua,MODIS,61,6.1NRT,301.88,36.33,D
-7.98599,-43.94588,317.42,3.39,1.74,2026-09-08,1915,Aqua,MODIS,60,6.1NRT,302.11,32.9,D
-7.91321,-46.30577,316.31,2.19,1.44,2026-09-08,1915,Aqua,MODIS,57,6.1NRT,298.19,18.63,D
-7.71686,-48.21074,315.73,1.57,1.24,2026-09-08,1915,Aqua,MODIS,61,6.1NRT,297.81,11.48,D
-7.71467,-48.19687,319.54,1.58,1.24,2026-09-08,1915,Aqua,MODIS,69,6.1NRT,297.96,18.04,D
-7.69263,-46.64891,318.13,2.08,1.4,2026-09-08,1915,Aqua,MODIS,64,6.1NRT,298.84,19.33,D
-7.68961,-46.63081,316.32,2.09,1.41,2026-09-08,1915,Aqua,MODIS,52,6.1NRT,298.96,14.41,D
-7.68737,-46.63643,320.95,2.09,1.41,2026-09-08,1915,Aqua,MODIS,70,6.1NRT,299.1,27.56,D
-7.48519,-46.68258,324.72,2.09,1.41,2026-09-08,1915,Aqua,MODIS,76,6.1NRT,296.65,43.25,D
-7.40938,-55.50975,340.14,1.23,1.1,2026-09-08,1915,Aqua,MODIS,90,6.1NRT,301.19,48.52,D
-7.40785,-55.49894,331.05,1.23,1.1,2026-09-08,1915,Aqua,MODIS,85,6.1NRT,301.16,30.4,D
-7.38397,-47.01468,333.0,1.97,1.37,2026-09-08,1915,Aqua,MODIS,84,6.1NRT,298.99,66.96,D
-7.38081,-46.51027,318.08,2.16,1.43,2026-09-08,1915,Aqua,MODIS,29,6.1NRT,297.48,22.83,D
-7.37836,-46.51817,323.07,2.16,1.43,2026-09-08,1915,Aqua,MODIS,74,6.1NRT,296.84,39.79,D
-7.37835,-55.94002,308.67,1.31,1.14,2026-09-08,1915,Aqua,MODIS,48,6.1NRT,291.77,10.47,D
-7.16138,-46.96346,314.33,2.01,1.38,2026-09-08,1915,Aqua,MODIS,57,6.1NRT,297.29,13.96,D
-6.87519,-56.578,323.13,1.42,1.18,2026-09-08,1915,Aqua,MODIS,73,6.1NRT,300.68,22.08,D
-6.87391,-56.58437,315.59,1.42,1.18,2026-09-08,1915,Aqua,MODIS,31,6.1NRT,299.48,10.18,D
-6.8722,-56.57186,323.74,1.42,1.18,2026-09-08,1915,Aqua,MODIS,78,6.1NRT,300.31,23.46,D
-6.80955,-58.65182,315.87,2.04,1.39,2026-09-08,1915,Aqua,MODIS,54,6.1NRT,300.57,22.33,D
-6.80936,-58.95819,316.62,2.16,1.43,2026-09-08,1915,Aqua,MODIS,38,6.1NRT,296.87,25.86,D
-6.80807,-52.50188,320.51,1.0,1.0,2026-09-08,1915,Aqua,MODIS,75,6.1NRT,300.69,11.93,D
-6.79688,-58.95995,324.57,2.16,1.43,2026-09-08,1915,Aqua,MODIS,68,6.1NRT,298.36,49.64,D
-6.79428,-58.94107,326.69,2.15,1.43,2026-09-08,1915,Aqua,MODIS,80,6.1NRT,298.14,54.8,D
-6.77188,-58.96322,320.28,2.16,1.43,2026-09-08,1915,Aqua,MODIS,56,6.1NRT,297.57,34.05,D
-6.6655,-56.18467,319.31,1.33,1.14,2026-09-08,1915,Aqua,MODIS,73,6.1NRT,299.83,18.07,D
-6.64363,-59.45857,324.57,2.36,1.48,2026-09-08,1915,Aqua,MODIS,80,6.1NRT,294.42,61.24,D
-6.64158,-59.45405,338.78,2.36,1.48,2026-09-08,1915,Aqua,MODIS,90,6.1NRT,294.49,128.92,D
-6.64068,-59.43771,325.01,2.35,1.48,2026-09-08,1915,Aqua,MODIS,81,6.1NRT,293.74,62.37,D
-6.63877,-59.43301,313.6,2.35,1.48,2026-09-08,1915,Aqua,MODIS,67,6.1NRT,293.38,25.74,D
-6.62892,-59.07271,308.97,2.19,1.44,2026-09-08,1915,Aqua,MODIS,36,6.1NRT,295.11,14.43,D
-6.60785,-51.27939,314.53,1.07,1.03,2026-09-08,1915,Aqua,MODIS,62,6.1NRT,292.88,7.98,D
-6.44188,-55.62786,336.65,1.22,1.1,2026-09-08,1915,Aqua,MODIS,77,6.1NRT,302.84,40.69,D
-6.39571,-55.24165,322.83,1.16,1.07,2026-09-08,1915,Aqua,MODIS,77,6.1NRT,301.05,17.94,D
-6.39524,-52.20993,315.36,1.01,1.01,2026-09-08,1915,Aqua,MODIS,64,6.1NRT,300.66,6.18,D
-6.38839,-55.19125,327.56,1.15,1.07,2026-09-08,1915,Aqua,MODIS,67,6.1NRT,303.2,21.19,D
-6.37904,-55.1926,325.16,1.15,1.07,2026-09-08,1915,Aqua,MODIS,80,6.1NRT,304.21,17.17,D
-6.37759,-55.18261,318.92,1.15,1.07,2026-09-08,1915,Aqua,MODIS,44,6.1NRT,303.5,8.91,D
-6.36688,-43.5908,339.47,3.9,1.84,2026-09-08,1915,Aqua,MODIS,89,6.1NRT,295.62,249.63,D
-6.34255,-56.21974,314.7,1.32,1.14,2026-09-08,1915,Aqua,MODIS,67,6.1NRT,295.36,12.37,D
-6.34089,-56.20815,336.95,1.32,1.14,2026-09-08,1915,Aqua,MODIS,89,6.1NRT,298.64,50.92,D
-6.31962,-56.06018,310.78,1.29,1.13,2026-09-08,1915,Aqua,MODIS,58,6.1NRT,298.07,6.72,D
-6.26544,-45.58224,315.23,2.7,1.57,2026-09-08,1915,Aqua,MODIS,58,6.1NRT,294.95,23.89,D
-6.25338,-52.05518,358.38,1.02,1.01,2026-09-08,1915,Aqua,MODIS,99,6.1NRT,304.72,77.37,D
-6.25204,-52.04621,355.77,1.02,1.01,2026-09-08,1915,Aqua,MODIS,98,6.1NRT,303.96,70.22,D
-6.2516,-51.6766,317.7,1.05,1.02,2026-09-08,1915,Aqua,MODIS,69,6.1NRT,299.83,9.71,D
-6.25025,-51.66747,315.3,1.05,1.02,2026-09-08,1915,Aqua,MODIS,65,6.1NRT,297.9,7.56,D
-6.21693,-53.24144,321.64,1.0,1.0,2026-09-08,1915,Aqua,MODIS,72,6.1NRT,299.88,13.93,D
-6.21565,-53.23267,321.27,1.0,1.0,2026-09-08,1915,Aqua,MODIS,76,6.1NRT,299.33,12.9,D
-6.1754,-49.65454,319.73,1.32,1.14,2026-09-08,1915,Aqua,MODIS,53,6.1NRT,291.94,16.2,D
-6.16323,-44.67514,314.36,3.21,1.7,2026-09-08,1915,Aqua,MODIS,56,6.1NRT,293.77,35.68,D
-6.15801,-44.65546,315.14,3.23,1.7,2026-09-08,1915,Aqua,MODIS,44,6.1NRT,291.88,36.33,D
-6.13539,-48.79626,316.07,1.51,1.21,2026-09-08,1915,Aqua,MODIS,65,6.1NRT,284.89,19.78,D
-5.99455,-52.304,326.74,1.01,1.01,2026-09-08,1915,Aqua,MODIS,80,6.1NRT,298.57,20.32,D
-5.99324,-52.29515,321.08,1.01,1.01,2026-09-08,1915,Aqua,MODIS,74,6.1NRT,300.01,14.21,D
-5.96456,-52.16331,321.93,1.02,1.01,2026-09-08,1915,Aqua,MODIS,58,6.1NRT,301.0,12.39,D
-5.96323,-52.15442,344.98,1.02,1.01,2026-09-08,1915,Aqua,MODIS,93,6.1NRT,301.42,45.69,D
-5.95369,-52.16152,315.63,1.02,1.01,2026-09-08,1915,Aqua,MODIS,46,6.1NRT,300.39,5.88,D
-5.95238,-52.1527,323.77,1.02,1.01,2026-09-08,1915,Aqua,MODIS,78,6.1NRT,300.2,14.16,D
-5.9204,-52.48337,322.98,1.01,1.0,2026-09-08,1915,Aqua,MODIS,77,6.1NRT,296.61,14.28,D
-5.90765,-51.54046,344.03,1.06,1.03,2026-09-08,1915,Aqua,MODIS,92,6.1NRT,301.05,46.82,D
-5.90626,-51.53121,320.38,1.06,1.03,2026-09-08,1915,Aqua,MODIS,71,6.1NRT,299.72,11.42,D
-5.90584,-51.15814,323.47,1.1,1.05,2026-09-08,1915,Aqua,MODIS,77,6.1NRT,300.63,16.92,D
-5.87561,-52.18264,322.55,1.02,1.01,2026-09-08,1915,Aqua,MODIS,76,6.1NRT,300.74,13.87,D
-5.8478,-52.0745,323.16,1.03,1.01,2026-09-08,1915,Aqua,MODIS,48,6.1NRT,301.96,15.22,D
-5.84649,-52.06561,326.73,1.03,1.01,2026-09-08,1915,Aqua,MODIS,73,6.1NRT,299.78,19.23,D
-5.82701,-53.81355,325.4,1.02,1.01,2026-09-08,1915,Aqua,MODIS,80,6.1NRT,298.4,18.71,D
-5.8257,-53.80465,327.53,1.02,1.01,2026-09-08,1915,Aqua,MODIS,82,6.1NRT,297.15,21.08,D
-5.8244,-53.79574,364.5,1.02,1.01,2026-09-08,1915,Aqua,MODIS,100,6.1NRT,300.87,96.9,D
-5.82309,-53.78685,327.93,1.02,1.01,2026-09-08,1915,Aqua,MODIS,82,6.1NRT,298.85,23.29,D
-5.81819,-53.81484,314.78,1.02,1.01,2026-09-08,1915,Aqua,MODIS,47,6.1NRT,292.62,7.43,D
-5.81553,-52.16169,316.59,1.02,1.01,2026-09-08,1915,Aqua,MODIS,68,6.1NRT,300.94,8.25,D
-5.75281,-50.19081,351.92,1.24,1.11,2026-09-08,1915,Aqua,MODIS,96,6.1NRT,298.03,80.82,D
-5.70845,-52.30168,317.01,1.02,1.01,2026-09-08,1915,Aqua,MODIS,68,6.1NRT,301.47,8.96,D
-5.67975,-50.1017,319.41,1.26,1.11,2026-09-08,1915,Aqua,MODIS,70,6.1NRT,296.3,15.16,D
-5.65981,-51.67191,314.62,1.06,1.03,2026-09-08,1915,Aqua,MODIS,63,6.1NRT,295.8,7.03,D
-5.63018,-51.77967,315.13,1.05,1.02,2026-09-08,1915,Aqua,MODIS,64,6.1NRT,295.2,7.26,D
-5.6288,-51.77054,317.68,1.05,1.02,2026-09-08,1915,Aqua,MODIS,69,6.1NRT,295.83,9.78,D
-5.61276,-51.91947,311.86,1.04,1.02,2026-09-08,1915,Aqua,MODIS,45,6.1NRT,297.34,5.11,D
-5.59756,-51.13086,318.56,1.11,1.05,2026-09-08,1915,Aqua,MODIS,70,6.1NRT,300.8,10.6,D
-5.56297,-52.08032,321.33,1.03,1.01,2026-09-08,1915,Aqua,MODIS,74,6.1NRT,300.13,15.0,D
-5.45314,-60.25122,313.57,2.62,1.55,2026-09-08,1915,Aqua,MODIS,34,6.1NRT,291.18,34.55,D
-5.3941,-54.4523,318.72,1.05,1.02,2026-09-08,1915,Aqua,MODIS,0,6.1NRT,302.76,10.82,D
-5.39278,-54.44311,316.41,1.05,1.02,2026-09-08,1915,Aqua,MODIS,0,6.1NRT,301.31,8.65,D
-5.3323,-55.88305,312.76,1.22,1.1,2026-09-08,1915,Aqua,MODIS,53,6.1NRT,300.3,7.21,D
-5.33079,-55.87244,316.01,1.22,1.1,2026-09-08,1915,Aqua,MODIS,68,6.1NRT,300.46,10.54,D
-5.31218,-56.11354,324.98,1.26,1.12,2026-09-08,1915,Aqua,MODIS,79,6.1NRT,300.82,20.93,D
-5.2635,-50.46071,323.14,1.21,1.09,2026-09-08,1915,Aqua,MODIS,75,6.1NRT,299.28,16.29,D
-5.19347,-56.20358,312.53,1.27,1.12,2026-09-08,1915,Aqua,MODIS,60,6.1NRT,299.46,7.62,D
-5.13999,-55.96614,320.71,1.23,1.1,2026-09-08,1915,Aqua,MODIS,26,6.1NRT,302.96,12.34,D
-5.12638,-56.24279,340.42,1.28,1.12,2026-09-08,1915,Aqua,MODIS,90,6.1NRT,296.34,55.49,D
-5.11657,-56.24424,321.07,1.28,1.12,2026-09-08,1915,Aqua,MODIS,75,6.1NRT,298.01,19.69,D
-4.99496,-50.64965,325.84,1.19,1.09,2026-09-08,1915,Aqua,MODIS,79,6.1NRT,302.66,18.08,D
-4.99002,-50.64535,326.69,1.19,1.09,2026-09-08,1915,Aqua,MODIS,80,6.1NRT,303.32,19.07,D
-4.92591,-55.82512,320.32,1.2,1.09,2026-09-08,1915,Aqua,MODIS,53,6.1NRT,299.91,12.68,D
-4.92172,-55.83241,320.08,1.2,1.09,2026-09-08,1915,Aqua,MODIS,64,6.1NRT,299.97,13.41,D
-4.92018,-55.82189,350.36,1.2,1.09,2026-09-08,1915,Aqua,MODIS,95,6.1NRT,302.59,73.12,D
-4.90232,-55.89992,321.82,1.21,1.09,2026-09-08,1915,Aqua,MODIS,76,6.1NRT,299.88,16.25,D
-4.87865,-55.87113,320.34,1.21,1.09,2026-09-08,1915,Aqua,MODIS,74,6.1NRT,302.45,13.71,D
-4.87714,-55.86066,330.6,1.2,1.09,2026-09-08,1915,Aqua,MODIS,84,6.1NRT,300.0,28.87,D
-4.8751,-55.91452,326.0,1.21,1.09,2026-09-08,1915,Aqua,MODIS,80,6.1NRT,299.66,21.99,D
-4.86553,-55.91593,354.46,1.21,1.09,2026-09-08,1915,Aqua,MODIS,97,6.1NRT,302.2,85.92,D
-4.86403,-55.90539,327.61,1.21,1.09,2026-09-08,1915,Aqua,MODIS,81,6.1NRT,300.03,23.44,D
-4.81513,-56.13659,346.79,1.25,1.11,2026-09-08,1915,Aqua,MODIS,94,6.1NRT,298.53,67.38,D
-4.8136,-56.12587,319.76,1.24,1.11,2026-09-08,1915,Aqua,MODIS,73,6.1NRT,301.26,13.86,D
-4.5627,-49.23417,328.18,1.49,1.21,2026-09-08,1915,Aqua,MODIS,66,6.1NRT,298.38,34.12,D
-4.55542,-55.98572,318.57,1.21,1.09,2026-09-08,1915,Aqua,MODIS,70,6.1NRT,299.72,13.49,D
-4.44513,-54.84653,325.6,1.07,1.03,2026-09-08,1915,Aqua,MODIS,79,6.1NRT,299.02,19.02,D
-4.44379,-54.83728,363.56,1.07,1.03,2026-09-08,1915,Aqua,MODIS,94,6.1NRT,302.81,99.81,D
-4.44245,-54.82805,321.71,1.07,1.03,2026-09-08,1915,Aqua,MODIS,66,6.1NRT,299.08,15.23,D
-4.43162,-50.68211,337.75,1.21,1.09,2026-09-08,1915,Aqua,MODIS,88,6.1NRT,298.16,42.99,D
-4.43005,-50.67157,318.62,1.21,1.09,2026-09-08,1915,Aqua,MODIS,70,6.1NRT,299.48,11.4,D
-4.39135,-55.05264,372.34,1.09,1.04,2026-09-08,1915,Aqua,MODIS,100,6.1NRT,303.56,131.89,D
-4.38998,-55.04322,363.04,1.09,1.04,2026-09-08,1915,Aqua,MODIS,100,6.1NRT,302.99,98.41,D
-4.38226,-55.05402,399.29,1.09,1.04,2026-09-08,1915,Aqua,MODIS,100,6.1NRT,309.0,272.12,D
-4.38091,-55.04464,425.47,1.09,1.04,2026-09-08,1915,Aqua,MODIS,100,6.1NRT,313.81,490.46,D
-4.26732,-56.17583,315.96,1.23,1.1,2026-09-08,1915,Aqua,MODIS,67,6.1NRT,301.06,8.53,D
-4.19902,-47.82522,314.26,1.95,1.36,2026-09-08,1915,Aqua,MODIS,0,6.1NRT,292.55,22.25,D
-4.17279,-55.01075,312.49,1.08,1.04,2026-09-08,1915,Aqua,MODIS,56,6.1NRT,297.64,5.12,D
-4.0962,-53.98711,313.44,1.01,1.0,2026-09-08,1915,Aqua,MODIS,60,6.1NRT,301.51,5.45,D
-4.07382,-55.77925,315.71,1.17,1.07,2026-09-08,1915,Aqua,MODIS,66,6.1NRT,301.95,8.71,D
-4.05313,-50.88169,323.57,1.19,1.08,2026-09-08,1915,Aqua,MODIS,77,6.1NRT,302.23,16.54,D
-4.05158,-50.87137,333.89,1.19,1.09,2026-09-08,1915,Aqua,MODIS,86,6.1NRT,301.54,32.71,D
-4.04523,-50.89351,325.9,1.19,1.08,2026-09-08,1915,Aqua,MODIS,79,6.1NRT,300.27,18.97,D
-4.02696,-56.29519,313.58,1.24,1.11,2026-09-08,1915,Aqua,MODIS,55,6.1NRT,300.24,8.9,D
-4.01142,-51.03117,343.75,1.17,1.08,2026-09-08,1915,Aqua,MODIS,92,6.1NRT,298.77,53.81,D
-3.98451,-51.10773,317.93,1.16,1.07,2026-09-08,1915,Aqua,MODIS,65,6.1NRT,299.65,13.0,D
-3.95905,-59.3714,325.91,2.09,1.41,2026-09-08,1915,Aqua,MODIS,80,6.1NRT,297.36,49.57,D
-3.95835,-56.02291,316.24,1.2,1.09,2026-09-08,1915,Aqua,MODIS,53,6.1NRT,300.41,9.58,D
-3.94733,-56.01377,313.89,1.2,1.09,2026-09-08,1915,Aqua,MODIS,28,6.1NRT,299.48,7.67,D
-3.83296,-50.64713,316.7,1.23,1.1,2026-09-08,1915,Aqua,MODIS,55,6.1NRT,299.21,8.46,D
-3.81367,-55.89793,326.55,1.17,1.08,2026-09-08,1915,Aqua,MODIS,80,6.1NRT,300.89,22.36,D
-3.81217,-55.88772,319.03,1.17,1.08,2026-09-08,1915,Aqua,MODIS,68,6.1NRT,301.87,12.14,D
-3.78338,-58.85774,320.57,1.89,1.34,2026-09-08,1915,Aqua,MODIS,75,6.1NRT,298.21,29.21,D
-3.77673,-58.8639,312.19,1.89,1.34,2026-09-08,1915,Aqua,MODIS,59,6.1NRT,297.48,12.22,D
-3.77473,-53.42236,334.8,1.0,1.0,2026-09-08,1915,Aqua,MODIS,87,6.1NRT,301.03,29.68,D
-3.77435,-58.84754,318.21,1.89,1.34,2026-09-08,1915,Aqua,MODIS,71,6.1NRT,297.95,25.29,D
-3.77345,-53.41365,350.39,1.0,1.0,2026-09-08,1915,Aqua,MODIS,95,6.1NRT,302.11,57.54,D
-3.77231,-51.97293,313.07,1.07,1.03,2026-09-08,1915,Aqua,MODIS,61,6.1NRT,293.35,10.56,D
-3.76446,-57.03107,313.77,1.38,1.16,2026-09-08,1915,Aqua,MODIS,61,6.1NRT,297.34,10.02,D
-3.73061,-55.95753,318.8,1.18,1.08,2026-09-08,1915,Aqua,MODIS,71,6.1NRT,300.29,13.19,D
-3.70846,-58.9476,312.97,1.91,1.35,2026-09-08,1915,Aqua,MODIS,35,6.1NRT,295.86,14.31,D
-3.7047,-55.47661,318.42,1.12,1.05,2026-09-08,1915,Aqua,MODIS,70,6.1NRT,301.55,10.55,D
-3.69021,-54.54935,318.58,1.03,1.02,2026-09-08,1915,Aqua,MODIS,44,6.1NRT,301.49,10.02,D
-3.6889,-54.54036,358.0,1.03,1.02,2026-09-08,1915,Aqua,MODIS,99,6.1NRT,304.63,78.05,D
-3.68758,-54.53139,318.91,1.03,1.01,2026-09-08,1915,Aqua,MODIS,61,6.1NRT,301.64,9.96,D
-3.68244,-58.53666,317.21,1.78,1.31,2026-09-08,1915,Aqua,MODIS,65,6.1NRT,298.38,22.42,D
-3.61299,-51.51771,326.07,1.12,1.05,2026-09-08,1915,Aqua,MODIS,70,6.1NRT,297.39,21.58,D
-3.60523,-51.52878,315.77,1.12,1.05,2026-09-08,1915,Aqua,MODIS,52,6.1NRT,297.81,8.32,D
-3.60379,-51.51911,326.73,1.12,1.05,2026-09-08,1915,Aqua,MODIS,81,6.1NRT,299.07,22.04,D
-3.58784,-51.05714,325.86,1.18,1.08,2026-09-08,1915,Aqua,MODIS,80,6.1NRT,298.03,22.33,D
-3.586,-55.60573,315.39,1.13,1.06,2026-09-08,1915,Aqua,MODIS,65,6.1NRT,301.0,8.26,D
-3.54882,-48.19067,344.25,1.87,1.34,2026-09-08,1915,Aqua,MODIS,92,6.1NRT,297.09,110.24,D
-3.52147,-56.90955,318.26,1.34,1.15,2026-09-08,1915,Aqua,MODIS,71,6.1NRT,298.19,15.06,D
-3.51982,-56.8979,315.51,1.34,1.15,2026-09-08,1915,Aqua,MODIS,66,6.1NRT,297.72,10.95,D
-3.49625,-50.60126,319.2,1.25,1.11,2026-09-08,1915,Aqua,MODIS,72,6.1NRT,298.83,12.84,D
-3.30382,-52.11145,327.06,1.06,1.03,2026-09-08,1915,Aqua,MODIS,71,6.1NRT,297.07,20.89,D
-3.25292,-50.8336,332.09,1.22,1.1,2026-09-08,1915,Aqua,MODIS,85,6.1NRT,299.74,32.25,D
-3.25135,-50.82302,344.88,1.23,1.1,2026-09-08,1915,Aqua,MODIS,93,6.1NRT,299.41,59.71,D
-3.22791,-50.57582,315.19,1.27,1.12,2026-09-08,1915,Aqua,MODIS,54,6.1NRT,297.87,7.55,D
-3.19229,-52.2346,322.85,1.05,1.03,2026-09-08,1915,Aqua,MODIS,52,6.1NRT,300.87,14.49,D
-3.19094,-52.22542,322.96,1.06,1.03,2026-09-08,1915,Aqua,MODIS,58,6.1NRT,299.99,14.76,D
-3.05488,-43.89455,312.96,4.25,1.91,2026-09-08,1915,Aqua,MODIS,43,6.1NRT,291.65,46.49,D
-2.99301,-54.02669,313.17,1.0,1.0,2026-09-08,1915,Aqua,MODIS,46,6.1NRT,298.46,6.26,D
-2.94323,-50.46673,387.11,1.3,1.13,2026-09-08,1915,Aqua,MODIS,100,6.1NRT,301.03,261.75,D
-2.9415,-50.45543,322.6,1.3,1.13,2026-09-08,1915,Aqua,MODIS,57,6.1NRT,295.96,19.44,D
-2.93506,-50.47943,342.14,1.3,1.13,2026-09-08,1915,Aqua,MODIS,91,6.1NRT,297.0,56.91,D
-2.93357,-50.47372,331.25,1.3,1.13,2026-09-08,1915,Aqua,MODIS,84,6.1NRT,297.25,33.66,D
-2.93334,-50.46822,335.25,1.3,1.13,2026-09-08,1915,Aqua,MODIS,87,6.1NRT,296.26,41.02,D
-2.78023,-49.4783,331.99,1.53,1.22,2026-09-08,1915,Aqua,MODIS,60,6.1NRT,291.9,46.22,D
-2.77501,-49.47116,331.79,1.54,1.22,2026-09-08,1915,Aqua,MODIS,46,6.1NRT,294.53,42.56,D
-2.73528,-51.82958,330.85,1.1,1.05,2026-09-08,1915,Aqua,MODIS,84,6.1NRT,299.59,25.95,D
-2.73387,-51.82001,316.03,1.1,1.05,2026-09-08,1915,Aqua,MODIS,67,6.1NRT,298.51,7.7,D
-2.4823,-49.80117,315.74,1.47,1.2,2026-09-08,1915,Aqua,MODIS,62,6.1NRT,296.97,11.02,D
-3.79836,-59.73744,313.9,2.23,1.45,2026-09-08,1917,Aqua,MODIS,64,6.1NRT,297.58,18.29,D
-3.79558,-59.71819,316.39,2.22,1.44,2026-09-08,1917,Aqua,MODIS,68,6.1NRT,298.0,24.48,D
-3.76971,-61.77352,327.94,3.26,1.71,2026-09-08,1917,Aqua,MODIS,71,6.1NRT,297.02,110.13,D
-3.7695,-61.76646,324.7,3.26,1.71,2026-09-08,1917,Aqua,MODIS,68,6.1NRT,296.98,95.24,D
-3.56988,-58.55941,331.5,1.78,1.31,2026-09-08,1917,Aqua,MODIS,84,6.1NRT,299.22,58.45,D
-3.56087,-58.56593,339.91,1.78,1.31,2026-09-08,1917,Aqua,MODIS,90,6.1NRT,300.25,84.28,D
-3.5606,-58.57641,315.71,1.78,1.31,2026-09-08,1917,Aqua,MODIS,40,6.1NRT,299.39,15.62,D
-3.5586,-58.5505,325.63,1.77,1.3,2026-09-08,1917,Aqua,MODIS,80,6.1NRT,298.69,37.99,D
-3.55847,-58.56106,333.93,1.78,1.31,2026-09-08,1917,Aqua,MODIS,86,6.1NRT,299.54,63.43,D
-3.46597,-59.51456,319.14,2.11,1.41,2026-09-08,1917,Aqua,MODIS,72,6.1NRT,302.25,28.43,D
-3.4424,-59.26315,359.38,2.01,1.38,2026-09-08,1917,Aqua,MODIS,99,6.1NRT,304.42,208.34,D
-3.43034,-59.2649,321.1,2.01,1.38,2026-09-08,1917,Aqua,MODIS,68,6.1NRT,303.45,25.27,D
-3.42785,-59.24747,317.78,2.0,1.38,2026-09-08,1917,Aqua,MODIS,42,6.1NRT,302.97,15.96,D
-3.38855,-61.32001,319.11,2.96,1.64,2026-09-08,1917,Aqua,MODIS,56,6.1NRT,293.02,50.34,D
-3.38571,-61.32497,317.13,2.96,1.64,2026-09-08,1917,Aqua,MODIS,69,6.1NRT,291.67,45.87,D
-3.38531,-59.42216,319.69,2.07,1.4,2026-09-08,1917,Aqua,MODIS,39,6.1NRT,301.64,22.44,D
-3.36869,-59.84232,314.28,2.23,1.45,2026-09-08,1917,Aqua,MODIS,32,6.1NRT,296.88,16.87,D
-3.36848,-59.84731,317.4,2.23,1.45,2026-09-08,1917,Aqua,MODIS,71,6.1NRT,296.79,28.0,D
-3.36345,-59.44364,333.52,2.07,1.4,2026-09-08,1917,Aqua,MODIS,86,6.1NRT,298.92,71.01,D
-3.36089,-59.42573,324.01,2.07,1.4,2026-09-08,1917,Aqua,MODIS,78,6.1NRT,298.2,35.82,D
-3.35494,-58.17849,315.92,1.65,1.26,2026-09-08,1917,Aqua,MODIS,58,6.1NRT,296.34,19.22,D
-3.2134,-57.53061,328.55,1.46,1.2,2026-09-08,1917,Aqua,MODIS,62,6.1NRT,297.3,38.07,D
-3.19007,-57.89552,314.2,1.56,1.23,2026-09-08,1917,Aqua,MODIS,0,6.1NRT,295.62,11.46,D
-3.14491,-60.64271,317.49,2.57,1.54,2026-09-08,1917,Aqua,MODIS,73,6.1NRT,291.31,39.65,D
-3.13379,-57.69344,320.99,1.5,1.21,2026-09-08,1917,Aqua,MODIS,70,6.1NRT,294.77,22.12,D
-3.03583,-57.87486,324.51,1.54,1.22,2026-09-08,1917,Aqua,MODIS,78,6.1NRT,296.94,29.18,D
-3.02512,-57.8764,337.92,1.54,1.22,2026-09-08,1917,Aqua,MODIS,89,6.1NRT,298.13,61.7,D
-3.02322,-57.86305,318.0,1.54,1.22,2026-09-08,1917,Aqua,MODIS,48,6.1NRT,298.25,15.44,D
-2.96554,-57.72992,313.41,1.5,1.21,2026-09-08,1917,Aqua,MODIS,46,6.1NRT,297.34,10.45,D
-2.93723,-57.90958,316.98,1.55,1.23,2026-09-08,1917,Aqua,MODIS,65,6.1NRT,295.35,16.93,D
-2.84242,-53.99229,313.46,1.0,1.0,2026-09-08,1917,Aqua,MODIS,61,6.1NRT,298.83,5.67,D
-2.82906,-56.87092,314.35,1.3,1.13,2026-09-08,1917,Aqua,MODIS,64,6.1NRT,300.55,8.82,D
-2.79184,-57.03399,314.98,1.33,1.14,2026-09-08,1917,Aqua,MODIS,52,6.1NRT,300.12,8.15,D
-2.79083,-57.02862,316.88,1.33,1.14,2026-09-08,1917,Aqua,MODIS,65,6.1NRT,299.58,10.46,D
-2.67721,-54.06467,316.92,1.0,1.0,2026-09-08,1917,Aqua,MODIS,61,6.1NRT,298.25,10.7,D
-2.64669,-57.92117,318.63,1.53,1.22,2026-09-08,1917,Aqua,MODIS,54,6.1NRT,301.12,17.37,D
-2.64479,-54.72493,329.78,1.03,1.01,2026-09-08,1917,Aqua,MODIS,83,6.1NRT,301.12,19.84,D
-2.64349,-54.71599,325.31,1.03,1.01,2026-09-08,1917,Aqua,MODIS,79,6.1NRT,301.39,13.94,D
-2.52944,-57.8226,326.5,1.5,1.21,2026-09-08,1917,Aqua,MODIS,0,6.1NRT,301.78,30.23,D
-2.46734,-54.90689,320.9,1.04,1.02,2026-09-08,1917,Aqua,MODIS,25,6.1NRT,303.87,9.98,D
-2.33129,-55.55275,319.49,1.09,1.04,2026-09-08,1917,Aqua,MODIS,70,6.1NRT,303.08,10.73,D
-2.19642,-55.96037,316.67,1.14,1.06,2026-09-08,1917,Aqua,MODIS,66,6.1NRT,301.94,8.77,D
-2.12312,-54.3953,326.99,1.01,1.0,2026-09-08,1917,Aqua,MODIS,47,6.1NRT,303.6,14.77,D
-2.12183,-54.38653,326.95,1.01,1.0,2026-09-08,1917,Aqua,MODIS,49,6.1NRT,302.49,14.88,D
-2.11434,-54.39659,322.27,1.01,1.0,2026-09-08,1917,Aqua,MODIS,74,6.1NRT,303.3,11.05,D
-2.11305,-54.38782,320.11,1.01,1.0,2026-09-08,1917,Aqua,MODIS,71,6.1NRT,302.25,9.36,D
-2.05566,-54.48604,313.93,1.01,1.01,2026-09-08,1917,Aqua,MODIS,52,6.1NRT,300.42,4.25,D
-2.03257,-54.3281,316.04,1.01,1.0,2026-09-08,1917,Aqua,MODIS,63,6.1NRT,300.44,6.07,D
-2.02847,-52.11091,313.92,1.09,1.04,2026-09-08,1917,Aqua,MODIS,63,6.1NRT,299.32,6.46,D
-2.02732,-56.70905,313.1,1.24,1.11,2026-09-08,1917,Aqua,MODIS,0,6.1NRT,297.26,6.64,D
-2.02707,-52.10146,314.97,1.09,1.04,2026-09-08,1917,Aqua,MODIS,65,6.1NRT,298.31,7.08,D
-2.01853,-54.30908,323.39,1.01,1.0,2026-09-08,1917,Aqua,MODIS,75,6.1NRT,300.84,13.4,D
-2.01724,-54.30034,326.94,1.01,1.0,2026-09-08,1917,Aqua,MODIS,79,6.1NRT,301.63,17.14,D
-1.97746,-56.49909,316.64,1.21,1.09,2026-09-08,1917,Aqua,MODIS,46,6.1NRT,301.01,8.58,D
-1.96379,-60.02158,313.71,2.19,1.43,2026-09-08,1917,Aqua,MODIS,68,6.1NRT,289.93,24.37,D
-1.96104,-60.00254,320.99,2.18,1.43,2026-09-08,1917,Aqua,MODIS,78,6.1NRT,290.13,43.78,D
-1.81223,-52.08746,312.61,1.1,1.04,2026-09-08,1917,Aqua,MODIS,61,6.1NRT,297.96,4.99,D
-1.8031,-52.0888,327.89,1.1,1.04,2026-09-08,1917,Aqua,MODIS,82,6.1NRT,297.51,22.15,D
-1.79064,-55.58197,314.43,1.08,1.04,2026-09-08,1917,Aqua,MODIS,56,6.1NRT,297.85,6.8,D
-1.7733,-54.96018,317.86,1.03,1.02,2026-09-08,1917,Aqua,MODIS,52,6.1NRT,299.06,8.25,D
-1.73058,-55.74255,314.62,1.1,1.05,2026-09-08,1917,Aqua,MODIS,62,6.1NRT,297.05,7.27,D
-1.71455,-55.18695,323.94,1.05,1.02,2026-09-08,1917,Aqua,MODIS,77,6.1NRT,300.56,13.61,D
-1.71322,-55.17783,326.26,1.05,1.02,2026-09-08,1917,Aqua,MODIS,79,6.1NRT,301.53,16.42,D
-1.67386,-55.67291,323.93,1.09,1.04,2026-09-08,1917,Aqua,MODIS,73,6.1NRT,292.7,17.72,D
-1.67249,-55.66344,325.78,1.09,1.04,2026-09-08,1917,Aqua,MODIS,75,6.1NRT,296.06,20.06,D
-1.64781,-55.99717,313.63,1.13,1.06,2026-09-08,1917,Aqua,MODIS,53,6.1NRT,297.33,6.55,D
-1.57166,-54.47744,345.98,1.01,1.0,2026-09-08,1917,Aqua,MODIS,93,6.1NRT,300.66,46.62,D
-1.56761,-55.25803,315.19,1.05,1.02,2026-09-08,1917,Aqua,MODIS,61,6.1NRT,294.83,6.98,D
-1.51397,-55.01629,314.13,1.03,1.02,2026-09-08,1917,Aqua,MODIS,57,6.1NRT,296.91,7.48,D
-1.47278,-54.85826,343.02,1.02,1.01,2026-09-08,1917,Aqua,MODIS,92,6.1NRT,304.9,40.07,D
-1.47148,-54.84936,344.71,1.02,1.01,2026-09-08,1917,Aqua,MODIS,93,6.1NRT,302.88,42.57,D
-1.46524,-54.86843,374.69,1.02,1.01,2026-09-08,1917,Aqua,MODIS,87,6.1NRT,301.36,127.38,D
-1.46394,-54.85953,397.19,1.02,1.01,2026-09-08,1917,Aqua,MODIS,94,6.1NRT,305.18,234.38,D
-1.46265,-54.85064,330.25,1.02,1.01,2026-09-08,1917,Aqua,MODIS,55,6.1NRT,298.95,19.52,D
-1.43138,-55.84335,325.51,1.1,1.05,2026-09-08,1917,Aqua,MODIS,80,6.1NRT,294.6,19.46,D
-1.43,-55.83379,327.08,1.1,1.05,2026-09-08,1917,Aqua,MODIS,81,6.1NRT,295.43,21.68,D
-1.32275,-54.66628,356.99,1.01,1.01,2026-09-08,1917,Aqua,MODIS,98,6.1NRT,296.99,72.95,D
-1.32144,-54.65745,419.18,1.01,1.01,2026-09-08,1917,Aqua,MODIS,100,6.1NRT,299.3,388.99,D
-1.32014,-54.64864,318.04,1.01,1.01,2026-09-08,1917,Aqua,MODIS,42,6.1NRT,293.36,9.52,D
-1.31267,-54.6588,343.57,1.01,1.01,2026-09-08,1917,Aqua,MODIS,92,6.1NRT,297.8,44.22,D
-1.3001,-55.70031,323.2,1.08,1.04,2026-09-08,1917,Aqua,MODIS,78,6.1NRT,293.89,18.39,D
-1.22051,-54.09324,318.05,1.0,1.0,2026-09-08,1917,Aqua,MODIS,72,6.1NRT,293.99,11.89,D
-1.20099,-55.7213,341.87,1.08,1.04,2026-09-08,1917,Aqua,MODIS,91,6.1NRT,295.03,42.58,D
-1.19958,-55.71181,352.88,1.08,1.04,2026-09-08,1917,Aqua,MODIS,97,6.1NRT,297.0,67.26,D
-1.19819,-55.70241,335.65,1.08,1.04,2026-09-08,1917,Aqua,MODIS,88,6.1NRT,294.49,31.71,D
-1.19191,-55.72263,326.11,1.08,1.04,2026-09-08,1917,Aqua,MODIS,81,6.1NRT,293.71,18.74,D
-1.12662,-54.08705,311.95,1.0,1.0,2026-09-08,1917,Aqua,MODIS,61,6.1NRT,292.16,5.53,D
-1.12534,-54.07837,310.65,1.0,1.0,2026-09-08,1917,Aqua,MODIS,58,6.1NRT,294.4,4.4,D
-1.11788,-54.08834,328.99,1.0,1.0,2026-09-08,1917,Aqua,MODIS,83,6.1NRT,296.46,22.12,D
-1.11661,-54.07966,326.01,1.0,1.0,2026-09-08,1917,Aqua,MODIS,81,6.1NRT,296.08,18.37,D
-1.03927,-53.7361,314.32,1.0,1.0,2026-09-08,1917,Aqua,MODIS,60,6.1NRT,295.9,7.72,D
-1.03798,-53.72739,331.45,1.0,1.0,2026-09-08,1917,Aqua,MODIS,85,6.1NRT,298.5,25.88,D
-0.73461,-49.23117,318.54,1.73,1.29,2026-09-08,1917,Aqua,MODIS,70,6.1NRT,287.49,28.36,D
0.08119,-60.57627,303.65,2.23,1.45,2026-09-08,1917,Aqua,MODIS,45,6.1NRT,276.83,15.08,D
0.61641,-50.80959,334.26,1.39,1.17,2026-09-08,1917,Aqua,MODIS,88,6.1NRT,297.74,43.18,D
0.62493,-50.81759,336.26,1.39,1.17,2026-09-08,1917,Aqua,MODIS,89,6.1NRT,298.14,47.19,D
0.62667,-50.80553,340.96,1.39,1.17,2026-09-08,1917,Aqua,MODIS,91,6.1NRT,298.51,59.5,D
0.77082,-59.33261,306.09,1.73,1.29,2026-09-08,1917,Aqua,MODIS,60,6.1NRT,279.86,11.28,D
1.01718,-60.49556,317.05,2.12,1.41,2026-09-08,1917,Aqua,MODIS,74,6.1NRT,295.41,27.52,D
1.10073,-60.52661,310.44,2.12,1.42,2026-09-08,1917,Aqua,MODIS,48,6.1NRT,291.82,14.36,D
1.10345,-60.50835,308.67,2.12,1.41,2026-09-08,1917,Aqua,MODIS,39,6.1NRT,288.6,10.34,D
1.99686,-56.09417,338.62,1.06,1.03,2026-09-08,1917,Aqua,MODIS,90,6.1NRT,298.61,37.7,D
2.04297,-56.09167,323.77,1.05,1.03,2026-09-08,1917,Aqua,MODIS,69,6.1NRT,296.38,17.42,D
2.05634,-55.81573,323.32,1.03,1.02,2026-09-08,1917,Aqua,MODIS,59,6.1NRT,296.85,14.51,D
2.18606,-56.00394,312.28,1.05,1.02,2026-09-08,1917,Aqua,MODIS,41,6.1NRT,293.16,8.03,D
2.49514,-51.00197,314.3,1.44,1.19,2026-09-08,1917,Aqua,MODIS,68,6.1NRT,295.03,9.36,D
2.65798,-60.17952,319.16,1.87,1.34,2026-09-08,1917,Aqua,MODIS,75,6.1NRT,297.21,21.63,D
3.76088,-59.52565,318.72,1.59,1.24,2026-09-08,1917,Aqua,MODIS,39,6.1NRT,287.02,21.38,D
3.76393,-59.53291,315.7,1.59,1.24,2026-09-08,1917,Aqua,MODIS,49,6.1NRT,286.92,16.15,D
3.7661,-59.51914,316.99,1.59,1.24,2026-09-08,1917,Aqua,MODIS,51,6.1NRT,289.31,17.53,D
4.59574,-59.88435,312.07,1.64,1.26,2026-09-08,1919,Aqua,MODIS,64,6.1NRT,287.95,12.42,D
4.64362,-59.79021,315.88,1.61,1.25,2026-09-08,1919,Aqua,MODIS,63,6.1NRT,292.44,17.14,D
4.64593,-59.77486,312.91,1.61,1.25,2026-09-08,1919,Aqua,MODIS,46,6.1NRT,291.71,13.84,D
4.64868,-59.78241,314.15,1.61,1.25,2026-09-08,1919,Aqua,MODIS,59,6.1NRT,291.3,16.25,D
4.88901,-58.7085,313.84,1.34,1.15,2026-09-08,1919,Aqua,MODIS,67,6.1NRT,296.83,10.42,D
-33.47434,-68.93334,327.37,1.09,1.04,2026-09-08,2046,Aqua,MODIS,85,6.1NRT,294.28,27.17,D
-33.47249,-68.92198,360.51,1.09,1.04,2026-09-08,2046,Aqua,MODIS,100,6.1NRT,296.72,97.13,D
-33.45965,-68.90137,307.87,1.09,1.04,2026-09-08,2046,Aqua,MODIS,65,6.1NRT,293.01,7.4,D
-33.35931,-67.93111,306.47,1.19,1.09,2026-09-08,2046,Aqua,MODIS,63,6.1NRT,295.99,6.4,D
-31.90822,-65.91944,310.42,1.64,1.26,2026-09-08,2046,Aqua,MODIS,70,6.1NRT,295.59,17.39,D
-29.91906,-63.01642,302.33,2.86,1.61,2026-09-08,2046,Aqua,MODIS,52,6.1NRT,290.2,20.68,D
-29.90722,-63.01493,302.8,2.86,1.61,2026-09-08,2046,Aqua,MODIS,54,6.1NRT,290.2,21.27,D
-27.11383,-62.43777,307.36,3.68,1.8,2026-09-08,2046,Aqua,MODIS,65,6.1NRT,292.81,42.77,D
-26.5143,-63.09328,307.31,3.43,1.74,2026-09-08,2046,Aqua,MODIS,64,6.1NRT,295.59,29.71,D
-25.87955,-64.10637,311.93,3.02,1.65,2026-09-08,2046,Aqua,MODIS,69,6.1NRT,296.84,36.83,D
-25.87333,-64.07742,316.29,3.03,1.66,2026-09-08,2046,Aqua,MODIS,77,6.1NRT,296.28,54.4,D
-25.8731,-64.08215,318.86,3.03,1.66,2026-09-08,2046,Aqua,MODIS,67,6.1NRT,296.46,61.62,D
-24.91762,-63.67789,309.85,3.41,1.74,2026-09-08,2046,Aqua,MODIS,68,6.1NRT,295.34,40.54,D
-24.67789,-66.20663,301.57,2.29,1.46,2026-09-08,2049,Aqua,MODIS,9,6.1NRT,287.77,17.84,D
-22.32438,-68.88737,311.79,1.65,1.26,2026-09-08,2049,Aqua,MODIS,66,6.1NRT,297.57,14.24,D
-22.32429,-68.88176,314.19,1.65,1.26,2026-09-08,2049,Aqua,MODIS,71,6.1NRT,297.46,17.2,D
-13.98397,-40.83982,303.68,2.46,1.51,2026-09-08,2303,Terra,MODIS,42,6.1NRT,291.44,15.82,N
-12.86043,-44.4216,304.78,4.57,1.96,2026-09-08,2303,Terra,MODIS,62,6.1NRT,287.77,54.79,N
-12.85798,-44.42878,300.07,4.57,1.96,2026-09-08,2303,Terra,MODIS,14,6.1NRT,287.09,32.86,N
-12.85647,-44.38093,306.72,4.54,1.96,2026-09-08,2303,Terra,MODIS,69,6.1NRT,289.37,64.96,N
-12.85375,-44.38819,309.77,4.54,1.96,2026-09-08,2303,Terra,MODIS,78,6.1NRT,289.33,84.4,N
-12.43818,-43.42772,309.46,3.75,1.81,2026-09-08,2303,Terra,MODIS,77,6.1NRT,295.81,45.7,N
-12.43143,-43.42179,311.62,3.75,1.81,2026-09-08,2303,Terra,MODIS,83,6.1NRT,295.85,55.71,N
-11.66056,-38.45634,302.67,1.49,1.2,2026-09-08,2303,Terra,MODIS,51,6.1NRT,292.5,7.94,N
-11.30922,-37.5955,308.85,1.29,1.13,2026-09-08,2303,Terra,MODIS,76,6.1NRT,292.59,12.62,N
-11.30776,-37.58399,313.78,1.29,1.13,2026-09-08,2303,Terra,MODIS,88,6.1NRT,292.83,17.76,N
-10.08243,-36.36193,346.96,1.08,1.04,2026-09-08,2303,Terra,MODIS,100,6.1NRT,294.36,62.56,N
-10.08115,-36.35236,318.16,1.08,1.04,2026-09-08,2303,Terra,MODIS,96,6.1NRT,293.43,17.27,N
-10.9931,-45.05451,307.85,4.82,2.0,2026-09-08,2305,Terra,MODIS,71,6.1NRT,293.51,67.48,N
-10.55123,-45.1282,306.79,4.82,2.0,2026-09-08,2305,Terra,MODIS,68,6.1NRT,292.72,62.35,N
-10.55054,-45.13318,306.02,4.82,2.0,2026-09-08,2305,Terra,MODIS,65,6.1NRT,292.82,53.56,N
-9.96474,-36.17113,311.67,1.06,1.03,2026-09-08,2305,Terra,MODIS,83,6.1NRT,291.81,11.83,N
-9.95569,-36.17238,300.84,1.06,1.03,2026-09-08,2305,Terra,MODIS,34,6.1NRT,290.82,4.55,N
-9.78479,-43.51157,328.77,3.49,1.76,2026-09-08,2305,Terra,MODIS,100,6.1NRT,295.94,162.19,N
-9.78135,-43.50703,340.62,3.49,1.76,2026-09-08,2305,Terra,MODIS,100,6.1NRT,296.62,267.12,N
-9.78118,-43.48106,340.65,3.47,1.75,2026-09-08,2305,Terra,MODIS,100,6.1NRT,297.41,264.8,N
-9.77797,-43.47651,345.74,3.47,1.75,2026-09-08,2305,Terra,MODIS,100,6.1NRT,297.14,319.7,N
-9.77761,-43.45091,321.29,3.45,1.75,2026-09-08,2305,Terra,MODIS,100,6.1NRT,294.39,107.28,N
-9.77462,-43.44633,312.46,3.45,1.75,2026-09-08,2305,Terra,MODIS,84,6.1NRT,294.04,59.86,N
-9.71964,-43.48846,312.16,3.47,1.75,2026-09-08,2305,Terra,MODIS,48,6.1NRT,295.63,54.99,N
-9.70784,-43.49667,309.28,3.47,1.75,2026-09-08,2305,Terra,MODIS,30,6.1NRT,294.48,44.34,N
-9.70423,-43.49019,304.6,3.47,1.75,2026-09-08,2305,Terra,MODIS,34,6.1NRT,294.03,28.95,N
-9.70415,-43.46589,308.73,3.45,1.75,2026-09-08,2305,Terra,MODIS,24,6.1NRT,295.12,40.9,N
-9.70077,-43.45935,308.5,3.45,1.75,2026-09-08,2305,Terra,MODIS,62,6.1NRT,294.69,42.77,N
-9.55886,-35.8272,312.83,1.03,1.01,2026-09-08,2305,Terra,MODIS,86,6.1NRT,293.41,11.42,N
-9.55761,-35.81803,305.43,1.03,1.01,2026-09-08,2305,Terra,MODIS,64,6.1NRT,293.81,5.84,N
-9.057,-35.44408,304.73,1.01,1.0,2026-09-08,2305,Terra,MODIS,61,6.1NRT,293.55,5.25,N
-8.73514,-36.89346,307.84,1.11,1.05,2026-09-08,2305,Terra,MODIS,73,6.1NRT,293.94,8.09,N
-8.69418,-35.15752,307.45,1.0,1.0,2026-09-08,2305,Terra,MODIS,71,6.1NRT,292.92,9.09,N
-8.19402,-35.13312,318.39,1.0,1.0,2026-09-08,2305,Terra,MODIS,97,6.1NRT,293.95,15.33,N
-8.19281,-35.12429,322.9,1.0,1.0,2026-09-08,2305,Terra,MODIS,100,6.1NRT,294.33,19.78,N
-7.96013,-35.24738,304.14,1.0,1.0,2026-09-08,2305,Terra,MODIS,59,6.1NRT,293.64,4.68,N
-7.95134,-35.24863,320.46,1.0,1.0,2026-09-08,2305,Terra,MODIS,100,6.1NRT,293.65,17.19,N
-7.90112,-35.16309,314.34,1.0,1.0,2026-09-08,2305,Terra,MODIS,89,6.1NRT,294.15,11.99,N
-7.53135,-35.07181,306.36,1.0,1.0,2026-09-08,2305,Terra,MODIS,68,6.1NRT,293.56,6.1,N
-6.76606,-44.56693,303.93,3.82,1.83,2026-09-08,2307,Terra,MODIS,27,6.1NRT,293.17,26.25,N
-6.76292,-44.59507,304.06,3.85,1.83,2026-09-08,2307,Terra,MODIS,44,6.1NRT,293.49,30.03,N
-6.75879,-44.5607,303.2,3.82,1.83,2026-09-08,2307,Terra,MODIS,33,6.1NRT,292.98,26.34,N
-6.37113,-43.61744,323.38,3.16,1.68,2026-09-08,2307,Terra,MODIS,100,6.1NRT,294.4,101.46,N
-6.37077,-43.62284,305.7,3.16,1.68,2026-09-08,2307,Terra,MODIS,59,6.1NRT,294.11,23.66,N
-6.36765,-43.5892,348.12,3.14,1.68,2026-09-08,2307,Terra,MODIS,100,6.1NRT,296.04,297.35,N
-6.36708,-43.59457,347.71,3.14,1.68,2026-09-08,2307,Terra,MODIS,100,6.1NRT,296.23,292.96,N
-6.3563,-43.61882,304.43,3.16,1.68,2026-09-08,2307,Terra,MODIS,52,6.1NRT,294.14,21.18,N
-6.3529,-43.59092,311.02,3.14,1.68,2026-09-08,2307,Terra,MODIS,79,6.1NRT,294.41,43.45,N
-6.35231,-43.59618,305.88,3.14,1.68,2026-09-08,2307,Terra,MODIS,61,6.1NRT,294.31,24.42,N
-6.16995,-44.67874,303.5,3.82,1.83,2026-09-08,2307,Terra,MODIS,50,6.1NRT,284.7,39.02,N
-6.16578,-44.64526,300.76,3.8,1.82,2026-09-08,2307,Terra,MODIS,16,6.1NRT,285.86,26.39,N
-6.04208,-42.65845,313.93,2.61,1.55,2026-09-08,2307,Terra,MODIS,87,6.1NRT,294.42,42.32,N
-6.03929,-42.63572,327.75,2.6,1.55,2026-09-08,2307,Terra,MODIS,100,6.1NRT,295.67,97.48,N
-6.03456,-42.66476,320.21,2.61,1.55,2026-09-08,2307,Terra,MODIS,100,6.1NRT,294.66,64.56,N
-6.03161,-42.64209,361.8,2.6,1.55,2026-09-08,2307,Terra,MODIS,100,6.1NRT,297.42,359.19,N
-6.02847,-42.66008,329.91,2.61,1.55,2026-09-08,2307,Terra,MODIS,100,6.1NRT,295.26,107.73,N
-6.02571,-42.63748,343.38,2.6,1.55,2026-09-08,2307,Terra,MODIS,100,6.1NRT,296.24,190.29,N
-5.7855,-45.10275,305.44,4.08,1.87,2026-09-08,2307,Terra,MODIS,64,6.1NRT,289.83,37.49,N
-5.78103,-45.06744,325.0,4.05,1.87,2026-09-08,2307,Terra,MODIS,100,6.1NRT,290.69,162.73,N
-5.77574,-45.09922,337.73,4.08,1.87,2026-09-08,2307,Terra,MODIS,100,6.1NRT,290.44,292.05,N
-5.77154,-45.06381,349.76,4.05,1.87,2026-09-08,2307,Terra,MODIS,100,6.1NRT,291.26,456.55,N
-5.76917,-45.10543,329.05,4.08,1.87,2026-09-08,2307,Terra,MODIS,100,6.1NRT,290.39,198.29,N
-5.7647,-45.06979,350.29,4.05,1.87,2026-09-08,2307,Terra,MODIS,100,6.1NRT,291.16,464.54,N
-5.73921,-43.28058,311.31,2.9,1.62,2026-09-08,2307,Terra,MODIS,82,6.1NRT,293.55,38.36,N
-5.73568,-43.28632,309.33,2.9,1.62,2026-09-08,2307,Terra,MODIS,77,6.1NRT,293.53,33.64,N
-5.61399,-44.85253,309.67,3.87,1.83,2026-09-08,2307,Terra,MODIS,78,6.1NRT,291.61,54.81,N
-5.60534,-44.85807,308.26,3.87,1.83,2026-09-08,2307,Terra,MODIS,74,6.1NRT,291.76,45.65,N
-5.5088,-35.58784,314.09,1.0,1.0,2026-09-08,2307,Terra,MODIS,87,6.1NRT,294.45,11.45,N
-5.50759,-35.57906,363.57,1.0,1.0,2026-09-08,2307,Terra,MODIS,100,6.1NRT,296.99,95.29,N
-5.42424,-44.78798,305.56,3.8,1.82,2026-09-08,2307,Terra,MODIS,65,6.1NRT,291.6,32.72,N
-5.41515,-44.79419,308.18,3.8,1.82,2026-09-08,2307,Terra,MODIS,74,6.1NRT,291.68,43.55,N
-4.51822,-40.55909,313.23,1.67,1.27,2026-09-08,2307,Terra,MODIS,86,6.1NRT,296.02,19.32,N
-4.46938,-38.5075,334.64,1.21,1.09,2026-09-08,2307,Terra,MODIS,100,6.1NRT,296.26,43.35,N
-4.24686,-40.76431,315.98,1.72,1.29,2026-09-08,2307,Terra,MODIS,91,6.1NRT,292.82,29.79,N
-4.24609,-40.75822,325.54,1.72,1.29,2026-09-08,2307,Terra,MODIS,100,6.1NRT,293.29,50.76,N
-4.24479,-40.74928,312.13,1.71,1.28,2026-09-08,2307,Terra,MODIS,81,6.1NRT,292.75,22.48,N
-3.98481,-43.10976,320.58,2.63,1.56,2026-09-08,2307,Terra,MODIS,100,6.1NRT,294.94,63.71,N
-3.97813,-41.52191,309.77,1.95,1.36,2026-09-08,2307,Terra,MODIS,56,6.1NRT,296.28,14.96,N
-3.97754,-43.11719,314.73,2.63,1.56,2026-09-08,2307,Terra,MODIS,88,6.1NRT,294.82,42.99,N
-3.97249,-41.52907,309.55,1.95,1.36,2026-09-08,2307,Terra,MODIS,73,6.1NRT,296.55,15.57,N
-3.97015,-41.51199,307.43,1.95,1.36,2026-09-08,2307,Terra,MODIS,64,6.1NRT,296.92,12.13,N
-3.71094,-38.85564,307.52,1.24,1.11,2026-09-08,2307,Terra,MODIS,64,6.1NRT,296.5,6.9,N
-3.65227,-40.34316,311.86,1.56,1.23,2026-09-08,2307,Terra,MODIS,80,6.1NRT,296.73,15.33,N
-3.59684,-38.8614,309.98,1.24,1.1,2026-09-08,2307,Terra,MODIS,74,6.1NRT,296.64,9.35,N
-3.32276,-44.59692,303.26,3.39,1.74,2026-09-08,2307,Terra,MODIS,49,6.1NRT,291.18,20.62,N
-31.16508,-61.03692,309.36,1.95,1.36,2026-09-09,37,Terra,MODIS,77,6.1NRT,280.39,34.64,N
-31.16067,-61.04291,319.92,1.95,1.36,2026-09-09,37,Terra,MODIS,99,6.1NRT,280.88,58.0,N
-30.55716,-56.47037,301.53,1.07,1.03,2026-09-09,37,Terra,MODIS,42,6.1NRT,280.17,8.73,N
-29.83029,-57.43823,320.39,1.15,1.07,2026-09-09,37,Terra,MODIS,100,6.1NRT,282.64,26.32,N
-28.3548,-55.78052,316.19,1.01,1.0,2026-09-09,39,Terra,MODIS,93,6.1NRT,283.91,17.13,N
-28.34026,-56.29838,318.58,1.03,1.01,2026-09-09,39,Terra,MODIS,97,6.1NRT,284.84,19.54,N
-28.2966,-65.12424,332.44,3.51,1.76,2026-09-09,39,Terra,MODIS,100,6.1NRT,283.22,217.82,N
-28.29422,-65.08962,301.14,3.49,1.76,2026-09-09,39,Terra,MODIS,38,6.1NRT,281.39,44.85,N
-28.28094,-65.12537,339.83,3.51,1.76,2026-09-09,39,Terra,MODIS,100,6.1NRT,281.73,288.0,N
-28.27861,-65.09087,306.03,3.49,1.76,2026-09-09,39,Terra,MODIS,67,6.1NRT,280.98,63.15,N
-27.83231,-62.19196,321.42,2.13,1.42,2026-09-09,39,Terra,MODIS,100,6.1NRT,285.82,67.62,N
-27.83119,-62.19779,320.06,2.13,1.42,2026-09-09,39,Terra,MODIS,100,6.1NRT,286.23,63.56,N
-27.82921,-62.17655,306.27,2.12,1.42,2026-09-09,39,Terra,MODIS,67,6.1NRT,284.1,30.43,N
-27.67266,-56.96675,310.5,1.06,1.03,2026-09-09,39,Terra,MODIS,80,6.1NRT,285.78,12.77,N
-27.39481,-55.62105,302.21,1.0,1.0,2026-09-09,39,Terra,MODIS,48,6.1NRT,283.49,6.82,N
-27.37646,-55.42149,307.0,1.0,1.0,2026-09-09,39,Terra,MODIS,70,6.1NRT,285.32,9.86,N
-27.16982,-60.90478,301.97,1.69,1.28,2026-09-09,39,Terra,MODIS,46,6.1NRT,283.88,15.13,N
-26.56809,-57.23912,309.05,1.06,1.03,2026-09-09,39,Terra,MODIS,76,6.1NRT,287.51,11.23,N
-26.5598,-57.3853,301.87,1.07,1.03,2026-09-09,39,Terra,MODIS,45,6.1NRT,285.56,7.22,N
-26.50146,-63.10912,301.74,2.39,1.49,2026-09-09,39,Terra,MODIS,44,6.1NRT,285.88,25.1,N
-26.47465,-60.34043,302.15,1.52,1.22,2026-09-09,39,Terra,MODIS,47,6.1NRT,285.38,12.7,N
-26.47155,-60.34729,304.81,1.52,1.22,2026-09-09,39,Terra,MODIS,62,6.1NRT,285.88,14.89,N
-26.45684,-60.95281,302.01,1.67,1.27,2026-09-09,39,Terra,MODIS,46,6.1NRT,284.93,15.13,N
-26.20782,-59.71722,305.8,1.38,1.16,2026-09-09,39,Terra,MODIS,66,6.1NRT,285.36,13.77,N
-25.06299,-60.48853,301.63,1.49,1.21,2026-09-09,39,Terra,MODIS,43,6.1NRT,284.93,12.37,N
-25.00507,-60.40048,308.67,1.47,1.2,2026-09-09,39,Terra,MODIS,75,6.1NRT,287.34,18.28,N
-24.99447,-60.40189,301.02,1.47,1.2,2026-09-09,39,Terra,MODIS,34,6.1NRT,286.47,9.74,N
-24.9053,-63.65006,311.69,2.5,1.52,2026-09-09,39,Terra,MODIS,83,6.1NRT,285.66,51.37,N
-24.61903,-58.83276,304.35,1.18,1.08,2026-09-09,39,Terra,MODIS,60,6.1NRT,288.22,8.71,N
-24.60946,-58.83416,305.81,1.18,1.08,2026-09-09,39,Terra,MODIS,66,6.1NRT,288.61,9.81,N
-24.46346,-62.77925,325.83,2.12,1.42,2026-09-09,39,Terra,MODIS,100,6.1NRT,286.96,78.07,N
-24.46153,-62.75879,314.36,2.12,1.41,2026-09-09,39,Terra,MODIS,89,6.1NRT,286.42,44.23,N
-24.45091,-62.78068,330.33,2.12,1.42,2026-09-09,39,Terra,MODIS,100,6.1NRT,287.44,94.97,N
-24.44953,-62.7863,305.29,2.12,1.42,2026-09-09,39,Terra,MODIS,64,6.1NRT,286.64,25.16,N
-24.449,-62.76022,311.57,2.12,1.41,2026-09-09,39,Terra,MODIS,83,6.1NRT,285.37,37.68,N
-24.44748,-62.76585,307.01,2.12,1.41,2026-09-09,39,Terra,MODIS,70,6.1NRT,285.54,28.01,N
-23.87116,-58.87508,310.8,1.16,1.07,2026-09-09,39,Terra,MODIS,81,6.1NRT,289.9,13.76,N
-23.86981,-58.86389,307.12,1.16,1.07,2026-09-09,39,Terra,MODIS,70,6.1NRT,289.78,10.7,N
-23.82484,-60.0393,313.56,1.35,1.15,2026-09-09,39,Terra,MODIS,87,6.1NRT,287.57,21.34,N
-23.82201,-60.10565,301.27,1.36,1.15,2026-09-09,39,Terra,MODIS,37,6.1NRT,289.97,7.98,N
-23.82053,-60.0926,346.78,1.36,1.15,2026-09-09,39,Terra,MODIS,100,6.1NRT,293.34,89.38,N
-23.81179,-60.10706,320.9,1.36,1.15,2026-09-09,39,Terra,MODIS,100,6.1NRT,289.47,30.68,N
-23.81033,-60.094,366.51,1.36,1.15,2026-09-09,39,Terra,MODIS,100,6.1NRT,292.64,166.08,N
-23.67471,-59.36459,313.07,1.23,1.1,2026-09-09,39,Terra,MODIS,86,6.1NRT,288.55,18.06,N
-23.67142,-61.23353,306.89,1.6,1.25,2026-09-09,39,Terra,MODIS,70,6.1NRT,288.05,17.48,N
-23.66979,-61.21815,305.1,1.6,1.25,2026-09-09,39,Terra,MODIS,63,6.1NRT,287.19,15.18,N
-23.6554,-59.80407,302.71,1.3,1.13,2026-09-09,39,Terra,MODIS,51,6.1NRT,287.81,9.62,N
-23.50452,-59.64342,302.37,1.26,1.12,2026-09-09,39,Terra,MODIS,49,6.1NRT,288.98,8.41,N
-23.45114,-61.63216,304.05,1.7,1.28,2026-09-09,39,Terra,MODIS,58,6.1NRT,287.36,16.78,N
-23.44228,-64.35598,307.44,2.7,1.57,2026-09-09,39,Terra,MODIS,71,6.1NRT,285.31,44.23,N
-23.39581,-61.64487,304.14,1.7,1.28,2026-09-09,39,Terra,MODIS,59,6.1NRT,287.96,16.91,N
-23.32067,-59.22674,300.99,1.2,1.09,2026-09-09,39,Terra,MODIS,5,6.1NRT,287.43,7.27,N
-23.2255,-60.30797,316.08,1.37,1.16,2026-09-09,39,Terra,MODIS,92,6.1NRT,289.43,24.52,N
-23.12347,-55.84706,309.64,1.01,1.0,2026-09-09,39,Terra,MODIS,78,6.1NRT,289.13,10.03,N
-23.12211,-55.83746,318.22,1.01,1.0,2026-09-09,39,Terra,MODIS,96,6.1NRT,289.33,17.02,N
-22.96229,-60.13896,303.09,1.33,1.14,2026-09-09,39,Terra,MODIS,53,6.1NRT,289.98,8.64,N
-22.24763,-57.86642,309.72,1.04,1.02,2026-09-09,39,Terra,MODIS,78,6.1NRT,292.06,9.8,N
-22.24636,-57.85661,301.94,1.04,1.02,2026-09-09,39,Terra,MODIS,45,6.1NRT,291.07,4.85,N
-21.92605,-63.02116,307.94,2.04,1.39,2026-09-09,39,Terra,MODIS,73,6.1NRT,289.6,23.67,N
-21.92401,-63.00193,306.34,2.04,1.39,2026-09-09,39,Terra,MODIS,68,6.1NRT,289.88,20.87,N
-21.91687,-63.01673,318.88,2.04,1.39,2026-09-09,39,Terra,MODIS,98,6.1NRT,290.26,48.99,N
-21.81359,-58.06341,300.89,1.04,1.02,2026-09-09,39,Terra,MODIS,35,6.1NRT,290.06,4.7,N
-21.27015,-59.05286,301.08,1.12,1.05,2026-09-09,39,Terra,MODIS,33,6.1NRT,290.07,4.5,N
-20.71232,-60.21762,307.92,1.26,1.12,2026-09-09,39,Terra,MODIS,53,6.1NRT,277.52,14.32,N
-20.71091,-60.20576,321.72,1.26,1.12,2026-09-09,39,Terra,MODIS,100,6.1NRT,285.72,29.83,N
-20.59636,-59.03405,301.78,1.1,1.05,2026-09-09,39,Terra,MODIS,39,6.1NRT,285.58,5.76,N
-20.53276,-61.12983,312.41,1.43,1.18,2026-09-09,39,Terra,MODIS,85,6.1NRT,292.3,16.84,N
-20.47981,-57.44385,304.03,1.0,1.0,2026-09-09,39,Terra,MODIS,57,6.1NRT,277.43,6.87,N
-19.4009,-59.82771,301.79,1.17,1.07,2026-09-09,39,Terra,MODIS,44,6.1NRT,289.92,5.79,N
-19.39821,-59.80605,349.9,1.16,1.07,2026-09-09,39,Terra,MODIS,100,6.1NRT,292.29,77.75,N
-19.39687,-59.79525,300.95,1.16,1.07,2026-09-09,39,Terra,MODIS,36,6.1NRT,289.92,5.18,N
-17.6673,-59.91552,312.23,1.13,1.06,2026-09-09,41,Terra,MODIS,84,6.1NRT,294.44,10.19,N
-17.66598,-59.90509,306.0,1.13,1.06,2026-09-09,41,Terra,MODIS,66,6.1NRT,294.86,5.04,N
-17.56397,-63.70663,305.92,2.0,1.38,2026-09-09,41,Terra,MODIS,66,6.1NRT,288.92,19.39,N
-17.51546,-62.75525,301.02,1.69,1.28,2026-09-09,41,Terra,MODIS,18,6.1NRT,290.4,6.89,N
-17.51448,-62.74968,301.19,1.69,1.28,2026-09-09,41,Terra,MODIS,39,6.1NRT,290.51,7.83,N
-17.47167,-59.5304,305.43,1.09,1.04,2026-09-09,41,Terra,MODIS,45,6.1NRT,293.56,4.97,N
-17.46381,-59.54169,306.21,1.09,1.04,2026-09-09,41,Terra,MODIS,66,6.1NRT,292.91,5.6,N
-17.44551,-60.18967,315.13,1.16,1.07,2026-09-09,41,Terra,MODIS,91,6.1NRT,293.39,14.58,N
-17.44433,-62.94012,302.73,1.75,1.3,2026-09-09,41,Terra,MODIS,51,6.1NRT,289.33,11.69,N
-17.43498,-62.9477,302.78,1.75,1.3,2026-09-09,41,Terra,MODIS,51,6.1NRT,288.9,11.39,N
-17.39862,-59.46992,305.12,1.08,1.04,2026-09-09,41,Terra,MODIS,61,6.1NRT,293.43,5.17,N
-17.39736,-59.46009,304.66,1.08,1.04,2026-09-09,41,Terra,MODIS,59,6.1NRT,293.23,4.91,N
-17.33512,-63.18063,304.48,1.81,1.32,2026-09-09,41,Terra,MODIS,60,6.1NRT,289.57,14.39,N
-17.26848,-61.39649,304.68,1.35,1.15,2026-09-09,41,Terra,MODIS,54,6.1NRT,292.0,7.21,N
-17.26034,-61.40406,322.91,1.35,1.15,2026-09-09,41,Terra,MODIS,100,6.1NRT,292.28,29.55,N
-17.25977,-61.41029,309.83,1.36,1.15,2026-09-09,41,Terra,MODIS,78,6.1NRT,291.68,12.31,N
-17.2588,-61.39165,310.75,1.35,1.15,2026-09-09,41,Terra,MODIS,81,6.1NRT,291.72,12.97,N
-17.25831,-61.39787,327.66,1.35,1.15,2026-09-09,41,Terra,MODIS,100,6.1NRT,291.88,38.6,N
-17.23874,-63.0331,335.54,1.76,1.3,2026-09-09,41,Terra,MODIS,100,6.1NRT,290.85,83.39,N
-17.17836,-60.10496,305.06,1.14,1.06,2026-09-09,41,Terra,MODIS,62,6.1NRT,292.81,5.84,N
-17.12011,-61.51662,312.49,1.37,1.16,2026-09-09,41,Terra,MODIS,85,6.1NRT,291.53,15.06,N
-17.11862,-61.50415,358.23,1.37,1.16,2026-09-09,41,Terra,MODIS,100,6.1NRT,295.09,126.87,N
-17.11137,-61.53058,302.55,1.37,1.16,2026-09-09,41,Terra,MODIS,50,6.1NRT,292.07,5.38,N
-17.10987,-61.51791,326.47,1.37,1.16,2026-09-09,41,Terra,MODIS,100,6.1NRT,292.8,36.41,N
-17.10905,-55.90858,309.98,1.1,1.04,2026-09-09,41,Terra,MODIS,79,6.1NRT,293.94,8.31,N
-17.10838,-61.50536,376.37,1.37,1.16,2026-09-09,41,Terra,MODIS,100,6.1NRT,296.9,217.69,N
-17.10731,-63.30566,314.71,1.84,1.33,2026-09-09,41,Terra,MODIS,90,6.1NRT,288.6,31.46,N
-17.1069,-61.49291,316.52,1.37,1.16,2026-09-09,41,Terra,MODIS,93,6.1NRT,292.74,20.25,N
-17.09988,-63.31297,304.65,1.84,1.33,2026-09-09,41,Terra,MODIS,61,6.1NRT,288.63,15.41,N
-17.09795,-63.29617,302.71,1.83,1.33,2026-09-09,41,Terra,MODIS,51,6.1NRT,289.6,12.67,N
-16.75979,-61.31327,312.43,1.32,1.14,2026-09-09,41,Terra,MODIS,85,6.1NRT,294.26,13.4,N
-16.7583,-61.3012,308.2,1.31,1.14,2026-09-09,41,Terra,MODIS,74,6.1NRT,294.26,8.82,N
-16.75356,-61.18076,305.5,1.29,1.13,2026-09-09,41,Terra,MODIS,64,6.1NRT,293.26,6.98,N
-16.74977,-61.31471,314.7,1.32,1.14,2026-09-09,41,Terra,MODIS,90,6.1NRT,294.09,16.05,N
-16.74829,-61.30264,306.41,1.31,1.14,2026-09-09,41,Terra,MODIS,68,6.1NRT,293.72,7.02,N
-16.70906,-63.40199,312.28,1.85,1.33,2026-09-09,41,Terra,MODIS,84,6.1NRT,289.7,27.97,N
-16.55055,-61.35285,306.6,1.32,1.14,2026-09-09,41,Terra,MODIS,69,6.1NRT,292.91,8.64,N
-16.35281,-63.08369,301.09,1.73,1.29,2026-09-09,41,Terra,MODIS,37,6.1NRT,290.88,7.66,N
-16.28224,-61.49327,314.28,1.33,1.14,2026-09-09,41,Terra,MODIS,89,6.1NRT,292.38,18.04,N
-16.28078,-61.48112,315.07,1.33,1.14,2026-09-09,41,Terra,MODIS,91,6.1NRT,292.38,18.87,N
-16.27215,-61.49464,302.38,1.33,1.14,2026-09-09,41,Terra,MODIS,49,6.1NRT,291.26,6.12,N
-16.25937,-61.55167,302.8,1.34,1.15,2026-09-09,41,Terra,MODIS,51,6.1NRT,291.26,6.82,N
-16.18209,-61.66866,304.71,1.36,1.16,2026-09-09,41,Terra,MODIS,61,6.1NRT,292.25,7.72,N
-16.18054,-61.65617,314.58,1.36,1.16,2026-09-09,41,Terra,MODIS,89,6.1NRT,292.25,18.79,N
-16.14535,-60.87981,320.22,1.22,1.1,2026-09-09,41,Terra,MODIS,100,6.1NRT,292.61,22.56,N
-16.14395,-60.86865,311.23,1.22,1.1,2026-09-09,41,Terra,MODIS,82,6.1NRT,292.54,12.28,N
-16.09598,-61.55481,324.35,1.34,1.15,2026-09-09,41,Terra,MODIS,100,6.1NRT,292.12,32.28,N
-16.09452,-61.54263,380.3,1.34,1.15,2026-09-09,41,Terra,MODIS,100,6.1NRT,295.77,235.22,N
-16.07074,-61.67676,326.1,1.36,1.16,2026-09-09,41,Terra,MODIS,100,6.1NRT,292.14,36.87,N
-16.06922,-61.66436,311.94,1.36,1.15,2026-09-09,41,Terra,MODIS,84,6.1NRT,292.01,15.97,N
-16.06055,-61.67815,334.72,1.36,1.16,2026-09-09,41,Terra,MODIS,100,6.1NRT,291.55,54.42,N
-16.05903,-61.66571,318.11,1.36,1.15,2026-09-09,41,Terra,MODIS,96,6.1NRT,291.61,23.9,N
-15.85254,-61.31447,304.38,1.28,1.12,2026-09-09,41,Terra,MODIS,60,6.1NRT,292.12,7.33,N
-15.79847,-61.87085,310.17,1.39,1.17,2026-09-09,41,Terra,MODIS,79,6.1NRT,292.42,13.98,N
-15.79694,-61.8582,309.26,1.39,1.17,2026-09-09,41,Terra,MODIS,77,6.1NRT,292.72,12.51,N
-15.79236,-61.82038,305.04,1.38,1.16,2026-09-09,41,Terra,MODIS,63,6.1NRT,292.96,8.29,N
-15.78667,-61.85962,304.12,1.39,1.17,2026-09-09,41,Terra,MODIS,44,6.1NRT,292.16,7.25,N
-14.26506,-62.16261,303.2,1.39,1.17,2026-09-09,41,Terra,MODIS,46,6.1NRT,292.24,6.12,N
-14.2563,-62.17649,313.32,1.39,1.17,2026-09-09,41,Terra,MODIS,87,6.1NRT,293.41,17.2,N
-14.25477,-62.16386,305.81,1.39,1.17,2026-09-09,41,Terra,MODIS,66,6.1NRT,292.75,8.65,N
-13.29038,-61.78032,303.11,1.28,1.12,2026-09-09,41,Terra,MODIS,53,6.1NRT,292.03,5.69,N
-13.2566,-61.66921,312.67,1.25,1.11,2026-09-09,41,Terra,MODIS,74,6.1NRT,292.47,13.56,N
-13.25523,-61.67565,310.32,1.25,1.11,2026-09-09,41,Terra,MODIS,39,6.1NRT,292.17,10.65,N
-13.24397,-61.6657,337.08,1.25,1.11,2026-09-09,41,Terra,MODIS,100,6.1NRT,293.9,51.6,N
-13.24252,-61.65445,323.48,1.25,1.11,2026-09-09,41,Terra,MODIS,100,6.1NRT,293.01,27.22,N
-13.23562,-61.67827,320.61,1.25,1.11,2026-09-09,41,Terra,MODIS,100,6.1NRT,292.56,23.59,N
-12.98661,-64.82864,320.82,2.1,1.41,2026-09-09,41,Terra,MODIS,100,6.1NRT,290.81,53.7,N
-12.98416,-64.83437,319.66,2.1,1.41,2026-09-09,41,Terra,MODIS,99,6.1NRT,290.67,51.04,N
-12.43666,-57.794,307.22,1.03,1.01,2026-09-09,41,Terra,MODIS,71,6.1NRT,292.58,6.45,N
-12.29803,-57.40152,304.21,1.06,1.03,2026-09-09,41,Terra,MODIS,59,6.1NRT,293.1,4.71,N
-11.80951,-65.70525,315.17,2.37,1.49,2026-09-09,43,Terra,MODIS,91,6.1NRT,291.69,42.11,N
-11.80945,-65.72134,305.25,2.38,1.49,2026-09-09,43,Terra,MODIS,27,6.1NRT,290.53,15.8,N
-11.8071,-65.70016,314.42,2.37,1.49,2026-09-09,43,Terra,MODIS,89,6.1NRT,291.61,38.44,N
-11.56848,-61.65466,305.28,1.2,1.09,2026-09-09,43,Terra,MODIS,64,6.1NRT,292.51,5.89,N
-10.83572,-65.41421,304.18,2.17,1.43,2026-09-09,43,Terra,MODIS,59,6.1NRT,291.18,15.13,N
-10.79212,-65.47855,302.98,2.19,1.44,2026-09-09,43,Terra,MODIS,53,6.1NRT,291.17,13.04,N
-10.78987,-65.45905,305.47,2.19,1.43,2026-09-09,43,Terra,MODIS,64,6.1NRT,291.23,17.8,N
-10.78888,-65.46571,309.32,2.19,1.43,2026-09-09,43,Terra,MODIS,77,6.1NRT,291.2,25.79,N
-10.75346,-60.70748,306.73,1.07,1.03,2026-09-09,43,Terra,MODIS,68,6.1NRT,292.98,5.74,N
-10.65474,-58.7693,332.91,1.01,1.0,2026-09-09,43,Terra,MODIS,95,6.1NRT,294.86,32.79,N
-9.93201,-59.60888,308.66,1.0,1.0,2026-09-09,43,Terra,MODIS,75,6.1NRT,294.58,6.13,N
-9.49734,-60.33096,304.55,1.02,1.01,2026-09-09,43,Terra,MODIS,59,6.1NRT,293.7,3.63,N
-9.43267,-61.02062,304.2,1.07,1.03,2026-09-09,43,Terra,MODIS,25,6.1NRT,291.96,5.1,N
-9.09493,-65.71142,303.83,2.15,1.43,2026-09-09,43,Terra,MODIS,57,6.1NRT,291.92,11.26,N
-9.00825,-65.42257,312.53,2.04,1.39,2026-09-09,43,Terra,MODIS,85,6.1NRT,292.8,24.12,N
-8.98814,-60.58691,314.44,1.03,1.01,2026-09-09,43,Terra,MODIS,89,6.1NRT,293.2,10.89,N
-8.98691,-60.57779,314.1,1.03,1.01,2026-09-09,43,Terra,MODIS,89,6.1NRT,293.14,10.47,N
-8.7574,-62.40772,311.63,1.23,1.1,2026-09-09,43,Terra,MODIS,72,6.1NRT,292.2,10.57,N
-8.75345,-62.40359,309.69,1.22,1.1,2026-09-09,43,Terra,MODIS,28,6.1NRT,292.41,8.6,N
-8.74521,-62.41567,311.38,1.23,1.1,2026-09-09,43,Terra,MODIS,30,6.1NRT,291.89,9.23,N
-8.74377,-62.40488,330.37,1.22,1.1,2026-09-09,43,Terra,MODIS,100,6.1NRT,293.41,35.03,N
-8.74234,-62.39416,319.61,1.22,1.1,2026-09-09,43,Terra,MODIS,88,6.1NRT,292.4,19.06,N
-8.7341,-62.40623,310.97,1.22,1.1,2026-09-09,43,Terra,MODIS,52,6.1NRT,292.49,9.86,N
-8.72585,-62.41837,311.78,1.23,1.1,2026-09-09,43,Terra,MODIS,69,6.1NRT,291.62,10.52,N
-8.72443,-62.40757,319.27,1.22,1.1,2026-09-09,43,Terra,MODIS,98,6.1NRT,292.39,19.74,N
-7.12187,-56.52343,312.09,1.34,1.15,2026-09-09,43,Terra,MODIS,49,6.1NRT,290.23,13.47,N
-7.12015,-56.51186,323.1,1.35,1.15,2026-09-09,43,Terra,MODIS,100,6.1NRT,292.82,28.7,N
-7.08606,-59.82432,321.03,1.0,1.0,2026-09-09,43,Terra,MODIS,100,6.1NRT,295.24,17.11,N
-7.08484,-59.81551,310.68,1.0,1.0,2026-09-09,43,Terra,MODIS,79,6.1NRT,294.81,8.27,N
-6.86402,-56.58024,301.39,1.34,1.15,2026-09-09,43,Terra,MODIS,37,6.1NRT,276.66,7.67,N
-6.79992,-58.95948,311.12,1.03,1.02,2026-09-09,43,Terra,MODIS,79,6.1NRT,295.16,8.15,N
-6.79865,-58.95039,335.98,1.03,1.02,2026-09-09,43,Terra,MODIS,100,6.1NRT,296.25,36.4,N
-6.78847,-58.94261,314.99,1.03,1.02,2026-09-09,43,Terra,MODIS,89,6.1NRT,295.44,10.99,N
-6.7872,-58.93351,318.29,1.03,1.02,2026-09-09,43,Terra,MODIS,96,6.1NRT,295.38,14.21,N
-6.76424,-58.96469,314.72,1.03,1.02,2026-09-09,43,Terra,MODIS,88,6.1NRT,295.75,10.29,N
-6.75532,-58.96599,308.86,1.03,1.02,2026-09-09,43,Terra,MODIS,57,6.1NRT,295.08,6.11,N
-6.63761,-59.44372,314.07,1.01,1.01,2026-09-09,43,Terra,MODIS,87,6.1NRT,295.49,10.57,N
-6.63638,-59.43485,306.4,1.01,1.01,2026-09-09,43,Terra,MODIS,62,6.1NRT,295.19,4.86,N
-6.56214,-62.89994,313.08,1.23,1.1,2026-09-09,43,Terra,MODIS,86,6.1NRT,292.89,13.35,N
-6.38939,-55.25299,305.21,1.7,1.28,2026-09-09,43,Terra,MODIS,63,6.1NRT,292.79,10.2,N
-6.37289,-62.4985,314.36,1.17,1.07,2026-09-09,43,Terra,MODIS,68,6.1NRT,290.19,16.61,N
-5.59479,-60.24592,317.76,1.0,1.0,2026-09-09,43,Terra,MODIS,96,6.1NRT,294.32,13.67,N
-5.44878,-60.24591,308.1,1.0,1.0,2026-09-09,43,Terra,MODIS,73,6.1NRT,293.38,6.21,N
-5.44757,-60.23713,309.84,1.0,1.0,2026-09-09,43,Terra,MODIS,78,6.1NRT,293.58,7.48,N
-5.2917,-60.1191,303.09,1.0,1.0,2026-09-09,43,Terra,MODIS,29,6.1NRT,286.35,4.3,N
-5.22137,-55.99481,309.03,1.57,1.23,2026-09-09,43,Terra,MODIS,73,6.1NRT,293.91,13.09,N
-4.89846,-55.90568,310.12,1.61,1.25,2026-09-09,43,Terra,MODIS,76,6.1NRT,295.01,14.75,N
-4.89678,-55.91243,305.51,1.61,1.25,2026-09-09,43,Terra,MODIS,60,6.1NRT,294.63,9.69,N
-4.58208,-56.25605,308.08,1.53,1.22,2026-09-09,43,Terra,MODIS,73,6.1NRT,294.66,10.86,N
-4.58012,-56.24285,310.6,1.54,1.22,2026-09-09,43,Terra,MODIS,80,6.1NRT,294.41,14.36,N
-4.57651,-56.24974,316.2,1.54,1.22,2026-09-09,43,Terra,MODIS,93,6.1NRT,294.68,22.92,N
-4.38091,-55.04492,312.5,1.91,1.35,2026-09-09,43,Terra,MODIS,85,6.1NRT,291.41,27.12,N
-3.81576,-53.77962,308.68,2.48,1.52,2026-09-09,43,Terra,MODIS,75,6.1NRT,291.88,28.21,N
-3.81259,-53.75807,303.58,2.49,1.52,2026-09-09,43,Terra,MODIS,56,6.1NRT,291.94,16.19,N
-4.29394,-59.96154,308.44,1.01,1.0,2026-09-09,45,Terra,MODIS,72,6.1NRT,296.82,5.18,N
-4.19184,-59.95477,307.77,1.01,1.01,2026-09-09,45,Terra,MODIS,70,6.1NRT,296.75,5.46,N
-3.96183,-59.36755,326.16,1.05,1.02,2026-09-09,45,Terra,MODIS,100,6.1NRT,297.86,23.26,N
-3.96055,-59.35839,326.83,1.05,1.02,2026-09-09,45,Terra,MODIS,100,6.1NRT,297.86,24.06,N
-3.89363,-59.60573,320.09,1.03,1.01,2026-09-09,45,Terra,MODIS,100,6.1NRT,297.46,15.53,N
-3.85314,-54.30356,304.03,2.24,1.45,2026-09-09,45,Terra,MODIS,58,6.1NRT,292.31,12.61,N
-3.82877,-59.40787,320.65,1.04,1.02,2026-09-09,45,Terra,MODIS,100,6.1NRT,296.64,17.16,N
-3.82751,-59.39872,314.01,1.05,1.02,2026-09-09,45,Terra,MODIS,86,6.1NRT,296.57,10.87,N
-3.81532,-55.90396,304.55,1.68,1.27,2026-09-09,45,Terra,MODIS,25,6.1NRT,292.28,13.5,N
-3.81316,-55.88927,310.54,1.68,1.27,2026-09-09,45,Terra,MODIS,69,6.1NRT,291.89,20.47,N
-3.77808,-58.84679,306.82,1.1,1.04,2026-09-09,45,Terra,MODIS,60,6.1NRT,296.4,5.07,N
-3.76891,-58.84809,306.45,1.1,1.04,2026-09-09,45,Terra,MODIS,58,6.1NRT,296.23,4.68,N
-3.74577,-55.98008,303.53,1.66,1.27,2026-09-09,45,Terra,MODIS,43,6.1NRT,292.96,8.16,N
-3.67906,-58.52871,311.74,1.13,1.06,2026-09-09,45,Terra,MODIS,79,6.1NRT,296.62,9.46,N
-3.4399,-59.26177,310.79,1.06,1.03,2026-09-09,45,Terra,MODIS,66,6.1NRT,296.71,7.81,N
-3.39063,-61.30652,309.19,1.01,1.0,2026-09-09,45,Terra,MODIS,74,6.1NRT,294.72,5.69,N
-3.38422,-61.32541,310.61,1.01,1.0,2026-09-09,45,Terra,MODIS,60,6.1NRT,294.55,6.15,N
-3.38302,-61.31658,310.61,1.01,1.0,2026-09-09,45,Terra,MODIS,66,6.1NRT,294.68,6.42,N
-3.37805,-59.41192,310.61,1.05,1.02,2026-09-09,45,Terra,MODIS,71,6.1NRT,297.26,7.09,N
-3.36291,-59.43909,310.5,1.05,1.02,2026-09-09,45,Terra,MODIS,69,6.1NRT,298.0,7.21,N
-3.36164,-59.42991,327.92,1.05,1.02,2026-09-09,45,Terra,MODIS,100,6.1NRT,298.65,25.08,N
-3.36055,-61.28373,307.38,1.01,1.0,2026-09-09,45,Terra,MODIS,68,6.1NRT,294.08,5.04,N
-3.19686,-61.23785,304.55,1.01,1.0,2026-09-09,45,Terra,MODIS,56,6.1NRT,285.95,5.13,N
-3.15379,-60.66369,327.59,1.0,1.0,2026-09-09,45,Terra,MODIS,100,6.1NRT,295.71,22.73,N
-3.15259,-60.65494,363.45,1.0,1.0,2026-09-09,45,Terra,MODIS,100,6.1NRT,297.84,92.87,N
-3.14139,-60.63867,311.54,1.0,1.0,2026-09-09,45,Terra,MODIS,81,6.1NRT,295.84,7.3,N
-3.14019,-60.62992,327.15,1.0,1.0,2026-09-09,45,Terra,MODIS,100,6.1NRT,296.68,22.32,N
-2.94438,-50.50263,304.14,4.71,1.99,2026-09-09,45,Terra,MODIS,55,6.1NRT,286.96,47.7,N
-2.93821,-50.46197,308.49,4.75,1.99,2026-09-09,45,Terra,MODIS,75,6.1NRT,286.89,74.42,N
-2.93723,-50.467,309.65,4.75,1.99,2026-09-09,45,Terra,MODIS,67,6.1NRT,287.02,78.16,N
-2.80457,-54.76644,305.53,2.15,1.42,2026-09-09,45,Terra,MODIS,62,6.1NRT,293.56,13.47,N
-2.74396,-60.23515,305.27,1.01,1.01,2026-09-09,45,Terra,MODIS,59,6.1NRT,293.68,3.94,N
-1.32199,-54.66265,305.8,2.32,1.47,2026-09-09,45,Terra,MODIS,29,6.1NRT,289.22,17.18,N
-1.31042,-54.66967,306.25,2.32,1.47,2026-09-09,45,Terra,MODIS,67,6.1NRT,289.3,20.42,N
-1.30903,-54.6642,305.75,2.32,1.47,2026-09-09,45,Terra,MODIS,27,6.1NRT,289.42,16.98,N
-1.30764,-54.64977,302.63,2.33,1.48,2026-09-09,45,Terra,MODIS,50,6.1NRT,289.42,13.33,N
2.66561,-60.1793,317.2,1.1,1.04,2026-09-09,48,Terra,MODIS,95,6.1NRT,288.06,15.7,N
4.74147,-61.11084,306.98,1.05,1.02,2026-09-09,48,Terra,MODIS,70,6.1NRT,292.18,6.8,N
4.74273,-61.10156,301.87,1.05,1.02,2026-09-09,48,Terra,MODIS,45,6.1NRT,290.15,3.49,N
-9.69553,-43.47684,308.94,2.49,1.52,2026-09-09,559,Aqua,MODIS,74,6.1NRT,293.88,30.47,N
-6.36805,-43.58179,303.4,2.94,1.63,2026-09-09,559,Aqua,MODIS,55,6.1NRT,292.39,22.9,N
-5.77604,-45.06366,308.73,3.97,1.85,2026-09-09,559,Aqua,MODIS,75,6.1NRT,290.54,59.17,N
-5.76706,-45.05744,315.06,3.97,1.85,2026-09-09,559,Aqua,MODIS,90,6.1NRT,290.62,97.64,N
-5.76129,-45.09222,305.14,4.0,1.86,2026-09-09,559,Aqua,MODIS,63,6.1NRT,290.32,45.89,N
-5.75987,-45.06115,308.58,3.97,1.85,2026-09-09,559,Aqua,MODIS,75,6.1NRT,290.44,58.61,N
-5.60267,-44.84451,300.85,3.85,1.83,2026-09-09,559,Aqua,MODIS,34,6.1NRT,289.79,27.41,N
-13.17633,-43.56385,321.85,2.15,1.43,2026-09-09,601,Aqua,MODIS,100,6.1NRT,291.45,61.27,N
-22.91049,-43.72989,306.95,1.44,1.19,2026-09-09,603,Aqua,MODIS,45,6.1NRT,287.12,13.87,N
-1.31027,-54.65182,302.16,1.66,1.27,2026-09-09,735,Aqua,MODIS,24,6.1NRT,288.57,10.93,N
-1.18752,-55.71243,311.85,1.38,1.16,2026-09-09,735,Aqua,MODIS,83,6.1NRT,292.3,15.34,N
-1.03269,-53.72591,304.67,1.94,1.36,2026-09-09,735,Aqua,MODIS,61,6.1NRT,289.87,14.8,N
2.66386,-60.17659,303.02,1.09,1.04,2026-09-09,735,Aqua,MODIS,53,6.1NRT,287.57,5.25,N
-7.12312,-56.50882,303.89,1.49,1.2,2026-09-09,737,Aqua,MODIS,24,6.1NRT,287.9,9.77,N
-6.55442,-62.88831,305.21,1.17,1.08,2026-09-09,737,Aqua,MODIS,63,6.1NRT,290.7,6.69,N
-6.55279,-62.89856,301.81,1.18,1.08,2026-09-09,737,Aqua,MODIS,44,6.1NRT,290.83,4.27,N
-3.7703,-58.8478,305.41,1.03,1.01,2026-09-09,737,Aqua,MODIS,63,6.1NRT,294.48,5.08,N
-3.15429,-60.65368,336.61,1.03,1.01,2026-09-09,737,Aqua,MODIS,100,6.1NRT,292.87,37.97,N
-3.14543,-60.65238,303.11,1.03,1.01,2026-09-09,737,Aqua,MODIS,39,6.1NRT,292.05,3.57,N
-2.94435,-50.47826,302.99,3.85,1.83,2026-09-09,737,Aqua,MODIS,53,6.1NRT,285.69,33.75,N
-2.9425,-50.44923,303.96,3.87,1.83,2026-09-09,737,Aqua,MODIS,58,6.1NRT,285.81,41.0,N
-2.93791,-50.48218,304.97,3.85,1.83,2026-09-09,737,Aqua,MODIS,62,6.1NRT,285.78,43.56,N
-1.66699,-55.66417,301.75,1.41,1.18,2026-09-09,737,Aqua,MODIS,44,6.1NRT,291.5,6.04,N
-17.25854,-61.39183,304.2,1.05,1.03,2026-09-09,739,Aqua,MODIS,59,6.1NRT,289.63,6.98,N
-17.25715,-61.40147,305.05,1.05,1.03,2026-09-09,739,Aqua,MODIS,63,6.1NRT,289.09,7.45,N
-17.11332,-61.50124,321.47,1.04,1.02,2026-09-09,739,Aqua,MODIS,100,6.1NRT,287.94,20.74,N
-17.11195,-61.5108,302.84,1.04,1.02,2026-09-09,739,Aqua,MODIS,48,6.1NRT,286.04,5.51,N
-17.1052,-61.49331,303.77,1.04,1.02,2026-09-09,739,Aqua,MODIS,50,6.1NRT,284.92,6.01,N
-17.10381,-61.50286,314.93,1.04,1.02,2026-09-09,739,Aqua,MODIS,90,6.1NRT,287.11,14.21,N
-16.75399,-61.3074,308.91,1.05,1.02,2026-09-09,739,Aqua,MODIS,76,6.1NRT,291.68,9.45,N
-16.27654,-61.47535,304.18,1.03,1.02,2026-09-09,739,Aqua,MODIS,59,6.1NRT,290.39,6.45,N
-16.27516,-61.48475,305.58,1.03,1.02,2026-09-09,739,Aqua,MODIS,65,6.1NRT,290.69,7.56,N
-16.27378,-61.49412,301.51,1.03,1.02,2026-09-09,739,Aqua,MODIS,42,6.1NRT,290.19,4.81,N
-16.09389,-61.53648,306.6,1.03,1.01,2026-09-09,739,Aqua,MODIS,69,6.1NRT,291.09,8.15,N
-16.09253,-61.5458,306.32,1.03,1.01,2026-09-09,739,Aqua,MODIS,68,6.1NRT,290.27,7.84,N
-16.06336,-61.66848,325.39,1.02,1.01,2026-09-09,739,Aqua,MODIS,100,6.1NRT,292.02,24.61,N
-16.06199,-61.67773,313.22,1.02,1.01,2026-09-09,739,Aqua,MODIS,87,6.1NRT,290.45,12.75,N
-15.79608,-61.85954,305.67,1.01,1.01,2026-09-09,739,Aqua,MODIS,65,6.1NRT,291.09,7.29,N
-15.78726,-61.85816,300.8,1.01,1.01,2026-09-09,739,Aqua,MODIS,28,6.1NRT,290.18,4.41,N
-14.25351,-62.16805,303.4,1.0,1.0,2026-09-09,739,Aqua,MODIS,55,6.1NRT,290.97,5.76,N
-13.2863,-61.7837,305.82,1.0,1.0,2026-09-09,739,Aqua,MODIS,66,6.1NRT,289.88,7.25,N
-11.80765,-65.69809,302.56,1.48,1.2,2026-09-09,739,Aqua,MODIS,50,6.1NRT,290.96,8.65,N
-11.79714,-65.69632,301.99,1.48,1.2,2026-09-09,739,Aqua,MODIS,41,6.1NRT,290.26,7.92,N
-10.79388,-65.47251,303.85,1.48,1.2,2026-09-09,739,Aqua,MODIS,57,6.1NRT,288.82,10.19,N
-9.01309,-65.41725,301.39,1.58,1.24,2026-09-09,739,Aqua,MODIS,41,6.1NRT,289.13,7.47,N
-9.00965,-65.41087,302.76,1.58,1.24,2026-09-09,739,Aqua,MODIS,51,6.1NRT,289.23,8.56,N
-24.45732,-62.76551,311.17,1.08,1.04,2026-09-09,741,Aqua,MODIS,82,6.1NRT,286.19,15.02,N
-24.45587,-62.77585,301.85,1.07,1.03,2026-09-09,741,Aqua,MODIS,45,6.1NRT,285.57,8.38,N
-23.44455,-64.34175,305.67,1.0,1.0,2026-09-09,741,Aqua,MODIS,65,6.1NRT,281.91,10.39,N
-21.91449,-63.00739,304.22,1.02,1.01,2026-09-09,741,Aqua,MODIS,59,6.1NRT,287.25,8.12,N
-20.705,-60.2057,318.04,1.3,1.13,2026-09-09,741,Aqua,MODIS,96,6.1NRT,290.82,23.5,N
-20.70344,-60.21789,300.14,1.3,1.13,2026-09-09,741,Aqua,MODIS,18,6.1NRT,289.65,5.7,N
-20.69817,-60.17408,309.57,1.31,1.13,2026-09-09,741,Aqua,MODIS,78,6.1NRT,289.53,14.55,N
-20.69814,-60.17983,319.22,1.31,1.13,2026-09-09,741,Aqua,MODIS,98,6.1NRT,290.32,25.69,N
-20.69654,-60.18631,312.1,1.31,1.13,2026-09-09,741,Aqua,MODIS,84,6.1NRT,289.86,16.88,N
-20.53091,-61.11979,300.79,1.16,1.07,2026-09-09,741,Aqua,MODIS,34,6.1NRT,289.66,6.3,N
-28.28856,-65.1059,300.89,1.0,1.0,2026-09-09,744,Aqua,MODIS,22,6.1NRT,281.26,7.93,N
-28.28708,-65.11588,303.24,1.0,1.0,2026-09-09,744,Aqua,MODIS,47,6.1NRT,279.82,9.25,N
-3.46332,-43.53833,316.54,1.04,1.02,2026-09-09,1128,Terra,MODIS,57,6.1NRT,299.43,8.41,D
-2.97549,-40.03024,309.16,1.15,1.07,2026-09-09,1128,Terra,MODIS,26,6.1NRT,294.71,4.98,D
-2.96607,-40.02894,310.24,1.15,1.07,2026-09-09,1128,Terra,MODIS,38,6.1NRT,296.59,6.19,D
-14.00991,-42.18911,308.82,1.16,1.07,2026-09-09,1130,Terra,MODIS,47,6.1NRT,291.69,4.63,D
-13.81862,-42.17274,317.96,1.16,1.07,2026-09-09,1130,Terra,MODIS,71,6.1NRT,297.41,13.59,D
-13.72154,-41.5834,314.9,1.25,1.11,2026-09-09,1130,Terra,MODIS,69,6.1NRT,297.91,9.53,D
-13.64802,-43.63844,317.87,1.02,1.01,2026-09-09,1130,Terra,MODIS,70,6.1NRT,300.71,7.57,D
-13.39636,-42.99482,312.61,1.06,1.03,2026-09-09,1130,Terra,MODIS,46,6.1NRT,297.36,5.96,D
-13.39505,-43.00434,332.87,1.06,1.03,2026-09-09,1130,Terra,MODIS,85,6.1NRT,299.4,28.71,D
-13.18028,-43.55958,314.53,1.02,1.01,2026-09-09,1130,Terra,MODIS,63,6.1NRT,298.54,6.84,D
-13.179,-43.56878,372.19,1.02,1.01,2026-09-09,1130,Terra,MODIS,100,6.1NRT,302.32,121.35,D
-12.67573,-38.28696,311.42,2.07,1.4,2026-09-09,1130,Terra,MODIS,59,6.1NRT,294.66,16.18,D
-12.58626,-45.4494,313.78,1.04,1.02,2026-09-09,1130,Terra,MODIS,33,6.1NRT,299.1,5.93,D
-12.01224,-42.28042,327.14,1.1,1.05,2026-09-09,1130,Terra,MODIS,82,6.1NRT,295.84,26.06,D
-12.01088,-42.29039,311.79,1.1,1.05,2026-09-09,1130,Terra,MODIS,61,6.1NRT,296.22,9.03,D
-11.21742,-39.81137,323.31,1.51,1.21,2026-09-09,1130,Terra,MODIS,78,6.1NRT,300.86,25.81,D
-11.00762,-45.08146,315.51,1.03,1.02,2026-09-09,1130,Terra,MODIS,64,6.1NRT,299.95,8.93,D
-10.74791,-45.96576,321.42,1.12,1.05,2026-09-09,1130,Terra,MODIS,31,6.1NRT,303.75,11.51,D
-10.74155,-45.94472,323.28,1.11,1.05,2026-09-09,1130,Terra,MODIS,62,6.1NRT,301.52,13.42,D
-10.7033,-46.00996,328.52,1.12,1.06,2026-09-09,1130,Terra,MODIS,82,6.1NRT,304.24,21.45,D
-10.7018,-46.01994,399.39,1.12,1.06,2026-09-09,1130,Terra,MODIS,100,6.1NRT,311.09,286.15,D
-10.70029,-46.02995,398.13,1.12,1.06,2026-09-09,1130,Terra,MODIS,100,6.1NRT,308.42,279.17,D
-10.69399,-46.00858,351.66,1.12,1.06,2026-09-09,1130,Terra,MODIS,96,6.1NRT,304.31,68.89,D
-10.69249,-46.01856,356.94,1.12,1.06,2026-09-09,1130,Terra,MODIS,98,6.1NRT,304.31,84.08,D
-10.61839,-40.1846,320.14,1.4,1.17,2026-09-09,1130,Terra,MODIS,76,6.1NRT,296.78,23.39,D
-10.58625,-45.74775,315.18,1.1,1.04,2026-09-09,1130,Terra,MODIS,63,6.1NRT,302.52,6.86,D
-10.17912,-42.21969,313.07,1.07,1.03,2026-09-09,1130,Terra,MODIS,59,6.1NRT,300.6,7.42,D
-9.77586,-43.45633,318.06,1.0,1.0,2026-09-09,1130,Terra,MODIS,33,6.1NRT,303.24,7.42,D
-9.70915,-43.40414,328.77,1.0,1.0,2026-09-09,1130,Terra,MODIS,82,6.1NRT,303.59,20.08,D
-9.70788,-43.41304,343.67,1.0,1.0,2026-09-09,1130,Terra,MODIS,92,6.1NRT,305.1,42.26,D
-9.70029,-43.46646,317.74,1.0,1.0,2026-09-09,1130,Terra,MODIS,54,6.1NRT,302.04,8.01,D
-9.69649,-43.49316,316.94,1.0,1.0,2026-09-09,1130,Terra,MODIS,45,6.1NRT,303.17,7.5,D
-9.69399,-43.44743,339.14,1.0,1.0,2026-09-09,1130,Terra,MODIS,89,6.1NRT,302.62,34.72,D
-9.69272,-43.45633,350.59,1.0,1.0,2026-09-09,1130,Terra,MODIS,95,6.1NRT,302.1,56.26,D
-9.31555,-38.01166,316.56,1.94,1.36,2026-09-09,1130,Terra,MODIS,72,6.1NRT,300.16,21.31,D
-9.26079,-45.65543,311.21,1.12,1.05,2026-09-09,1130,Terra,MODIS,45,6.1NRT,300.26,6.07,D
-8.97516,-44.9726,311.71,1.06,1.03,2026-09-09,1130,Terra,MODIS,48,6.1NRT,301.39,5.05,D
-8.95221,-45.69664,315.42,1.13,1.06,2026-09-09,1130,Terra,MODIS,63,6.1NRT,301.63,8.54,D
-8.89773,-41.21998,314.47,1.15,1.07,2026-09-09,1130,Terra,MODIS,65,6.1NRT,299.34,9.67,D
-8.72763,-47.89741,316.66,1.56,1.23,2026-09-09,1130,Terra,MODIS,68,6.1NRT,297.34,13.8,D
-8.6199,-47.3602,314.39,1.43,1.18,2026-09-09,1130,Terra,MODIS,57,6.1NRT,296.32,11.12,D
-8.61234,-47.36544,314.43,1.44,1.19,2026-09-09,1130,Terra,MODIS,61,6.1NRT,296.49,10.48,D
-8.09734,-45.66951,312.61,1.15,1.07,2026-09-09,1130,Terra,MODIS,53,6.1NRT,298.9,7.62,D
-8.09583,-45.67964,311.71,1.15,1.07,2026-09-09,1130,Terra,MODIS,47,6.1NRT,299.46,6.82,D
-7.68651,-44.31633,317.61,1.03,1.01,2026-09-09,1130,Terra,MODIS,64,6.1NRT,305.78,6.14,D
-7.52474,-45.9306,311.94,1.21,1.09,2026-09-09,1130,Terra,MODIS,48,6.1NRT,299.99,5.75,D
-7.49232,-39.3583,310.91,1.44,1.19,2026-09-09,1130,Terra,MODIS,53,6.1NRT,298.71,11.22,D
-7.13444,-42.11762,317.62,1.03,1.01,2026-09-09,1130,Terra,MODIS,63,6.1NRT,304.31,7.25,D
-6.82409,-43.83689,315.57,1.02,1.01,2026-09-09,1130,Terra,MODIS,60,6.1NRT,302.84,7.18,D
-6.36164,-43.59431,318.93,1.01,1.0,2026-09-09,1130,Terra,MODIS,70,6.1NRT,303.78,10.22,D
-6.33067,-43.80875,315.7,1.02,1.01,2026-09-09,1130,Terra,MODIS,64,6.1NRT,300.46,8.01,D
-6.32938,-43.81765,337.46,1.02,1.01,2026-09-09,1130,Terra,MODIS,88,6.1NRT,302.92,34.38,D
-6.32257,-38.97031,316.25,1.48,1.2,2026-09-09,1130,Terra,MODIS,59,6.1NRT,301.99,10.53,D
-6.31672,-38.97598,316.38,1.48,1.2,2026-09-09,1130,Terra,MODIS,64,6.1NRT,301.56,10.13,D
-6.16352,-44.64383,330.69,1.08,1.04,2026-09-09,1130,Terra,MODIS,84,6.1NRT,301.7,26.21,D
-6.16215,-44.65335,338.22,1.08,1.04,2026-09-09,1130,Terra,MODIS,89,6.1NRT,303.77,38.72,D
-5.77801,-45.06724,328.02,1.14,1.06,2026-09-09,1130,Terra,MODIS,74,6.1NRT,303.09,21.05,D
-5.77654,-45.07724,321.8,1.14,1.06,2026-09-09,1130,Terra,MODIS,62,6.1NRT,301.91,12.73,D
-5.76716,-45.07597,347.26,1.14,1.06,2026-09-09,1130,Terra,MODIS,94,6.1NRT,302.11,58.69,D
-5.6081,-44.83866,327.88,1.11,1.05,2026-09-09,1130,Terra,MODIS,81,6.1NRT,299.11,22.78,D
-5.60667,-44.84841,350.73,1.12,1.05,2026-09-09,1130,Terra,MODIS,96,6.1NRT,299.69,67.51,D
-5.30504,-43.05579,314.15,1.0,1.0,2026-09-09,1130,Terra,MODIS,55,6.1NRT,301.26,6.6,D
-5.19018,-42.75824,320.25,1.0,1.0,2026-09-09,1130,Terra,MODIS,73,6.1NRT,300.01,9.69,D
-4.50004,-42.54998,317.97,1.0,1.0,2026-09-09,1130,Terra,MODIS,66,6.1NRT,303.17,8.65,D
-3.96515,-43.12719,311.78,1.01,1.01,2026-09-09,1130,Terra,MODIS,29,6.1NRT,296.6,5.47,D
-16.41668,-43.04578,307.51,1.12,1.05,2026-09-09,1132,Terra,MODIS,61,6.1NRT,292.6,6.17,D
-16.4153,-43.05609,316.11,1.12,1.05,2026-09-09,1132,Terra,MODIS,74,6.1NRT,293.0,13.83,D
-14.91233,-44.66881,324.49,1.0,1.0,2026-09-09,1132,Terra,MODIS,80,6.1NRT,298.93,18.49,D
-14.39738,-43.54771,321.1,1.04,1.02,2026-09-09,1132,Terra,MODIS,75,6.1NRT,299.04,11.49,D
-14.39608,-43.55714,317.73,1.04,1.02,2026-09-09,1132,Terra,MODIS,70,6.1NRT,298.81,8.2,D
0.65119,-58.20141,304.94,3.08,1.67,2026-09-09,1304,Terra,MODIS,32,6.1NRT,287.87,14.26,D
0.65243,-58.19582,305.29,3.08,1.67,2026-09-09,1304,Terra,MODIS,41,6.1NRT,287.91,14.26,D
-6.89956,-62.95649,310.76,1.69,1.28,2026-09-09,1306,Terra,MODIS,57,6.1NRT,294.88,11.14,D
-6.56449,-62.88833,324.54,1.69,1.28,2026-09-09,1306,Terra,MODIS,81,6.1NRT,292.51,38.66,D
-6.56395,-62.8941,326.99,1.69,1.28,2026-09-09,1306,Terra,MODIS,83,6.1NRT,293.01,45.14,D
-6.56245,-62.90325,313.59,1.68,1.28,2026-09-09,1306,Terra,MODIS,67,6.1NRT,293.04,15.28,D
-5.77539,-60.40079,304.65,2.6,1.55,2026-09-09,1306,Terra,MODIS,26,6.1NRT,288.18,13.0,D
-15.79203,-61.86119,308.53,2.8,1.6,2026-09-09,1308,Terra,MODIS,47,6.1NRT,290.89,18.63,D
-12.96972,-64.76652,313.88,1.52,1.22,2026-09-09,1308,Terra,MODIS,64,6.1NRT,297.84,11.18,D
-12.96799,-64.78019,314.77,1.52,1.22,2026-09-09,1308,Terra,MODIS,66,6.1NRT,298.13,12.86,D
-11.80953,-65.70006,315.44,1.27,1.12,2026-09-09,1308,Terra,MODIS,66,6.1NRT,298.32,11.42,D
-10.12041,-67.5137,309.15,1.02,1.01,2026-09-09,1308,Terra,MODIS,57,6.1NRT,296.52,3.84,D
-9.23911,-65.7511,310.5,1.18,1.08,2026-09-09,1308,Terra,MODIS,41,6.1NRT,295.96,5.72,D
-17.48878,-71.35164,314.92,1.04,1.02,2026-09-09,1310,Terra,MODIS,51,6.1NRT,297.65,10.03,D
-27.83731,-62.18043,306.14,3.73,1.81,2026-09-09,1312,Terra,MODIS,63,6.1NRT,293.67,28.75,D
-25.89968,-64.09585,318.37,2.57,1.54,2026-09-09,1312,Terra,MODIS,78,6.1NRT,296.94,47.27,D
-25.87223,-64.09309,318.19,2.57,1.54,2026-09-09,1312,Terra,MODIS,73,6.1NRT,297.61,48.18,D
-25.2147,-64.05822,305.57,2.54,1.53,2026-09-09,1312,Terra,MODIS,62,6.1NRT,293.05,18.75,D
-25.20727,-64.05193,305.07,2.54,1.53,2026-09-09,1312,Terra,MODIS,61,6.1NRT,293.26,17.44,D
-24.46426,-62.76967,323.23,3.09,1.67,2026-09-09,1312,Terra,MODIS,82,6.1NRT,295.91,88.86,D
-24.45189,-62.73822,319.57,3.11,1.67,2026-09-09,1312,Terra,MODIS,79,6.1NRT,295.43,69.56,D
-24.44941,-62.76828,377.02,3.09,1.67,2026-09-09,1312,Terra,MODIS,100,6.1NRT,299.93,710.92,D
-24.23584,-63.93285,315.99,2.52,1.53,2026-09-09,1312,Terra,MODIS,69,6.1NRT,295.76,36.0,D
-24.23198,-63.91442,310.37,2.53,1.53,2026-09-09,1312,Terra,MODIS,45,6.1NRT,296.01,22.33,D
-24.22979,-63.93899,309.1,2.52,1.53,2026-09-09,1312,Terra,MODIS,33,6.1NRT,295.21,18.39,D
-23.09027,-63.20347,316.51,2.76,1.59,2026-09-09,1312,Terra,MODIS,68,6.1NRT,283.5,48.34,D
-23.08602,-63.19743,311.83,2.76,1.59,2026-09-09,1312,Terra,MODIS,71,6.1NRT,282.27,34.94,D
-23.08358,-63.22383,314.04,2.75,1.59,2026-09-09,1312,Terra,MODIS,74,6.1NRT,281.77,43.15,D
-22.31804,-68.87785,306.6,1.13,1.06,2026-09-09,1312,Terra,MODIS,50,6.1NRT,289.71,6.19,D
-22.1187,-61.41056,310.49,3.66,1.79,2026-09-09,1312,Terra,MODIS,46,6.1NRT,292.74,34.82,D
-21.40733,-62.11511,302.18,3.18,1.69,2026-09-09,1312,Terra,MODIS,39,6.1NRT,286.12,11.39,D
-21.28133,-61.07272,305.75,3.8,1.82,2026-09-09,1312,Terra,MODIS,37,6.1NRT,286.7,14.45,D
-20.62963,-65.34135,316.65,1.78,1.31,2026-09-09,1312,Terra,MODIS,77,6.1NRT,287.4,32.16,D
-20.62747,-65.35999,305.65,1.77,1.3,2026-09-09,1312,Terra,MODIS,45,6.1NRT,286.56,13.03,D
-20.62643,-65.34882,320.23,1.78,1.31,2026-09-09,1312,Terra,MODIS,80,6.1NRT,287.39,41.78,D
-32.93887,-65.06559,304.08,2.66,1.57,2026-09-09,1314,Terra,MODIS,55,6.1NRT,290.03,22.58,D
-32.50842,-64.1439,300.48,3.05,1.66,2026-09-09,1314,Terra,MODIS,38,6.1NRT,287.97,11.09,D
-29.53965,-62.68665,303.37,3.57,1.77,2026-09-09,1314,Terra,MODIS,42,6.1NRT,289.07,30.0,D
-29.53326,-62.69339,300.11,3.57,1.77,2026-09-09,1314,Terra,MODIS,23,6.1NRT,288.94,18.87,D
-29.02951,-65.085,304.88,2.39,1.49,2026-09-09,1314,Terra,MODIS,19,6.1NRT,291.43,14.54,D
-29.02749,-65.1092,306.48,2.38,1.49,2026-09-09,1314,Terra,MODIS,47,6.1NRT,290.64,18.66,D
-29.01814,-65.10125,344.48,2.38,1.49,2026-09-09,1314,Terra,MODIS,94,6.1NRT,293.46,172.93,D
-29.01621,-65.08366,320.58,2.39,1.49,2026-09-09,1314,Terra,MODIS,80,6.1NRT,291.99,59.24,D
-29.01422,-65.10784,330.09,2.38,1.49,2026-09-09,1314,Terra,MODIS,87,6.1NRT,293.19,97.51,D
-28.6265,-65.13294,300.02,2.34,1.48,2026-09-09,1314,Terra,MODIS,20,6.1NRT,289.32,10.39,D
-28.62441,-65.15649,303.46,2.33,1.48,2026-09-09,1314,Terra,MODIS,56,6.1NRT,289.53,16.66,D
-28.62346,-65.13934,302.05,2.34,1.48,2026-09-09,1314,Terra,MODIS,33,6.1NRT,289.56,12.94,D
-28.30424,-65.10658,312.0,2.33,1.48,2026-09-09,1314,Terra,MODIS,72,6.1NRT,291.22,33.91,D
-28.30223,-65.13007,315.82,2.32,1.47,2026-09-09,1314,Terra,MODIS,76,6.1NRT,291.22,44.77,D
-28.29174,-65.12197,360.26,2.32,1.47,2026-09-09,1314,Terra,MODIS,100,6.1NRT,295.49,289.68,D
-28.29109,-65.10525,331.95,2.33,1.48,2026-09-09,1314,Terra,MODIS,88,6.1NRT,294.39,100.73,D
-28.28909,-65.12881,351.76,2.32,1.47,2026-09-09,1314,Terra,MODIS,97,6.1NRT,294.83,219.34,D
-28.2786,-65.12065,327.68,2.32,1.47,2026-09-09,1314,Terra,MODIS,85,6.1NRT,294.56,83.22,D
-27.86025,-64.68954,304.7,2.47,1.51,2026-09-09,1314,Terra,MODIS,60,6.1NRT,292.29,18.61,D
-27.8518,-64.68297,303.22,2.47,1.51,2026-09-09,1314,Terra,MODIS,55,6.1NRT,292.03,16.16,D
-27.49443,-67.93384,318.08,1.46,1.19,2026-09-09,1314,Terra,MODIS,78,6.1NRT,285.27,27.08,D
-17.85138,-44.34191,309.98,3.53,1.77,2026-09-09,1811,Aqua,MODIS,63,6.1NRT,291.23,31.69,D
-17.77243,-44.4586,310.64,3.6,1.78,2026-09-09,1811,Aqua,MODIS,44,6.1NRT,289.84,27.68,D
-15.78636,-43.55062,316.81,2.86,1.61,2026-09-09,1811,Aqua,MODIS,58,6.1NRT,295.51,32.29,D
-15.7827,-43.55566,314.61,2.86,1.61,2026-09-09,1811,Aqua,MODIS,47,6.1NRT,294.47,24.15,D
-14.64815,-40.8184,330.19,1.68,1.27,2026-09-09,1811,Aqua,MODIS,85,6.1NRT,295.92,53.54,D
-14.64771,-40.82503,314.4,1.68,1.27,2026-09-09,1811,Aqua,MODIS,69,6.1NRT,295.51,18.35,D
-14.64631,-40.80357,319.6,1.68,1.27,2026-09-09,1811,Aqua,MODIS,76,6.1NRT,294.93,28.16,D
-14.64578,-40.81026,332.9,1.68,1.27,2026-09-09,1811,Aqua,MODIS,82,6.1NRT,296.18,60.98,D
-13.03748,-41.83203,346.05,1.9,1.35,2026-09-09,1811,Aqua,MODIS,0,6.1NRT,289.71,123.87,D
-13.03529,-41.81531,355.34,1.89,1.34,2026-09-09,1811,Aqua,MODIS,85,6.1NRT,291.42,175.53,D
-13.03209,-41.82761,357.17,1.9,1.35,2026-09-09,1811,Aqua,MODIS,74,6.1NRT,290.96,185.32,D
-13.03007,-41.81119,340.73,1.89,1.34,2026-09-09,1811,Aqua,MODIS,78,6.1NRT,289.96,99.07,D
-12.78441,-43.41952,318.54,2.51,1.52,2026-09-09,1811,Aqua,MODIS,67,6.1NRT,300.88,26.25,D
-12.26077,-38.25174,317.37,1.09,1.04,2026-09-09,1811,Aqua,MODIS,71,6.1NRT,298.64,12.4,D
-12.17933,-38.59139,308.6,1.12,1.06,2026-09-09,1811,Aqua,MODIS,24,6.1NRT,296.25,6.0,D
-12.28634,-42.68916,323.16,2.15,1.43,2026-09-09,1813,Aqua,MODIS,76,6.1NRT,302.57,33.55,D
-11.87338,-44.86511,326.19,3.18,1.69,2026-09-09,1813,Aqua,MODIS,76,6.1NRT,304.77,75.45,D
-11.87262,-44.87157,326.4,3.18,1.69,2026-09-09,1813,Aqua,MODIS,76,6.1NRT,304.5,76.09,D
-11.85854,-44.86652,333.79,3.18,1.69,2026-09-09,1813,Aqua,MODIS,84,6.1NRT,304.86,127.58,D
-11.85784,-44.87349,329.16,3.18,1.69,2026-09-09,1813,Aqua,MODIS,79,6.1NRT,304.41,94.29,D
-11.85442,-44.8459,321.53,3.16,1.68,2026-09-09,1813,Aqua,MODIS,69,6.1NRT,304.5,45.39,D
-11.71865,-42.64334,316.92,2.09,1.41,2026-09-09,1813,Aqua,MODIS,60,6.1NRT,302.35,20.93,D
-11.51546,-37.87225,318.58,1.04,1.02,2026-09-09,1813,Aqua,MODIS,67,6.1NRT,300.84,11.75,D
-11.32735,-39.02419,323.2,1.16,1.07,2026-09-09,1813,Aqua,MODIS,72,6.1NRT,308.3,12.19,D
-11.18163,-39.97332,320.05,1.31,1.13,2026-09-09,1813,Aqua,MODIS,62,6.1NRT,307.02,8.48,D
-11.1257,-39.42535,326.52,1.21,1.09,2026-09-09,1813,Aqua,MODIS,76,6.1NRT,309.95,15.91,D
-11.1242,-39.41459,323.57,1.21,1.09,2026-09-09,1813,Aqua,MODIS,71,6.1NRT,309.0,11.79,D
-11.11676,-42.74871,338.46,2.09,1.41,2026-09-09,1813,Aqua,MODIS,87,6.1NRT,304.9,87.36,D
-11.11612,-39.42673,330.3,1.21,1.09,2026-09-09,1813,Aqua,MODIS,80,6.1NRT,309.85,21.13,D
-11.11462,-39.41596,322.84,1.21,1.09,2026-09-09,1813,Aqua,MODIS,49,6.1NRT,308.99,9.73,D
-10.95933,-39.48353,325.97,1.21,1.09,2026-09-09,1813,Aqua,MODIS,75,6.1NRT,309.16,15.7,D
-10.90264,-41.47656,327.86,1.65,1.26,2026-09-09,1813,Aqua,MODIS,76,6.1NRT,308.4,30.4,D
-10.75016,-45.95198,326.49,3.73,1.81,2026-09-09,1813,Aqua,MODIS,57,6.1NRT,306.23,78.51,D
-10.74452,-45.94529,322.8,3.73,1.81,2026-09-09,1813,Aqua,MODIS,41,6.1NRT,306.74,55.82,D
-10.69485,-46.02456,325.64,3.78,1.82,2026-09-09,1813,Aqua,MODIS,55,6.1NRT,306.78,83.48,D
-10.6912,-46.12794,324.41,3.85,1.83,2026-09-09,1813,Aqua,MODIS,72,6.1NRT,300.38,101.43,D
-10.69086,-45.99183,351.17,3.75,1.81,2026-09-09,1813,Aqua,MODIS,95,6.1NRT,306.86,357.76,D
-10.68714,-46.09423,388.8,3.82,1.83,2026-09-09,1813,Aqua,MODIS,100,6.1NRT,307.62,1281.48,D
-10.68373,-40.88626,321.64,1.48,1.2,2026-09-09,1813,Aqua,MODIS,66,6.1NRT,308.15,14.06,D
-10.68299,-46.05986,379.44,3.8,1.82,2026-09-09,1813,Aqua,MODIS,100,6.1NRT,306.82,970.01,D
-10.67896,-46.02648,362.61,3.78,1.82,2026-09-09,1813,Aqua,MODIS,100,6.1NRT,305.96,564.5,D
-10.67856,-46.09973,331.84,3.82,1.83,2026-09-09,1813,Aqua,MODIS,81,6.1NRT,302.16,159.77,D
-10.62906,-40.19456,320.86,1.33,1.14,2026-09-09,1813,Aqua,MODIS,65,6.1NRT,304.58,15.7,D
-10.62748,-40.18288,316.59,1.32,1.14,2026-09-09,1813,Aqua,MODIS,43,6.1NRT,305.12,8.71,D
-10.59159,-40.21694,316.13,1.33,1.14,2026-09-09,1813,Aqua,MODIS,46,6.1NRT,303.81,9.46,D
-10.50044,-45.30401,316.96,3.28,1.71,2026-09-09,1813,Aqua,MODIS,52,6.1NRT,303.44,32.76,D
-10.43787,-42.75153,321.9,2.04,1.39,2026-09-09,1813,Aqua,MODIS,62,6.1NRT,307.08,25.77,D
-10.43557,-42.7337,333.98,2.03,1.39,2026-09-09,1813,Aqua,MODIS,83,6.1NRT,308.34,66.6,D
-10.42799,-42.77106,322.69,2.04,1.39,2026-09-09,1813,Aqua,MODIS,69,6.1NRT,305.0,28.89,D
-10.42571,-42.75326,358.63,2.04,1.39,2026-09-09,1813,Aqua,MODIS,99,6.1NRT,309.5,205.66,D
-10.42201,-42.75873,344.91,2.04,1.39,2026-09-09,1813,Aqua,MODIS,92,6.1NRT,307.72,116.78,D
-10.41959,-42.74087,322.14,2.03,1.39,2026-09-09,1813,Aqua,MODIS,25,6.1NRT,306.63,24.65,D
-10.32607,-46.85953,320.6,4.34,1.92,2026-09-09,1813,Aqua,MODIS,47,6.1NRT,301.58,76.16,D
-10.26719,-45.25674,358.33,3.23,1.7,2026-09-09,1813,Aqua,MODIS,99,6.1NRT,305.48,391.6,D
-10.26704,-45.26348,359.01,3.23,1.7,2026-09-09,1813,Aqua,MODIS,99,6.1NRT,305.51,403.97,D
-10.26351,-45.23584,342.29,3.21,1.7,2026-09-09,1813,Aqua,MODIS,90,6.1NRT,305.2,197.84,D
-10.25573,-45.29354,330.3,3.25,1.7,2026-09-09,1813,Aqua,MODIS,79,6.1NRT,303.43,114.1,D
-10.25569,-45.2869,363.25,3.25,1.7,2026-09-09,1813,Aqua,MODIS,100,6.1NRT,305.29,473.16,D
-10.25233,-45.25876,446.73,3.23,1.7,2026-09-09,1813,Aqua,MODIS,100,6.1NRT,318.77,3609.19,D
-10.2522,-45.26559,440.42,3.23,1.7,2026-09-09,1813,Aqua,MODIS,100,6.1NRT,318.58,3209.75,D
-10.249,-45.2308,352.85,3.21,1.7,2026-09-09,1813,Aqua,MODIS,96,6.1NRT,306.72,302.93,D
-10.24863,-45.23742,384.07,3.21,1.7,2026-09-09,1813,Aqua,MODIS,100,6.1NRT,308.11,872.44,D
-10.24518,-45.21018,324.88,3.19,1.69,2026-09-09,1813,Aqua,MODIS,72,6.1NRT,306.59,68.38,D
-10.24079,-45.29517,327.76,3.25,1.7,2026-09-09,1813,Aqua,MODIS,76,6.1NRT,301.89,99.22,D
-10.23733,-45.26757,370.58,3.23,1.7,2026-09-09,1813,Aqua,MODIS,100,6.1NRT,305.55,597.59,D
-10.23377,-45.2392,333.65,3.21,1.7,2026-09-09,1813,Aqua,MODIS,83,6.1NRT,303.15,125.95,D
-10.23028,-45.21141,330.25,3.19,1.69,2026-09-09,1813,Aqua,MODIS,79,6.1NRT,303.88,101.61,D
-10.18594,-42.22554,330.09,1.83,1.33,2026-09-09,1813,Aqua,MODIS,80,6.1NRT,306.78,49.01,D
-10.09645,-45.47446,326.72,3.34,1.72,2026-09-09,1813,Aqua,MODIS,75,6.1NRT,306.61,84.94,D
-10.09528,-45.46778,335.07,3.34,1.72,2026-09-09,1813,Aqua,MODIS,84,6.1NRT,308.02,148.51,D
-10.09269,-45.44479,334.44,3.32,1.72,2026-09-09,1813,Aqua,MODIS,83,6.1NRT,307.69,141.45,D
-10.09175,-45.43816,323.63,3.32,1.72,2026-09-09,1813,Aqua,MODIS,70,6.1NRT,307.1,64.94,D
-10.08136,-45.47631,383.51,3.34,1.72,2026-09-09,1813,Aqua,MODIS,100,6.1NRT,307.73,911.67,D
-10.0776,-45.44635,371.05,3.32,1.72,2026-09-09,1813,Aqua,MODIS,100,6.1NRT,308.56,627.45,D
-10.07402,-45.41782,338.42,3.3,1.72,2026-09-09,1813,Aqua,MODIS,87,6.1NRT,306.57,174.48,D
-10.06611,-45.47693,345.33,3.34,1.72,2026-09-09,1813,Aqua,MODIS,92,6.1NRT,303.77,251.45,D
-10.06236,-45.44673,339.35,3.32,1.72,2026-09-09,1813,Aqua,MODIS,88,6.1NRT,304.79,188.69,D
-10.0489,-45.45184,320.13,3.32,1.72,2026-09-09,1813,Aqua,MODIS,61,6.1NRT,303.59,50.06,D
-9.97056,-45.43618,325.13,3.3,1.72,2026-09-09,1813,Aqua,MODIS,72,6.1NRT,306.52,70.82,D
-9.86817,-45.58122,319.14,3.37,1.73,2026-09-09,1813,Aqua,MODIS,50,6.1NRT,307.8,30.66,D
-9.86565,-45.57672,320.17,3.37,1.73,2026-09-09,1813,Aqua,MODIS,58,6.1NRT,307.81,36.57,D
-9.8016,-42.78764,324.41,2.0,1.38,2026-09-09,1813,Aqua,MODIS,71,6.1NRT,307.33,31.59,D
-9.79928,-42.76984,321.01,2.0,1.38,2026-09-09,1813,Aqua,MODIS,63,6.1NRT,307.64,21.33,D
-9.79567,-36.84328,328.65,1.0,1.0,2026-09-09,1813,Aqua,MODIS,82,6.1NRT,302.84,19.47,D
-9.79436,-36.83445,319.59,1.0,1.0,2026-09-09,1813,Aqua,MODIS,71,6.1NRT,303.5,9.73,D
-9.79032,-43.50923,328.84,2.29,1.46,2026-09-09,1813,Aqua,MODIS,73,6.1NRT,309.24,46.61,D
-9.78944,-43.50426,343.57,2.29,1.46,2026-09-09,1813,Aqua,MODIS,91,6.1NRT,310.3,123.22,D
-9.78761,-43.48919,334.39,2.28,1.46,2026-09-09,1813,Aqua,MODIS,77,6.1NRT,309.7,67.27,D
-9.78688,-43.4842,333.7,2.28,1.46,2026-09-09,1813,Aqua,MODIS,76,6.1NRT,309.86,67.21,D
-9.7849,-43.46926,336.48,2.27,1.46,2026-09-09,1813,Aqua,MODIS,76,6.1NRT,309.38,73.89,D
-9.78434,-43.46426,343.86,2.27,1.46,2026-09-09,1813,Aqua,MODIS,91,6.1NRT,309.89,121.55,D
-9.78221,-43.44945,331.84,2.26,1.46,2026-09-09,1813,Aqua,MODIS,68,6.1NRT,308.48,55.6,D
-9.72629,-43.51793,370.04,2.29,1.46,2026-09-09,1813,Aqua,MODIS,100,6.1NRT,311.49,340.42,D
-9.72487,-45.9143,320.1,3.57,1.77,2026-09-09,1813,Aqua,MODIS,63,6.1NRT,308.11,47.33,D
-9.72368,-43.49788,356.28,2.28,1.46,2026-09-09,1813,Aqua,MODIS,98,6.1NRT,311.55,202.75,D
-9.72334,-43.39629,339.79,2.23,1.45,2026-09-09,1813,Aqua,MODIS,86,6.1NRT,310.2,93.47,D
-9.7133,-43.41821,327.64,2.24,1.45,2026-09-09,1813,Aqua,MODIS,31,6.1NRT,310.12,37.15,D
-9.71071,-43.39837,325.98,2.23,1.45,2026-09-09,1813,Aqua,MODIS,51,6.1NRT,307.89,35.58,D
-9.70553,-45.2525,317.96,3.16,1.68,2026-09-09,1813,Aqua,MODIS,54,6.1NRT,307.16,27.95,D
-9.70218,-45.2248,333.28,3.14,1.68,2026-09-09,1813,Aqua,MODIS,83,6.1NRT,308.33,118.9,D
-9.70101,-45.23177,337.75,3.14,1.68,2026-09-09,1813,Aqua,MODIS,86,6.1NRT,308.28,156.13,D
-9.7006,-43.41993,362.65,2.24,1.45,2026-09-09,1813,Aqua,MODIS,100,6.1NRT,310.77,259.23,D
-9.69552,-43.48119,346.35,2.27,1.46,2026-09-09,1813,Aqua,MODIS,92,6.1NRT,308.08,135.05,D
-9.69526,-43.48799,338.33,2.27,1.46,2026-09-09,1813,Aqua,MODIS,70,6.1NRT,308.36,90.82,D
-9.69295,-43.46107,372.89,2.26,1.46,2026-09-09,1813,Aqua,MODIS,100,6.1NRT,310.97,365.5,D
-9.69255,-43.46804,352.96,2.26,1.46,2026-09-09,1813,Aqua,MODIS,96,6.1NRT,309.0,178.66,D
-9.69039,-43.44114,372.17,2.25,1.45,2026-09-09,1813,Aqua,MODIS,100,6.1NRT,311.11,357.39,D
-9.68983,-43.448,370.29,2.25,1.45,2026-09-09,1813,Aqua,MODIS,100,6.1NRT,312.22,344.17,D
-9.68716,-43.42835,326.48,2.24,1.45,2026-09-09,1813,Aqua,MODIS,70,6.1NRT,307.03,43.71,D
-9.54444,-43.02319,336.57,2.07,1.4,2026-09-09,1813,Aqua,MODIS,85,6.1NRT,308.95,76.53,D
-9.54208,-43.00497,319.47,2.07,1.4,2026-09-09,1813,Aqua,MODIS,59,6.1NRT,308.92,16.09,D
-9.47646,-40.73589,327.91,1.39,1.17,2026-09-09,1813,Aqua,MODIS,75,6.1NRT,309.58,22.79,D
-9.47475,-40.72368,333.04,1.39,1.17,2026-09-09,1813,Aqua,MODIS,81,6.1NRT,308.33,33.3,D
-9.38765,-37.20615,315.43,1.0,1.0,2026-09-09,1813,Aqua,MODIS,38,6.1NRT,301.81,6.7,D
-9.31089,-36.89087,321.36,1.0,1.0,2026-09-09,1813,Aqua,MODIS,61,6.1NRT,300.38,13.56,D
-9.2917,-35.5183,308.37,1.07,1.03,2026-09-09,1813,Aqua,MODIS,39,6.1NRT,294.59,5.44,D
-8.99213,-44.90926,323.91,2.88,1.62,2026-09-09,1813,Aqua,MODIS,71,6.1NRT,308.72,50.07,D
-8.98765,-44.98719,319.34,2.93,1.63,2026-09-09,1813,Aqua,MODIS,60,6.1NRT,307.98,32.95,D
-8.98388,-44.99511,324.4,2.93,1.63,2026-09-09,1813,Aqua,MODIS,72,6.1NRT,308.48,56.93,D
-8.98052,-44.43886,333.09,2.64,1.56,2026-09-09,1813,Aqua,MODIS,82,6.1NRT,309.8,88.11,D
-8.9775,-44.41494,335.56,2.63,1.56,2026-09-09,1813,Aqua,MODIS,85,6.1NRT,311.27,100.88,D
-8.97366,-44.44433,325.1,2.64,1.56,2026-09-09,1813,Aqua,MODIS,73,6.1NRT,308.12,48.85,D
-8.97052,-44.42084,340.07,2.63,1.56,2026-09-09,1813,Aqua,MODIS,88,6.1NRT,310.79,131.61,D
-8.96376,-36.89855,323.33,1.0,1.0,2026-09-09,1813,Aqua,MODIS,76,6.1NRT,304.12,12.47,D
-8.93501,-37.71746,333.04,1.01,1.0,2026-09-09,1813,Aqua,MODIS,83,6.1NRT,304.84,25.35,D
-8.77604,-46.45791,322.89,3.82,1.83,2026-09-09,1813,Aqua,MODIS,38,6.1NRT,302.95,77.18,D
-8.76673,-46.46695,317.85,3.82,1.83,2026-09-09,1813,Aqua,MODIS,42,6.1NRT,302.4,48.16,D
-8.7624,-46.43327,323.25,3.8,1.82,2026-09-09,1813,Aqua,MODIS,68,6.1NRT,302.21,82.66,D
-8.72025,-44.71127,319.25,2.75,1.59,2026-09-09,1813,Aqua,MODIS,43,6.1NRT,307.83,25.32,D
-8.49472,-41.25898,320.44,1.46,1.19,2026-09-09,1813,Aqua,MODIS,61,6.1NRT,308.88,12.18,D
-8.47129,-44.85714,321.99,2.8,1.6,2026-09-09,1813,Aqua,MODIS,64,6.1NRT,310.18,35.29,D
-8.46656,-44.86184,323.52,2.8,1.6,2026-09-09,1813,Aqua,MODIS,68,6.1NRT,310.17,43.67,D
-8.39061,-41.76259,330.04,1.58,1.24,2026-09-09,1813,Aqua,MODIS,78,6.1NRT,311.13,34.36,D
-8.3887,-41.74862,343.78,1.58,1.24,2026-09-09,1813,Aqua,MODIS,90,6.1NRT,312.15,75.86,D
-8.35757,-38.76767,326.97,1.06,1.03,2026-09-09,1813,Aqua,MODIS,58,6.1NRT,308.08,16.27,D
-8.35621,-38.75829,343.78,1.06,1.03,2026-09-09,1813,Aqua,MODIS,86,6.1NRT,307.99,44.27,D
-8.31701,-36.10026,314.59,1.04,1.02,2026-09-09,1813,Aqua,MODIS,63,6.1NRT,300.92,7.25,D
-8.15823,-40.67833,322.59,1.32,1.14,2026-09-09,1813,Aqua,MODIS,66,6.1NRT,305.53,15.27,D
-8.13788,-45.59246,331.79,3.18,1.69,2026-09-09,1813,Aqua,MODIS,80,6.1NRT,309.03,115.57,D
-8.13713,-45.59936,322.61,3.18,1.69,2026-09-09,1813,Aqua,MODIS,63,6.1NRT,307.96,54.65,D
-8.13436,-45.56478,326.04,3.16,1.68,2026-09-09,1813,Aqua,MODIS,73,6.1NRT,306.95,74.55,D
-8.13344,-45.57193,333.56,3.16,1.68,2026-09-09,1813,Aqua,MODIS,82,6.1NRT,307.39,123.66,D
-7.99438,-43.97251,335.52,2.33,1.48,2026-09-09,1813,Aqua,MODIS,84,6.1NRT,311.21,85.4,D
-7.99272,-43.96713,340.77,2.33,1.48,2026-09-09,1813,Aqua,MODIS,88,6.1NRT,311.65,111.93,D
-7.99154,-43.95175,330.75,2.32,1.47,2026-09-09,1813,Aqua,MODIS,79,6.1NRT,311.43,60.72,D
-7.9901,-43.94674,323.95,2.32,1.47,2026-09-09,1813,Aqua,MODIS,47,6.1NRT,311.31,31.13,D
-7.97861,-43.95315,339.11,2.32,1.47,2026-09-09,1813,Aqua,MODIS,87,6.1NRT,312.77,100.1,D
-7.81622,-44.58369,320.71,2.6,1.55,2026-09-09,1813,Aqua,MODIS,55,6.1NRT,310.53,25.48,D
-7.57713,-47.23779,319.59,4.22,1.9,2026-09-09,1813,Aqua,MODIS,57,6.1NRT,298.8,80.66,D
-7.57241,-47.20132,324.68,4.19,1.9,2026-09-09,1813,Aqua,MODIS,72,6.1NRT,298.67,120.58,D
-7.54831,-45.04343,322.96,2.8,1.6,2026-09-09,1813,Aqua,MODIS,28,6.1NRT,310.33,32.29,D
-7.54503,-45.0186,324.7,2.79,1.6,2026-09-09,1813,Aqua,MODIS,51,6.1NRT,310.47,40.59,D
-7.52794,-40.567,316.86,1.27,1.12,2026-09-09,1813,Aqua,MODIS,38,6.1NRT,306.06,8.02,D
-7.51939,-37.82318,318.97,1.0,1.0,2026-09-09,1813,Aqua,MODIS,53,6.1NRT,305.43,7.53,D
-7.50964,-40.35009,319.82,1.24,1.1,2026-09-09,1813,Aqua,MODIS,60,6.1NRT,304.26,12.55,D
-7.46667,-46.16658,320.94,3.45,1.75,2026-09-09,1813,Aqua,MODIS,62,6.1NRT,304.56,46.98,D
-7.46518,-46.14395,326.06,3.43,1.74,2026-09-09,1813,Aqua,MODIS,74,6.1NRT,304.83,80.71,D
-7.46291,-46.1369,320.02,3.43,1.74,2026-09-09,1813,Aqua,MODIS,59,6.1NRT,304.5,40.61,D
-7.28418,-44.63907,319.71,2.57,1.54,2026-09-09,1813,Aqua,MODIS,45,6.1NRT,306.67,26.15,D
-7.27549,-44.64666,321.08,2.57,1.54,2026-09-09,1813,Aqua,MODIS,49,6.1NRT,307.81,30.16,D
-7.2724,-44.62437,323.17,2.56,1.54,2026-09-09,1813,Aqua,MODIS,67,6.1NRT,307.25,40.88,D
-7.27125,-45.35475,319.96,2.94,1.63,2026-09-09,1813,Aqua,MODIS,59,6.1NRT,308.2,31.32,D
-7.26836,-45.35979,320.22,2.94,1.63,2026-09-09,1813,Aqua,MODIS,62,6.1NRT,307.91,32.47,D
-7.21956,-39.64257,316.72,1.12,1.06,2026-09-09,1813,Aqua,MODIS,37,6.1NRT,304.76,8.35,D
-7.2017,-43.63583,339.43,2.12,1.42,2026-09-09,1813,Aqua,MODIS,87,6.1NRT,313.17,83.1,D
-7.18677,-43.61896,326.79,2.12,1.41,2026-09-09,1813,Aqua,MODIS,71,6.1NRT,313.2,30.44,D
-7.15046,-42.10635,323.59,1.61,1.25,2026-09-09,1813,Aqua,MODIS,17,6.1NRT,312.46,14.31,D
-7.14148,-42.12201,330.35,1.61,1.25,2026-09-09,1813,Aqua,MODIS,76,6.1NRT,314.46,30.12,D
-7.13954,-42.10787,337.8,1.61,1.25,2026-09-09,1813,Aqua,MODIS,85,6.1NRT,313.01,51.58,D
-7.13054,-42.12349,352.24,1.61,1.25,2026-09-09,1813,Aqua,MODIS,95,6.1NRT,316.51,105.53,D
-7.12861,-42.1094,336.87,1.61,1.25,2026-09-09,1813,Aqua,MODIS,84,6.1NRT,311.68,47.06,D
-7.12152,-42.13915,350.6,1.62,1.25,2026-09-09,1813,Aqua,MODIS,94,6.1NRT,315.29,98.64,D
-7.1196,-42.12501,355.72,1.61,1.25,2026-09-09,1813,Aqua,MODIS,97,6.1NRT,316.38,122.63,D
-7.11931,-42.14641,333.09,1.62,1.25,2026-09-09,1813,Aqua,MODIS,80,6.1NRT,312.92,40.52,D
-7.11729,-42.13227,363.13,1.61,1.25,2026-09-09,1813,Aqua,MODIS,100,6.1NRT,320.3,166.34,D
-7.11527,-42.11818,333.09,1.61,1.25,2026-09-09,1813,Aqua,MODIS,80,6.1NRT,309.82,41.8,D
-7.11057,-42.1407,384.94,1.62,1.25,2026-09-09,1813,Aqua,MODIS,100,6.1NRT,316.28,327.46,D
-7.10867,-42.12655,356.22,1.61,1.25,2026-09-09,1813,Aqua,MODIS,98,6.1NRT,310.26,129.2,D
-7.10836,-42.14795,344.1,1.62,1.25,2026-09-09,1813,Aqua,MODIS,90,6.1NRT,309.78,78.97,D
-7.10635,-42.13379,372.63,1.61,1.25,2026-09-09,1813,Aqua,MODIS,100,6.1NRT,311.34,230.01,D
-7.06298,-42.72018,332.71,1.79,1.31,2026-09-09,1813,Aqua,MODIS,80,6.1NRT,312.45,45.55,D
-7.06084,-42.70471,345.85,1.78,1.31,2026-09-09,1813,Aqua,MODIS,91,6.1NRT,313.15,94.88,D
-7.05151,-42.72168,353.79,1.79,1.31,2026-09-09,1813,Aqua,MODIS,96,6.1NRT,313.32,136.55,D
-7.04939,-42.70632,364.12,1.78,1.31,2026-09-09,1813,Aqua,MODIS,100,6.1NRT,313.1,198.59,D
-7.02507,-45.12597,316.75,2.79,1.6,2026-09-09,1813,Aqua,MODIS,50,6.1NRT,304.77,26.12,D
-7.01122,-45.70728,320.12,3.11,1.67,2026-09-09,1813,Aqua,MODIS,65,6.1NRT,302.09,47.65,D
-6.90337,-38.60759,327.12,1.03,1.01,2026-09-09,1813,Aqua,MODIS,75,6.1NRT,309.31,13.91,D
-6.90207,-38.59859,338.17,1.03,1.01,2026-09-09,1813,Aqua,MODIS,86,6.1NRT,311.49,29.62,D
-6.87043,-46.0195,321.2,3.28,1.71,2026-09-09,1813,Aqua,MODIS,69,6.1NRT,305.58,63.58,D
-6.85441,-40.8677,335.56,1.3,1.13,2026-09-09,1813,Aqua,MODIS,83,6.1NRT,313.31,34.19,D
-6.85283,-40.85633,347.05,1.3,1.13,2026-09-09,1813,Aqua,MODIS,92,6.1NRT,313.78,63.61,D
-6.83421,-39.41253,318.2,1.09,1.04,2026-09-09,1813,Aqua,MODIS,42,6.1NRT,307.02,7.28,D
-6.80665,-43.03559,323.37,1.87,1.34,2026-09-09,1813,Aqua,MODIS,67,6.1NRT,309.35,22.47,D
-6.79048,-43.00435,341.31,1.86,1.33,2026-09-09,1813,Aqua,MODIS,89,6.1NRT,309.01,82.58,D
-6.78828,-42.98811,323.77,1.86,1.33,2026-09-09,1813,Aqua,MODIS,68,6.1NRT,307.69,24.02,D
-6.75556,-45.51405,317.68,2.97,1.64,2026-09-09,1813,Aqua,MODIS,55,6.1NRT,304.56,33.85,D
-6.75199,-45.4883,321.13,2.96,1.64,2026-09-09,1813,Aqua,MODIS,68,6.1NRT,303.31,48.79,D
-6.74369,-45.51025,322.75,2.97,1.64,2026-09-09,1813,Aqua,MODIS,71,6.1NRT,302.73,59.56,D
-6.74031,-45.48429,316.82,2.96,1.64,2026-09-09,1813,Aqua,MODIS,55,6.1NRT,301.87,31.01,D
-6.72802,-35.37514,314.89,1.16,1.07,2026-09-09,1813,Aqua,MODIS,61,6.1NRT,298.59,9.59,D
-6.6787,-43.44407,364.61,2.01,1.38,2026-09-09,1813,Aqua,MODIS,100,6.1NRT,310.71,246.83,D
-6.6763,-43.42645,331.79,2.0,1.38,2026-09-09,1813,Aqua,MODIS,81,6.1NRT,307.55,56.62,D
-6.64093,-46.55771,323.87,3.6,1.78,2026-09-09,1813,Aqua,MODIS,73,6.1NRT,302.85,76.21,D
-6.63691,-46.55125,330.3,3.6,1.78,2026-09-09,1813,Aqua,MODIS,81,6.1NRT,302.38,124.29,D
-6.63665,-46.52692,330.4,3.57,1.77,2026-09-09,1813,Aqua,MODIS,81,6.1NRT,302.66,125.58,D
-6.63289,-46.52057,325.78,3.57,1.77,2026-09-09,1813,Aqua,MODIS,76,6.1NRT,301.74,89.16,D
-6.56062,-40.39083,323.18,1.21,1.09,2026-09-09,1813,Aqua,MODIS,66,6.1NRT,308.56,11.82,D
-6.55911,-40.38029,339.15,1.21,1.09,2026-09-09,1813,Aqua,MODIS,87,6.1NRT,309.28,39.66,D
-6.51153,-38.64975,326.5,1.02,1.01,2026-09-09,1813,Aqua,MODIS,73,6.1NRT,309.82,12.27,D
-6.51021,-38.64075,328.45,1.02,1.01,2026-09-09,1813,Aqua,MODIS,76,6.1NRT,309.24,14.84,D
-6.50336,-39.4857,319.95,1.09,1.04,2026-09-09,1813,Aqua,MODIS,58,6.1NRT,307.41,7.6,D
-6.48337,-46.6482,327.54,3.64,1.79,2026-09-09,1813,Aqua,MODIS,78,6.1NRT,302.16,112.12,D
-6.47979,-46.27341,316.7,3.39,1.74,2026-09-09,1813,Aqua,MODIS,42,6.1NRT,301.92,28.57,D
-6.47755,-45.92417,316.45,3.18,1.69,2026-09-09,1813,Aqua,MODIS,54,6.1NRT,303.21,33.58,D
-6.47667,-45.67122,319.67,3.03,1.66,2026-09-09,1813,Aqua,MODIS,17,6.1NRT,305.44,30.18,D
-6.47403,-45.67821,323.88,3.03,1.66,2026-09-09,1813,Aqua,MODIS,73,6.1NRT,305.08,54.15,D
-6.47329,-45.64507,320.74,3.02,1.65,2026-09-09,1813,Aqua,MODIS,39,6.1NRT,306.25,35.18,D
-6.47046,-45.65205,331.1,3.02,1.65,2026-09-09,1813,Aqua,MODIS,81,6.1NRT,306.71,96.97,D
-6.46894,-46.30715,320.19,3.41,1.74,2026-09-09,1813,Aqua,MODIS,66,6.1NRT,301.85,49.07,D
-6.46615,-46.30246,321.14,3.41,1.74,2026-09-09,1813,Aqua,MODIS,62,6.1NRT,301.55,50.47,D
-6.45954,-45.67989,328.44,3.03,1.66,2026-09-09,1813,Aqua,MODIS,79,6.1NRT,304.29,79.36,D
-6.45651,-46.10373,325.3,3.28,1.71,2026-09-09,1813,Aqua,MODIS,75,6.1NRT,303.16,75.39,D
-6.45598,-45.65361,334.39,3.02,1.65,2026-09-09,1813,Aqua,MODIS,84,6.1NRT,305.22,118.58,D
-6.45525,-46.09906,325.01,3.28,1.71,2026-09-09,1813,Aqua,MODIS,75,6.1NRT,303.1,72.62,D
-6.4448,-46.01847,327.54,3.23,1.7,2026-09-09,1813,Aqua,MODIS,78,6.1NRT,303.16,90.09,D
-6.44419,-46.01384,329.47,3.23,1.7,2026-09-09,1813,Aqua,MODIS,80,6.1NRT,303.1,103.27,D
-6.43593,-35.28258,313.87,1.18,1.08,2026-09-09,1813,Aqua,MODIS,55,6.1NRT,298.2,8.74,D
-6.42353,-43.06723,331.2,1.86,1.33,2026-09-09,1813,Aqua,MODIS,81,6.1NRT,308.73,44.42,D
-6.42136,-43.07872,332.62,1.86,1.33,2026-09-09,1813,Aqua,MODIS,82,6.1NRT,310.57,51.06,D
-6.41919,-43.06272,325.78,1.86,1.33,2026-09-09,1813,Aqua,MODIS,74,6.1NRT,308.39,28.54,D
-6.34337,-43.76917,318.34,2.11,1.41,2026-09-09,1813,Aqua,MODIS,59,6.1NRT,306.95,19.18,D
-6.34082,-43.75029,339.83,2.1,1.41,2026-09-09,1813,Aqua,MODIS,88,6.1NRT,307.57,98.11,D
-6.33827,-43.75604,332.9,2.1,1.41,2026-09-09,1813,Aqua,MODIS,83,6.1NRT,307.72,66.07,D
-6.33369,-44.85659,319.14,2.58,1.54,2026-09-09,1813,Aqua,MODIS,63,6.1NRT,304.73,29.91,D
-6.33052,-44.83326,323.86,2.57,1.54,2026-09-09,1813,Aqua,MODIS,73,6.1NRT,304.7,48.62,D
-6.3007,-37.6998,327.77,1.0,1.0,2026-09-09,1813,Aqua,MODIS,76,6.1NRT,305.25,15.85,D
-6.17551,-43.03227,320.28,1.83,1.32,2026-09-09,1813,Aqua,MODIS,63,6.1NRT,307.02,19.36,D
-5.33876,-38.27427,325.43,1.0,1.0,2026-09-09,1813,Aqua,MODIS,51,6.1NRT,309.3,9.87,D
-5.33748,-38.26552,325.44,1.0,1.0,2026-09-09,1813,Aqua,MODIS,68,6.1NRT,308.47,9.84,D
-6.30338,-45.8757,318.82,3.13,1.68,2026-09-09,1815,Aqua,MODIS,64,6.1NRT,303.1,34.57,D
-5.87496,-44.74677,319.21,2.49,1.52,2026-09-09,1815,Aqua,MODIS,65,6.1NRT,301.13,34.56,D
-5.86171,-44.74876,330.09,2.49,1.52,2026-09-09,1815,Aqua,MODIS,81,6.1NRT,301.62,79.88,D
-5.80075,-43.82606,342.69,2.09,1.41,2026-09-09,1815,Aqua,MODIS,90,6.1NRT,303.07,112.31,D
-5.79828,-43.80795,325.33,2.08,1.4,2026-09-09,1815,Aqua,MODIS,74,6.1NRT,306.39,39.72,D
-5.7979,-43.83144,326.09,2.09,1.41,2026-09-09,1815,Aqua,MODIS,76,6.1NRT,301.01,41.02,D
-5.79529,-43.81333,332.04,2.08,1.4,2026-09-09,1815,Aqua,MODIS,82,6.1NRT,305.87,62.92,D
-5.72713,-43.37544,333.7,1.91,1.35,2026-09-09,1815,Aqua,MODIS,83,6.1NRT,303.62,65.76,D
-5.72095,-43.38121,351.23,1.91,1.35,2026-09-09,1815,Aqua,MODIS,95,6.1NRT,304.87,146.01,D
-5.71857,-43.36462,330.7,1.91,1.35,2026-09-09,1815,Aqua,MODIS,76,6.1NRT,290.53,54.07,D
-5.7153,-43.37698,350.02,1.91,1.35,2026-09-09,1815,Aqua,MODIS,95,6.1NRT,300.16,138.7,D
-5.69967,-43.40118,332.66,1.92,1.35,2026-09-09,1815,Aqua,MODIS,75,6.1NRT,304.02,59.96,D
-5.69729,-43.38435,349.46,1.91,1.35,2026-09-09,1815,Aqua,MODIS,94,6.1NRT,305.47,134.94,D
-5.68784,-43.40288,330.7,1.92,1.35,2026-09-09,1815,Aqua,MODIS,76,6.1NRT,304.71,55.14,D
-5.68549,-43.38607,341.87,1.91,1.35,2026-09-09,1815,Aqua,MODIS,90,6.1NRT,305.28,98.34,D
-5.63251,-41.28114,323.11,1.33,1.14,2026-09-09,1815,Aqua,MODIS,68,6.1NRT,310.08,10.51,D
-5.61649,-44.8692,320.55,2.52,1.53,2026-09-09,1815,Aqua,MODIS,62,6.1NRT,298.19,42.6,D
-5.61344,-44.84722,326.84,2.51,1.52,2026-09-09,1815,Aqua,MODIS,78,6.1NRT,296.66,67.0,D
-5.59212,-44.21586,318.92,2.23,1.45,2026-09-09,1815,Aqua,MODIS,63,6.1NRT,299.39,27.64,D
-5.42396,-41.83617,331.2,1.45,1.19,2026-09-09,1815,Aqua,MODIS,70,6.1NRT,305.51,34.67,D
-5.41726,-41.84375,329.42,1.45,1.19,2026-09-09,1815,Aqua,MODIS,47,6.1NRT,307.55,31.0,D
-5.33414,-45.31696,316.87,2.71,1.58,2026-09-09,1815,Aqua,MODIS,41,6.1NRT,297.32,32.71,D
-5.32582,-40.78504,333.04,1.23,1.1,2026-09-09,1815,Aqua,MODIS,82,6.1NRT,309.66,29.16,D
-5.32428,-40.77433,326.54,1.23,1.1,2026-09-09,1815,Aqua,MODIS,67,6.1NRT,305.57,18.13,D
-5.20049,-39.35157,343.86,1.05,1.02,2026-09-09,1815,Aqua,MODIS,85,6.1NRT,309.81,40.73,D
-5.19916,-39.3424,349.05,1.05,1.02,2026-09-09,1815,Aqua,MODIS,0,6.1NRT,309.55,51.32,D
-5.15731,-43.85448,318.68,2.04,1.39,2026-09-09,1815,Aqua,MODIS,64,6.1NRT,298.0,25.37,D
-5.14963,-43.84878,322.48,2.04,1.39,2026-09-09,1815,Aqua,MODIS,72,6.1NRT,296.96,36.86,D
-5.14515,-43.85623,317.78,2.04,1.39,2026-09-09,1815,Aqua,MODIS,46,6.1NRT,299.55,23.61,D
-4.99737,-36.89868,318.77,1.04,1.02,2026-09-09,1815,Aqua,MODIS,61,6.1NRT,302.04,9.3,D
-4.86854,-45.51569,320.52,2.76,1.59,2026-09-09,1815,Aqua,MODIS,72,6.1NRT,296.24,57.28,D
-4.6212,-43.57521,332.28,1.9,1.35,2026-09-09,1815,Aqua,MODIS,84,6.1NRT,303.03,57.51,D
-4.61962,-39.48242,325.71,1.05,1.02,2026-09-09,1815,Aqua,MODIS,75,6.1NRT,304.71,15.93,D
-4.55311,-43.74567,335.52,1.96,1.37,2026-09-09,1815,Aqua,MODIS,86,6.1NRT,304.82,70.05,D
-4.5507,-43.72878,322.59,1.95,1.36,2026-09-09,1815,Aqua,MODIS,56,6.1NRT,304.12,25.23,D
-4.41733,-45.0038,320.21,2.47,1.51,2026-09-09,1815,Aqua,MODIS,72,6.1NRT,298.03,40.87,D
-4.33568,-41.52276,359.38,1.33,1.14,2026-09-09,1815,Aqua,MODIS,99,6.1NRT,305.53,116.0,D
-4.18056,-42.43553,321.37,1.53,1.22,2026-09-09,1815,Aqua,MODIS,71,6.1NRT,303.55,21.76,D
-4.1699,-42.43707,342.32,1.53,1.22,2026-09-09,1815,Aqua,MODIS,91,6.1NRT,302.93,75.08,D
-4.15128,-43.10548,326.2,1.72,1.29,2026-09-09,1815,Aqua,MODIS,78,6.1NRT,302.62,38.41,D
-4.13048,-40.57571,332.9,1.16,1.07,2026-09-09,1815,Aqua,MODIS,82,6.1NRT,309.68,24.53,D
-4.12486,-40.58303,325.63,1.16,1.07,2026-09-09,1815,Aqua,MODIS,74,6.1NRT,309.0,14.5,D
-4.12338,-40.57299,331.94,1.16,1.07,2026-09-09,1815,Aqua,MODIS,82,6.1NRT,308.74,24.04,D
-4.00513,-39.0037,320.18,1.02,1.01,2026-09-09,1815,Aqua,MODIS,65,6.1NRT,305.25,7.94,D
-3.885,-43.17772,319.96,1.72,1.29,2026-09-09,1815,Aqua,MODIS,59,6.1NRT,298.72,23.09,D
-3.77078,-40.75223,328.68,1.17,1.08,2026-09-09,1815,Aqua,MODIS,62,6.1NRT,306.06,19.29,D
-3.74765,-47.61008,327.65,3.92,1.84,2026-09-09,1815,Aqua,MODIS,82,6.1NRT,293.42,139.58,D
-3.74461,-40.50965,319.99,1.14,1.06,2026-09-09,1815,Aqua,MODIS,47,6.1NRT,305.9,8.06,D
-3.73943,-47.60673,324.26,3.92,1.84,2026-09-09,1815,Aqua,MODIS,79,6.1NRT,292.46,109.53,D
-3.73525,-40.5106,328.69,1.14,1.06,2026-09-09,1815,Aqua,MODIS,78,6.1NRT,302.6,19.89,D
-3.71494,-39.36206,328.05,1.03,1.01,2026-09-09,1815,Aqua,MODIS,77,6.1NRT,303.09,16.9,D
-3.68494,-38.85057,324.65,1.01,1.0,2026-09-09,1815,Aqua,MODIS,73,6.1NRT,305.03,13.57,D
-3.68365,-38.8418,324.96,1.01,1.0,2026-09-09,1815,Aqua,MODIS,74,6.1NRT,304.53,14.1,D
-3.68236,-39.13911,331.89,1.02,1.01,2026-09-09,1815,Aqua,MODIS,82,6.1NRT,304.96,22.43,D
-3.68107,-39.13023,323.92,1.02,1.01,2026-09-09,1815,Aqua,MODIS,72,6.1NRT,304.76,12.71,D
-3.55811,-48.19735,308.74,4.34,1.92,2026-09-09,1815,Aqua,MODIS,49,6.1NRT,292.57,39.47,D
-3.55173,-43.5685,317.13,1.82,1.32,2026-09-09,1815,Aqua,MODIS,16,6.1NRT,299.61,18.78,D
-3.54826,-43.56392,316.19,1.82,1.32,2026-09-09,1815,Aqua,MODIS,48,6.1NRT,298.49,20.27,D
-3.54651,-48.19183,308.0,4.34,1.92,2026-09-09,1815,Aqua,MODIS,40,6.1NRT,292.37,34.73,D
-3.30872,-39.5531,315.81,1.04,1.02,2026-09-09,1815,Aqua,MODIS,52,6.1NRT,301.66,7.36,D
-3.25264,-47.92133,309.69,4.08,1.87,2026-09-09,1815,Aqua,MODIS,34,6.1NRT,291.71,34.45,D
-3.16169,-39.61827,349.09,1.04,1.02,2026-09-09,1815,Aqua,MODIS,94,6.1NRT,303.18,56.04,D
-3.16038,-39.60923,327.44,1.04,1.02,2026-09-09,1815,Aqua,MODIS,74,6.1NRT,301.04,19.09,D
-3.02292,-43.17503,317.17,1.67,1.27,2026-09-09,1815,Aqua,MODIS,67,6.1NRT,296.42,18.62,D
-3.02182,-43.18186,325.05,1.67,1.27,2026-09-09,1815,Aqua,MODIS,78,6.1NRT,297.2,36.02,D
-2.95013,-40.88509,313.46,1.17,1.08,2026-09-09,1815,Aqua,MODIS,53,6.1NRT,301.17,6.69,D
-2.93089,-45.14521,309.49,2.39,1.49,2026-09-09,1815,Aqua,MODIS,46,6.1NRT,293.8,15.7,D
-2.90485,-42.61024,317.48,1.5,1.21,2026-09-09,1815,Aqua,MODIS,65,6.1NRT,299.87,13.7,D
-2.89426,-42.61167,317.34,1.5,1.21,2026-09-09,1815,Aqua,MODIS,64,6.1NRT,300.18,13.11,D
-2.82678,-43.74816,314.65,1.83,1.33,2026-09-09,1815,Aqua,MODIS,64,6.1NRT,297.22,14.57,D
-2.82639,-43.41752,339.71,1.73,1.29,2026-09-09,1815,Aqua,MODIS,90,6.1NRT,298.38,79.55,D
-2.82456,-43.7323,330.95,1.83,1.32,2026-09-09,1815,Aqua,MODIS,84,6.1NRT,297.94,55.58,D
-2.82424,-43.40257,342.32,1.72,1.29,2026-09-09,1815,Aqua,MODIS,91,6.1NRT,299.04,89.43,D
-2.81659,-43.73858,336.91,1.83,1.32,2026-09-09,1815,Aqua,MODIS,88,6.1NRT,298.33,76.32,D
-2.80505,-43.5029,320.97,1.75,1.3,2026-09-09,1815,Aqua,MODIS,74,6.1NRT,298.44,24.72,D
-2.80328,-43.49797,320.74,1.75,1.3,2026-09-09,1815,Aqua,MODIS,74,6.1NRT,298.55,25.2,D
-2.54809,-44.85116,315.79,2.23,1.45,2026-09-09,1815,Aqua,MODIS,69,6.1NRT,294.85,28.02,D
-2.54537,-44.83202,311.29,2.22,1.44,2026-09-09,1815,Aqua,MODIS,60,6.1NRT,294.56,16.64,D
-2.54405,-44.83902,318.44,2.22,1.44,2026-09-09,1815,Aqua,MODIS,73,6.1NRT,294.87,33.86,D
-2.22199,-48.24704,313.31,4.17,1.89,2026-09-09,1817,Aqua,MODIS,68,6.1NRT,291.68,56.87,D
-2.21613,-48.25223,311.65,4.17,1.89,2026-09-09,1817,Aqua,MODIS,65,6.1NRT,291.77,47.64,D
-2.07242,-44.73885,307.96,2.14,1.42,2026-09-09,1817,Aqua,MODIS,49,6.1NRT,293.13,11.48,D
-2.05815,-44.81725,311.77,2.17,1.43,2026-09-09,1817,Aqua,MODIS,63,6.1NRT,294.19,18.32,D
-1.96601,-44.72172,320.62,2.12,1.42,2026-09-09,1817,Aqua,MODIS,76,6.1NRT,293.8,39.96,D
-1.96295,-44.72913,318.13,2.12,1.42,2026-09-09,1817,Aqua,MODIS,74,6.1NRT,294.12,33.57,D
-1.76797,-44.9992,312.95,2.22,1.44,2026-09-09,1817,Aqua,MODIS,67,6.1NRT,294.36,22.51,D
-1.7471,-45.12609,312.59,2.27,1.46,2026-09-09,1817,Aqua,MODIS,67,6.1NRT,295.01,22.56,D
-1.74674,-45.12105,315.29,2.27,1.46,2026-09-09,1817,Aqua,MODIS,71,6.1NRT,295.03,28.99,D
-1.71298,-45.07127,317.03,2.24,1.45,2026-09-09,1817,Aqua,MODIS,73,6.1NRT,294.64,32.17,D
-1.71107,-45.77479,310.61,2.56,1.54,2026-09-09,1817,Aqua,MODIS,54,6.1NRT,293.34,29.06,D
-1.68768,-45.07505,315.28,2.24,1.45,2026-09-09,1817,Aqua,MODIS,63,6.1NRT,293.37,30.17,D
-33.90429,-66.25993,308.26,3.49,1.76,2026-09-09,1945,Aqua,MODIS,54,6.1NRT,293.46,43.43,D
-32.38734,-57.15983,316.69,1.02,1.01,2026-09-09,1947,Aqua,MODIS,77,6.1NRT,289.22,15.62,D
-32.29436,-62.82686,301.4,1.95,1.36,2026-09-09,1947,Aqua,MODIS,18,6.1NRT,289.56,4.12,D
-32.15501,-60.75971,312.3,1.43,1.18,2026-09-09,1947,Aqua,MODIS,68,6.1NRT,290.57,17.89,D
-32.11951,-56.07884,315.82,1.0,1.0,2026-09-09,1947,Aqua,MODIS,76,6.1NRT,288.89,14.78,D
-32.11797,-56.0685,303.01,1.0,1.0,2026-09-09,1947,Aqua,MODIS,54,6.1NRT,288.78,5.79,D
-32.05131,-61.36869,303.43,1.55,1.23,2026-09-09,1947,Aqua,MODIS,54,6.1NRT,290.95,8.64,D
-31.94969,-54.39088,320.23,1.07,1.03,2026-09-09,1947,Aqua,MODIS,71,6.1NRT,285.96,20.38,D
-31.94794,-58.33471,307.85,1.09,1.04,2026-09-09,1947,Aqua,MODIS,66,6.1NRT,290.87,8.46,D
-31.94062,-54.39295,328.68,1.07,1.03,2026-09-09,1947,Aqua,MODIS,81,6.1NRT,287.23,30.72,D
-31.93884,-54.38192,320.75,1.08,1.04,2026-09-09,1947,Aqua,MODIS,80,6.1NRT,285.42,20.92,D
-31.93045,-56.80746,302.62,1.01,1.0,2026-09-09,1947,Aqua,MODIS,53,6.1NRT,290.88,4.53,D
-31.71448,-59.10421,306.07,1.16,1.07,2026-09-09,1947,Aqua,MODIS,63,6.1NRT,292.33,7.57,D
-31.70182,-55.45778,302.43,1.02,1.01,2026-09-09,1947,Aqua,MODIS,52,6.1NRT,290.75,5.04,D
-31.65361,-59.46215,313.21,1.2,1.09,2026-09-09,1947,Aqua,MODIS,73,6.1NRT,291.16,14.68,D
-31.6533,-59.5383,308.12,1.21,1.09,2026-09-09,1947,Aqua,MODIS,67,6.1NRT,291.65,9.69,D
-31.65206,-59.44978,302.15,1.2,1.09,2026-09-09,1947,Aqua,MODIS,51,6.1NRT,290.86,4.97,D
-31.65174,-59.52584,313.85,1.21,1.09,2026-09-09,1947,Aqua,MODIS,74,6.1NRT,291.51,15.39,D
-31.55653,-56.26418,301.96,1.0,1.0,2026-09-09,1947,Aqua,MODIS,50,6.1NRT,290.85,3.97,D
-31.48521,-56.34898,304.22,1.0,1.0,2026-09-09,1947,Aqua,MODIS,58,6.1NRT,292.15,5.07,D
-31.46626,-64.077,317.67,2.31,1.47,2026-09-09,1947,Aqua,MODIS,71,6.1NRT,289.42,49.6,D
-31.46414,-64.05329,330.14,2.3,1.47,2026-09-09,1947,Aqua,MODIS,81,6.1NRT,291.39,92.49,D
-31.35239,-60.84955,302.35,1.41,1.18,2026-09-09,1947,Aqua,MODIS,43,6.1NRT,291.89,6.34,D
-31.18173,-55.86241,305.52,1.01,1.0,2026-09-09,1947,Aqua,MODIS,62,6.1NRT,290.2,6.64,D
-30.968,-60.52499,307.94,1.34,1.15,2026-09-09,1947,Aqua,MODIS,59,6.1NRT,292.26,9.3,D
-30.96792,-60.51775,317.16,1.33,1.14,2026-09-09,1947,Aqua,MODIS,76,6.1NRT,292.13,20.05,D
-30.96643,-60.5113,312.22,1.33,1.14,2026-09-09,1947,Aqua,MODIS,70,6.1NRT,291.73,13.9,D
-30.8568,-60.10194,302.58,1.26,1.12,2026-09-09,1947,Aqua,MODIS,45,6.1NRT,292.36,4.61,D
-30.85524,-60.089,306.91,1.26,1.12,2026-09-09,1947,Aqua,MODIS,62,6.1NRT,292.49,8.25,D
-30.60604,-53.00812,319.18,1.28,1.12,2026-09-09,1947,Aqua,MODIS,79,6.1NRT,290.58,23.62,D
-30.60575,-53.0151,313.02,1.28,1.12,2026-09-09,1947,Aqua,MODIS,73,6.1NRT,290.87,15.81,D
-30.60422,-54.95291,301.66,1.06,1.03,2026-09-09,1947,Aqua,MODIS,48,6.1NRT,290.77,4.88,D
-30.60352,-53.0023,306.42,1.29,1.13,2026-09-09,1947,Aqua,MODIS,47,6.1NRT,289.46,9.33,D
-30.58585,-58.25863,311.68,1.05,1.02,2026-09-09,1947,Aqua,MODIS,44,6.1NRT,289.21,9.3,D
-30.58438,-58.2479,323.92,1.05,1.02,2026-09-09,1947,Aqua,MODIS,63,6.1NRT,288.34,21.18,D
-30.50322,-52.61023,303.12,1.36,1.15,2026-09-09,1947,Aqua,MODIS,55,6.1NRT,286.58,9.94,D
-30.45317,-59.71919,307.72,1.2,1.09,2026-09-09,1947,Aqua,MODIS,40,6.1NRT,292.22,8.08,D
-30.44357,-59.7208,307.94,1.2,1.09,2026-09-09,1947,Aqua,MODIS,40,6.1NRT,292.58,7.98,D
-30.44072,-61.66632,308.53,1.54,1.22,2026-09-09,1947,Aqua,MODIS,64,6.1NRT,294.81,10.76,D
-30.43895,-61.65064,306.94,1.54,1.22,2026-09-09,1947,Aqua,MODIS,60,6.1NRT,295.03,9.2,D
-30.43544,-58.57538,313.48,1.07,1.03,2026-09-09,1947,Aqua,MODIS,65,6.1NRT,288.83,11.23,D
-30.43352,-57.17474,303.21,1.0,1.0,2026-09-09,1947,Aqua,MODIS,55,6.1NRT,285.6,4.36,D
-30.34876,-60.11651,302.61,1.25,1.11,2026-09-09,1947,Aqua,MODIS,45,6.1NRT,291.74,4.93,D
-30.29668,-58.03002,313.5,1.04,1.02,2026-09-09,1947,Aqua,MODIS,74,6.1NRT,292.32,11.81,D
-30.25635,-58.07631,303.02,1.04,1.02,2026-09-09,1947,Aqua,MODIS,54,6.1NRT,291.56,4.49,D
-30.17797,-60.55369,311.33,1.31,1.14,2026-09-09,1947,Aqua,MODIS,69,6.1NRT,292.21,12.73,D
-30.16665,-58.0232,314.54,1.03,1.02,2026-09-09,1947,Aqua,MODIS,75,6.1NRT,291.73,12.67,D
-30.1362,-59.46087,304.73,1.15,1.07,2026-09-09,1947,Aqua,MODIS,57,6.1NRT,292.92,5.38,D
-30.10527,-58.11637,309.0,1.04,1.02,2026-09-09,1947,Aqua,MODIS,68,6.1NRT,291.85,8.03,D
-30.10382,-58.10587,308.07,1.04,1.02,2026-09-09,1947,Aqua,MODIS,66,6.1NRT,292.05,7.39,D
-30.03178,-58.18383,301.39,1.04,1.02,2026-09-09,1947,Aqua,MODIS,40,6.1NRT,289.46,3.21,D
-30.03034,-58.1733,309.36,1.04,1.02,2026-09-09,1947,Aqua,MODIS,68,6.1NRT,289.16,8.37,D
-30.02202,-62.96189,313.91,1.85,1.33,2026-09-09,1947,Aqua,MODIS,70,6.1NRT,294.64,24.26,D
-30.00453,-57.52954,302.44,1.01,1.0,2026-09-09,1947,Aqua,MODIS,52,6.1NRT,292.03,3.95,D
-29.9878,-59.74034,303.78,1.18,1.08,2026-09-09,1947,Aqua,MODIS,50,6.1NRT,292.85,5.0,D
-29.9487,-61.84922,310.0,1.56,1.23,2026-09-09,1947,Aqua,MODIS,65,6.1NRT,296.23,12.02,D
-29.92116,-57.84634,319.98,1.02,1.01,2026-09-09,1947,Aqua,MODIS,80,6.1NRT,291.5,16.93,D
-29.91972,-57.83601,312.73,1.02,1.01,2026-09-09,1947,Aqua,MODIS,73,6.1NRT,290.74,10.39,D
-29.91803,-57.88935,307.31,1.02,1.01,2026-09-09,1947,Aqua,MODIS,50,6.1NRT,289.44,6.66,D
-29.91325,-57.4688,302.08,1.01,1.0,2026-09-09,1947,Aqua,MODIS,51,6.1NRT,292.08,3.66,D
-29.90286,-57.52317,306.06,1.01,1.0,2026-09-09,1947,Aqua,MODIS,63,6.1NRT,291.94,5.92,D
-29.89718,-57.35691,313.37,1.01,1.0,2026-09-09,1947,Aqua,MODIS,36,6.1NRT,292.66,9.53,D
-29.89572,-57.34676,334.8,1.01,1.0,2026-09-09,1947,Aqua,MODIS,67,6.1NRT,292.98,32.76,D
-29.8933,-57.77747,302.83,1.02,1.01,2026-09-09,1947,Aqua,MODIS,44,6.1NRT,287.36,4.19,D
-29.88836,-57.35861,323.81,1.01,1.0,2026-09-09,1947,Aqua,MODIS,83,6.1NRT,291.46,20.21,D
-29.8869,-57.34845,330.14,1.01,1.0,2026-09-09,1947,Aqua,MODIS,75,6.1NRT,291.65,27.42,D
-29.87604,-61.42954,323.11,1.46,1.19,2026-09-09,1947,Aqua,MODIS,81,6.1NRT,298.3,30.95,D
-29.87431,-61.41475,314.46,1.46,1.19,2026-09-09,1947,Aqua,MODIS,72,6.1NRT,296.49,16.78,D
-29.86094,-61.67712,305.53,1.51,1.21,2026-09-09,1947,Aqua,MODIS,54,6.1NRT,294.98,7.78,D
-29.85923,-61.66178,311.67,1.51,1.21,2026-09-09,1947,Aqua,MODIS,68,6.1NRT,295.05,15.37,D
-29.84081,-59.23568,303.32,1.12,1.06,2026-09-09,1947,Aqua,MODIS,52,6.1NRT,286.74,5.14,D
-29.80305,-59.57754,307.78,1.16,1.07,2026-09-09,1947,Aqua,MODIS,48,6.1NRT,293.09,8.07,D
-29.7579,-57.22361,304.07,1.0,1.0,2026-09-09,1947,Aqua,MODIS,44,6.1NRT,292.47,4.87,D
-29.73134,-61.53374,314.97,1.48,1.2,2026-09-09,1947,Aqua,MODIS,73,6.1NRT,291.38,18.61,D
-29.71986,-58.39498,310.38,1.05,1.02,2026-09-09,1947,Aqua,MODIS,70,6.1NRT,293.05,8.96,D
-29.70575,-58.55569,300.98,1.06,1.03,2026-09-09,1947,Aqua,MODIS,37,6.1NRT,290.34,2.98,D
-29.68323,-60.9291,302.58,1.36,1.15,2026-09-09,1947,Aqua,MODIS,28,6.1NRT,292.08,5.34,D
-29.65886,-57.69289,304.39,1.01,1.01,2026-09-09,1947,Aqua,MODIS,58,6.1NRT,292.35,4.91,D
-29.65079,-61.34146,305.75,1.43,1.18,2026-09-09,1947,Aqua,MODIS,55,6.1NRT,294.1,7.74,D
-29.58001,-62.4475,304.95,1.68,1.28,2026-09-09,1947,Aqua,MODIS,47,6.1NRT,294.27,8.23,D
-29.55717,-57.68625,304.54,1.01,1.01,2026-09-09,1947,Aqua,MODIS,58,6.1NRT,292.42,4.8,D
-29.54832,-57.68792,304.03,1.01,1.01,2026-09-09,1947,Aqua,MODIS,40,6.1NRT,292.6,4.2,D
-29.51692,-61.67467,305.48,1.5,1.21,2026-09-09,1947,Aqua,MODIS,44,6.1NRT,295.43,6.61,D
-29.51224,-58.091,326.37,1.03,1.01,2026-09-09,1947,Aqua,MODIS,84,6.1NRT,291.87,23.22,D
-29.49316,-56.86252,302.87,1.0,1.0,2026-09-09,1947,Aqua,MODIS,0,6.1NRT,291.95,4.45,D
-29.48572,-57.06618,303.97,1.0,1.0,2026-09-09,1947,Aqua,MODIS,57,6.1NRT,291.41,4.77,D
-29.47016,-59.14022,306.78,1.1,1.05,2026-09-09,1947,Aqua,MODIS,61,6.1NRT,292.67,6.66,D
-29.46796,-56.94551,309.3,1.0,1.0,2026-09-09,1947,Aqua,MODIS,68,6.1NRT,292.19,8.14,D
-29.46763,-58.09923,303.52,1.03,1.01,2026-09-09,1947,Aqua,MODIS,55,6.1NRT,292.04,4.0,D
-29.44908,-58.84065,307.15,1.08,1.04,2026-09-09,1947,Aqua,MODIS,63,6.1NRT,292.21,6.72,D
-29.44507,-58.74185,321.99,1.07,1.03,2026-09-09,1947,Aqua,MODIS,81,6.1NRT,293.32,19.39,D
-29.44361,-58.73109,331.05,1.07,1.03,2026-09-09,1947,Aqua,MODIS,87,6.1NRT,293.25,30.89,D
-29.43452,-58.7327,307.75,1.07,1.03,2026-09-09,1947,Aqua,MODIS,44,6.1NRT,293.02,6.18,D
-29.42715,-57.36364,307.58,1.0,1.0,2026-09-09,1947,Aqua,MODIS,65,6.1NRT,292.67,6.6,D
-29.41977,-57.11002,305.11,1.0,1.0,2026-09-09,1947,Aqua,MODIS,51,6.1NRT,291.62,5.14,D
-29.39657,-57.85421,301.09,1.02,1.01,2026-09-09,1947,Aqua,MODIS,35,6.1NRT,290.63,2.52,D
-29.39359,-58.49989,304.6,1.05,1.02,2026-09-09,1947,Aqua,MODIS,55,6.1NRT,293.96,4.2,D
-29.3905,-57.11203,340.61,1.0,1.0,2026-09-09,1947,Aqua,MODIS,92,6.1NRT,293.81,42.7,D
-29.38902,-57.10198,324.77,1.0,1.0,2026-09-09,1947,Aqua,MODIS,83,6.1NRT,292.4,20.67,D
-29.3887,-56.89898,304.45,1.0,1.0,2026-09-09,1947,Aqua,MODIS,58,6.1NRT,292.23,5.03,D
-29.38457,-58.50151,305.4,1.05,1.02,2026-09-09,1947,Aqua,MODIS,59,6.1NRT,293.61,4.81,D
-29.38131,-58.54546,305.23,1.05,1.02,2026-09-09,1947,Aqua,MODIS,58,6.1NRT,293.81,4.99,D
-29.37773,-62.36794,313.35,1.65,1.26,2026-09-09,1947,Aqua,MODIS,69,6.1NRT,295.05,17.56,D
-29.37066,-58.93783,306.96,1.08,1.04,2026-09-09,1947,Aqua,MODIS,62,6.1NRT,293.13,6.78,D
-29.35975,-58.38734,305.87,1.04,1.02,2026-09-09,1947,Aqua,MODIS,58,6.1NRT,293.56,4.91,D
-29.3522,-58.39945,311.58,1.04,1.02,2026-09-09,1947,Aqua,MODIS,70,6.1NRT,293.68,9.17,D
-29.34548,-57.68604,304.78,1.01,1.0,2026-09-09,1947,Aqua,MODIS,58,6.1NRT,294.08,4.64,D
-29.3316,-58.05175,306.44,1.02,1.01,2026-09-09,1947,Aqua,MODIS,62,6.1NRT,293.58,5.76,D
-29.29871,-58.2756,307.04,1.03,1.02,2026-09-09,1947,Aqua,MODIS,62,6.1NRT,293.38,6.03,D
-29.28875,-57.41638,306.77,1.0,1.0,2026-09-09,1947,Aqua,MODIS,63,6.1NRT,292.8,5.98,D
-29.28851,-58.07022,316.0,1.02,1.01,2026-09-09,1947,Aqua,MODIS,76,6.1NRT,293.7,13.0,D
-29.2873,-57.4063,317.09,1.0,1.0,2026-09-09,1947,Aqua,MODIS,77,6.1NRT,293.89,13.85,D
-29.27994,-57.41806,338.05,1.0,1.0,2026-09-09,1947,Aqua,MODIS,91,6.1NRT,293.52,38.34,D
-29.27849,-57.40799,350.78,1.0,1.0,2026-09-09,1947,Aqua,MODIS,96,6.1NRT,294.83,62.12,D
-29.27734,-59.07277,309.13,1.09,1.04,2026-09-09,1947,Aqua,MODIS,65,6.1NRT,293.64,8.18,D
-29.274,-57.58131,304.73,1.01,1.0,2026-09-09,1947,Aqua,MODIS,57,6.1NRT,292.9,4.68,D
-29.23563,-65.061,315.62,2.54,1.53,2026-09-09,1947,Aqua,MODIS,71,6.1NRT,300.93,32.6,D
-29.23176,-58.25584,324.21,1.03,1.02,2026-09-09,1947,Aqua,MODIS,82,6.1NRT,294.29,21.09,D
-29.22955,-56.76678,311.53,1.0,1.0,2026-09-09,1947,Aqua,MODIS,36,6.1NRT,292.81,8.15,D
-29.22805,-56.75674,317.44,1.0,1.0,2026-09-09,1947,Aqua,MODIS,54,6.1NRT,292.78,12.65,D
-29.22759,-65.06886,311.18,2.54,1.53,2026-09-09,1947,Aqua,MODIS,65,6.1NRT,300.88,20.41,D
-29.22226,-56.77855,313.64,1.0,1.0,2026-09-09,1947,Aqua,MODIS,44,6.1NRT,291.89,9.59,D
-29.22076,-56.76851,317.83,1.0,1.0,2026-09-09,1947,Aqua,MODIS,63,6.1NRT,292.28,12.95,D
-29.19355,-60.82869,304.88,1.32,1.14,2026-09-09,1947,Aqua,MODIS,43,6.1NRT,291.9,5.65,D
-29.16691,-56.90973,307.67,1.0,1.0,2026-09-09,1947,Aqua,MODIS,64,6.1NRT,293.11,6.15,D
-29.15961,-56.92148,303.59,1.0,1.0,2026-09-09,1947,Aqua,MODIS,39,6.1NRT,293.42,3.62,D
-29.15812,-56.91146,306.86,1.0,1.0,2026-09-09,1947,Aqua,MODIS,63,6.1NRT,292.9,5.6,D
-29.15012,-60.97852,306.25,1.34,1.15,2026-09-09,1947,Aqua,MODIS,54,6.1NRT,293.55,7.79,D
-29.13658,-58.70482,320.78,1.06,1.03,2026-09-09,1947,Aqua,MODIS,79,6.1NRT,293.48,17.64,D
-29.12752,-58.70643,331.7,1.06,1.03,2026-09-09,1947,Aqua,MODIS,87,6.1NRT,292.67,30.25,D
-29.12178,-58.39464,305.5,1.04,1.02,2026-09-09,1947,Aqua,MODIS,57,6.1NRT,294.31,4.76,D
-29.1066,-57.37038,310.49,1.0,1.0,2026-09-09,1947,Aqua,MODIS,69,6.1NRT,293.35,8.76,D
-29.10323,-60.93093,305.84,1.33,1.14,2026-09-09,1947,Aqua,MODIS,48,6.1NRT,293.89,6.78,D
-29.10166,-60.91753,319.14,1.33,1.14,2026-09-09,1947,Aqua,MODIS,77,6.1NRT,293.7,22.89,D
-29.10027,-56.70602,305.14,1.0,1.0,2026-09-09,1947,Aqua,MODIS,59,6.1NRT,292.72,5.19,D
-29.10009,-60.90414,310.48,1.33,1.14,2026-09-09,1947,Aqua,MODIS,65,6.1NRT,293.43,11.53,D
-29.08617,-61.11872,315.0,1.37,1.16,2026-09-09,1947,Aqua,MODIS,72,6.1NRT,294.22,17.18,D
-29.05976,-57.17319,316.46,1.0,1.0,2026-09-09,1947,Aqua,MODIS,76,6.1NRT,292.88,12.91,D
-29.05829,-57.16317,315.99,1.0,1.0,2026-09-09,1947,Aqua,MODIS,75,6.1NRT,293.4,12.74,D
-29.05682,-57.15315,307.22,1.0,1.0,2026-09-09,1947,Aqua,MODIS,55,6.1NRT,293.34,5.51,D
-29.05429,-58.98974,310.22,1.08,1.04,2026-09-09,1947,Aqua,MODIS,58,6.1NRT,294.14,8.27,D
-29.04283,-56.75388,303.62,1.0,1.0,2026-09-09,1947,Aqua,MODIS,53,6.1NRT,292.61,4.32,D
-29.0362,-59.18851,304.94,1.1,1.04,2026-09-09,1947,Aqua,MODIS,0,6.1NRT,294.36,4.47,D
-29.03341,-57.25706,320.73,1.0,1.0,2026-09-09,1947,Aqua,MODIS,80,6.1NRT,293.85,17.02,D
-29.03194,-57.24704,308.03,1.0,1.0,2026-09-09,1947,Aqua,MODIS,64,6.1NRT,293.53,6.67,D
-29.03193,-57.18526,313.98,1.0,1.0,2026-09-09,1947,Aqua,MODIS,73,6.1NRT,293.95,10.61,D
-29.02729,-58.51466,303.76,1.04,1.02,2026-09-09,1947,Aqua,MODIS,48,6.1NRT,292.87,4.29,D
-29.02314,-57.18696,310.79,1.0,1.0,2026-09-09,1947,Aqua,MODIS,69,6.1NRT,293.62,8.02,D
-29.02021,-57.86516,305.4,1.01,1.01,2026-09-09,1947,Aqua,MODIS,57,6.1NRT,294.6,4.28,D
-29.00865,-65.10527,313.66,2.54,1.53,2026-09-09,1947,Aqua,MODIS,70,6.1NRT,301.06,28.19,D
-28.99427,-57.68303,308.21,1.01,1.0,2026-09-09,1947,Aqua,MODIS,64,6.1NRT,293.56,6.6,D
-28.99244,-57.7975,316.73,1.01,1.01,2026-09-09,1947,Aqua,MODIS,76,6.1NRT,294.13,13.38,D
-28.98236,-61.46998,309.14,1.43,1.18,2026-09-09,1947,Aqua,MODIS,62,6.1NRT,297.18,10.23,D
-28.98165,-57.91402,306.28,1.01,1.01,2026-09-09,1947,Aqua,MODIS,60,6.1NRT,294.04,5.18,D
-28.96658,-56.74471,305.68,1.0,1.0,2026-09-09,1947,Aqua,MODIS,51,6.1NRT,293.87,4.47,D
-28.95928,-56.75648,308.47,1.0,1.0,2026-09-09,1947,Aqua,MODIS,65,6.1NRT,293.31,6.59,D
-28.94827,-57.04708,304.19,1.0,1.0,2026-09-09,1947,Aqua,MODIS,54,6.1NRT,292.84,4.08,D
-28.94679,-57.03708,306.27,1.0,1.0,2026-09-09,1947,Aqua,MODIS,61,6.1NRT,293.07,5.36,D
-28.93717,-56.72987,303.45,1.0,1.0,2026-09-09,1947,Aqua,MODIS,52,6.1NRT,292.94,3.7,D
-28.93171,-57.37481,304.66,1.0,1.0,2026-09-09,1947,Aqua,MODIS,55,6.1NRT,293.73,4.35,D
-28.92665,-57.7956,309.12,1.01,1.0,2026-09-09,1947,Aqua,MODIS,49,6.1NRT,294.43,6.72,D
-28.9178,-57.79725,308.21,1.01,1.0,2026-09-09,1947,Aqua,MODIS,43,6.1NRT,294.49,6.0,D
-28.90225,-56.98957,308.13,1.0,1.0,2026-09-09,1947,Aqua,MODIS,64,6.1NRT,293.51,6.76,D
-28.90077,-56.97957,312.58,1.0,1.0,2026-09-09,1947,Aqua,MODIS,71,6.1NRT,293.67,9.96,D
-28.90002,-58.8636,310.82,1.07,1.03,2026-09-09,1947,Aqua,MODIS,58,6.1NRT,294.17,8.45,D
-28.88638,-56.33549,311.06,1.01,1.01,2026-09-09,1947,Aqua,MODIS,43,6.1NRT,293.56,7.3,D
-28.88047,-57.35001,332.47,1.0,1.0,2026-09-09,1947,Aqua,MODIS,87,6.1NRT,294.88,30.12,D
-28.87901,-57.34,333.56,1.0,1.0,2026-09-09,1947,Aqua,MODIS,88,6.1NRT,294.21,31.65,D
-28.87754,-56.33727,311.24,1.01,1.01,2026-09-09,1947,Aqua,MODIS,31,6.1NRT,293.47,7.31,D
-28.87371,-56.73762,309.99,1.0,1.0,2026-09-09,1947,Aqua,MODIS,68,6.1NRT,293.75,8.05,D
-28.86875,-57.33168,304.59,1.0,1.0,2026-09-09,1947,Aqua,MODIS,54,6.1NRT,293.21,4.21,D
-28.86642,-58.68471,314.41,1.05,1.02,2026-09-09,1947,Aqua,MODIS,72,6.1NRT,294.68,11.52,D
-28.85199,-60.61515,306.23,1.27,1.12,2026-09-09,1947,Aqua,MODIS,53,6.1NRT,295.71,6.09,D
-28.84811,-57.43849,313.92,1.0,1.0,2026-09-09,1947,Aqua,MODIS,72,6.1NRT,293.42,9.94,D
-28.84666,-57.42847,314.41,1.0,1.0,2026-09-09,1947,Aqua,MODIS,73,6.1NRT,294.38,10.3,D
-28.83931,-57.44016,318.73,1.0,1.0,2026-09-09,1947,Aqua,MODIS,78,6.1NRT,294.16,13.99,D
-28.82863,-59.44063,305.62,1.12,1.05,2026-09-09,1947,Aqua,MODIS,40,6.1NRT,294.16,5.22,D
-28.81506,-58.77526,309.41,1.06,1.03,2026-09-09,1947,Aqua,MODIS,61,6.1NRT,293.11,7.46,D
-28.81361,-58.76467,308.32,1.06,1.03,2026-09-09,1947,Aqua,MODIS,62,6.1NRT,294.36,6.71,D
-28.804,-58.3644,305.53,1.03,1.02,2026-09-09,1947,Aqua,MODIS,55,6.1NRT,295.04,4.14,D
-28.79878,-58.72399,310.54,1.05,1.03,2026-09-09,1947,Aqua,MODIS,67,6.1NRT,294.34,8.09,D
-28.79733,-58.71344,307.37,1.05,1.03,2026-09-09,1947,Aqua,MODIS,60,6.1NRT,293.86,5.73,D
-28.77341,-60.72544,314.33,1.29,1.13,2026-09-09,1947,Aqua,MODIS,53,6.1NRT,294.08,13.75,D
-28.77273,-57.5511,310.8,1.0,1.0,2026-09-09,1947,Aqua,MODIS,68,6.1NRT,294.7,7.79,D
-28.77182,-60.71257,315.64,1.28,1.12,2026-09-09,1947,Aqua,MODIS,52,6.1NRT,294.31,15.06,D
-28.77128,-57.54107,310.7,1.0,1.0,2026-09-09,1947,Aqua,MODIS,68,6.1NRT,294.54,7.66,D
-28.76347,-60.727,316.04,1.29,1.13,2026-09-09,1947,Aqua,MODIS,70,6.1NRT,293.77,16.05,D
-28.76189,-60.71413,318.03,1.28,1.12,2026-09-09,1947,Aqua,MODIS,75,6.1NRT,294.51,18.49,D
-28.75668,-57.50266,308.99,1.0,1.0,2026-09-09,1947,Aqua,MODIS,65,6.1NRT,294.46,6.64,D
-28.75646,-56.75709,312.14,1.0,1.0,2026-09-09,1947,Aqua,MODIS,70,6.1NRT,293.89,9.2,D
-28.75496,-56.74707,309.15,1.0,1.0,2026-09-09,1947,Aqua,MODIS,66,6.1NRT,293.86,6.97,D
-28.7457,-56.3864,304.28,1.01,1.01,2026-09-09,1947,Aqua,MODIS,55,6.1NRT,293.69,3.93,D
-28.7312,-65.13413,312.46,2.53,1.53,2026-09-09,1947,Aqua,MODIS,50,6.1NRT,295.11,32.9,D
-28.72588,-65.1277,314.16,2.53,1.53,2026-09-09,1947,Aqua,MODIS,72,6.1NRT,294.83,40.07,D
-28.72096,-59.03891,307.32,1.08,1.04,2026-09-09,1947,Aqua,MODIS,26,6.1NRT,294.35,5.92,D
-28.71986,-59.50566,307.85,1.12,1.06,2026-09-09,1947,Aqua,MODIS,60,6.1NRT,295.92,5.6,D
-28.71952,-59.02814,305.22,1.08,1.04,2026-09-09,1947,Aqua,MODIS,38,6.1NRT,292.89,4.52,D
-28.71838,-59.49445,309.29,1.12,1.05,2026-09-09,1947,Aqua,MODIS,63,6.1NRT,295.76,6.82,D
-28.71682,-56.86313,304.53,1.0,1.0,2026-09-09,1947,Aqua,MODIS,54,6.1NRT,293.97,4.11,D
-28.67311,-61.41032,308.31,1.4,1.17,2026-09-09,1947,Aqua,MODIS,59,6.1NRT,296.44,9.1,D
-28.67104,-59.01457,312.63,1.07,1.03,2026-09-09,1947,Aqua,MODIS,70,6.1NRT,295.05,9.5,D
-28.66961,-59.00383,305.78,1.07,1.03,2026-09-09,1947,Aqua,MODIS,54,6.1NRT,294.82,4.37,D
-28.66714,-57.97589,306.99,1.01,1.01,2026-09-09,1947,Aqua,MODIS,60,6.1NRT,293.33,6.1,D
-28.66419,-62.83287,308.04,1.74,1.29,2026-09-09,1947,Aqua,MODIS,57,6.1NRT,297.27,10.19,D
-28.66409,-62.84361,307.94,1.74,1.29,2026-09-09,1947,Aqua,MODIS,57,6.1NRT,297.04,9.45,D
-28.62646,-62.59562,325.06,1.67,1.27,2026-09-09,1947,Aqua,MODIS,82,6.1NRT,298.16,41.48,D
-28.62448,-62.68142,315.56,1.69,1.28,2026-09-09,1947,Aqua,MODIS,72,6.1NRT,298.58,21.86,D
-28.62262,-62.66449,311.65,1.69,1.28,2026-09-09,1947,Aqua,MODIS,66,6.1NRT,298.68,14.7,D
-28.62032,-59.81941,313.5,1.15,1.07,2026-09-09,1947,Aqua,MODIS,70,6.1NRT,293.65,10.78,D
-28.60917,-59.43961,307.73,1.11,1.05,2026-09-09,1947,Aqua,MODIS,59,6.1NRT,294.66,6.62,D
-28.59649,-61.29425,308.87,1.38,1.16,2026-09-09,1947,Aqua,MODIS,23,6.1NRT,297.3,7.65,D
-28.59489,-61.28046,317.95,1.38,1.16,2026-09-09,1947,Aqua,MODIS,75,6.1NRT,297.8,19.29,D
-28.58823,-61.28695,312.81,1.38,1.16,2026-09-09,1947,Aqua,MODIS,54,6.1NRT,296.83,11.91,D
-28.58656,-61.27319,308.99,1.37,1.16,2026-09-09,1947,Aqua,MODIS,11,6.1NRT,296.36,7.41,D
-28.58064,-56.93747,304.72,1.0,1.0,2026-09-09,1947,Aqua,MODIS,55,6.1NRT,293.86,4.18,D
-28.57139,-61.59013,307.56,1.44,1.19,2026-09-09,1947,Aqua,MODIS,55,6.1NRT,296.21,7.11,D
-28.56973,-61.57578,314.3,1.43,1.18,2026-09-09,1947,Aqua,MODIS,70,6.1NRT,296.24,15.81,D
-28.56321,-62.03546,307.89,1.53,1.22,2026-09-09,1947,Aqua,MODIS,50,6.1NRT,297.81,8.61,D
-28.55237,-56.51005,307.93,1.01,1.01,2026-09-09,1947,Aqua,MODIS,50,6.1NRT,293.3,5.79,D
-28.53486,-59.30563,307.79,1.1,1.04,2026-09-09,1947,Aqua,MODIS,56,6.1NRT,295.01,5.91,D
-28.50373,-56.85546,304.72,1.0,1.0,2026-09-09,1947,Aqua,MODIS,33,6.1NRT,292.86,3.45,D
-28.50223,-56.84548,310.97,1.0,1.0,2026-09-09,1947,Aqua,MODIS,69,6.1NRT,293.86,7.72,D
-28.49062,-58.76483,305.63,1.05,1.02,2026-09-09,1947,Aqua,MODIS,21,6.1NRT,294.41,4.19,D
-28.48982,-59.22964,306.16,1.09,1.04,2026-09-09,1947,Aqua,MODIS,51,6.1NRT,293.93,5.25,D
-28.47934,-56.63366,310.05,1.01,1.0,2026-09-09,1947,Aqua,MODIS,67,6.1NRT,293.41,7.49,D
-28.47668,-62.79339,312.98,1.72,1.29,2026-09-09,1947,Aqua,MODIS,68,6.1NRT,297.94,16.15,D
-28.47617,-62.78304,308.81,1.71,1.28,2026-09-09,1947,Aqua,MODIS,59,6.1NRT,298.23,10.28,D
-28.4594,-59.21266,312.84,1.09,1.04,2026-09-09,1947,Aqua,MODIS,60,6.1NRT,295.14,10.2,D
-28.45665,-56.30595,309.19,1.02,1.01,2026-09-09,1947,Aqua,MODIS,67,6.1NRT,293.05,7.46,D
-28.44984,-56.61884,316.83,1.01,1.0,2026-09-09,1947,Aqua,MODIS,76,6.1NRT,293.39,12.6,D
-28.42637,-56.40584,318.54,1.02,1.01,2026-09-09,1947,Aqua,MODIS,78,6.1NRT,292.67,15.21,D
-28.42301,-62.82515,310.18,1.72,1.29,2026-09-09,1947,Aqua,MODIS,63,6.1NRT,295.62,11.81,D
-28.42218,-56.43788,306.7,1.01,1.01,2026-09-09,1947,Aqua,MODIS,46,6.1NRT,292.75,5.66,D
-28.41755,-61.93837,327.46,1.5,1.21,2026-09-09,1947,Aqua,MODIS,83,6.1NRT,297.21,38.49,D
-28.40686,-61.93994,310.06,1.5,1.21,2026-09-09,1947,Aqua,MODIS,62,6.1NRT,296.69,10.01,D
-28.40646,-58.15675,306.07,1.02,1.01,2026-09-09,1947,Aqua,MODIS,53,6.1NRT,294.22,4.33,D
-28.40517,-61.92493,322.7,1.5,1.21,2026-09-09,1947,Aqua,MODIS,79,6.1NRT,296.59,30.12,D
-28.39697,-56.58427,309.6,1.01,1.0,2026-09-09,1947,Aqua,MODIS,67,6.1NRT,292.64,7.29,D
-28.38776,-58.68157,308.89,1.05,1.02,2026-09-09,1947,Aqua,MODIS,63,6.1NRT,295.24,6.83,D
-28.38633,-58.67115,305.68,1.04,1.02,2026-09-09,1947,Aqua,MODIS,53,6.1NRT,294.98,4.65,D
-28.38538,-62.68009,316.99,1.68,1.27,2026-09-09,1947,Aqua,MODIS,73,6.1NRT,295.52,23.28,D
-28.35879,-62.54391,319.92,1.65,1.26,2026-09-09,1947,Aqua,MODIS,77,6.1NRT,297.2,28.29,D
-28.35734,-62.53245,359.21,1.64,1.26,2026-09-09,1947,Aqua,MODIS,99,6.1NRT,300.39,165.75,D
-28.35705,-62.52747,363.88,1.64,1.26,2026-09-09,1947,Aqua,MODIS,100,6.1NRT,300.81,192.36,D
-28.35549,-62.51609,326.62,1.64,1.26,2026-09-09,1947,Aqua,MODIS,83,6.1NRT,296.94,42.02,D
-28.3462,-62.53399,315.64,1.64,1.26,2026-09-09,1947,Aqua,MODIS,72,6.1NRT,297.45,21.31,D
-28.33344,-59.03212,312.13,1.07,1.03,2026-09-09,1947,Aqua,MODIS,68,6.1NRT,294.88,9.67,D
-28.33201,-59.02147,309.79,1.07,1.03,2026-09-09,1947,Aqua,MODIS,64,6.1NRT,294.98,7.74,D
-28.30085,-58.52321,308.84,1.03,1.02,2026-09-09,1947,Aqua,MODIS,62,6.1NRT,294.93,6.41,D
-28.29083,-58.45128,306.77,1.03,1.01,2026-09-09,1947,Aqua,MODIS,57,6.1NRT,295.05,5.13,D
-28.2743,-62.09444,308.1,1.53,1.22,2026-09-09,1947,Aqua,MODIS,55,6.1NRT,297.9,8.03,D
-28.25835,-58.41512,305.37,1.03,1.01,2026-09-09,1947,Aqua,MODIS,39,6.1NRT,294.97,3.76,D
-28.25084,-58.42696,308.21,1.03,1.01,2026-09-09,1947,Aqua,MODIS,61,6.1NRT,294.6,5.77,D
-28.23634,-56.37289,305.53,1.02,1.01,2026-09-09,1947,Aqua,MODIS,43,6.1NRT,294.15,4.55,D
-28.23217,-62.64054,320.19,1.66,1.27,2026-09-09,1947,Aqua,MODIS,77,6.1NRT,297.45,27.1,D
-28.23036,-62.62398,333.79,1.66,1.27,2026-09-09,1947,Aqua,MODIS,87,6.1NRT,297.89,60.93,D
-28.22277,-60.64178,306.52,1.25,1.11,2026-09-09,1947,Aqua,MODIS,51,6.1NRT,295.8,6.24,D
-28.21625,-58.84174,309.67,1.05,1.02,2026-09-09,1947,Aqua,MODIS,64,6.1NRT,294.89,7.03,D
-28.21265,-59.50857,315.89,1.11,1.05,2026-09-09,1947,Aqua,MODIS,73,6.1NRT,295.64,13.13,D
-28.2112,-59.49753,308.57,1.11,1.05,2026-09-09,1947,Aqua,MODIS,61,6.1NRT,295.57,6.57,D
-28.20509,-62.90698,320.95,1.73,1.29,2026-09-09,1947,Aqua,MODIS,78,6.1NRT,297.27,30.82,D
-28.20319,-62.88974,320.33,1.73,1.29,2026-09-09,1947,Aqua,MODIS,77,6.1NRT,295.1,29.08,D
-28.19058,-58.85698,309.0,1.05,1.03,2026-09-09,1947,Aqua,MODIS,61,6.1NRT,290.26,6.63,D
-28.17787,-60.28785,318.37,1.2,1.09,2026-09-09,1947,Aqua,MODIS,75,6.1NRT,296.13,16.29,D
-28.15672,-61.50988,313.09,1.4,1.17,2026-09-09,1947,Aqua,MODIS,67,6.1NRT,297.16,13.3,D
-28.15507,-58.13752,311.02,1.02,1.01,2026-09-09,1947,Aqua,MODIS,67,6.1NRT,295.35,7.92,D
-28.15481,-61.51763,308.24,1.4,1.17,2026-09-09,1947,Aqua,MODIS,20,6.1NRT,296.48,6.62,D
-28.12764,-59.63033,309.29,1.12,1.05,2026-09-09,1947,Aqua,MODIS,62,6.1NRT,293.39,6.37,D
-28.11914,-62.64455,316.59,1.66,1.27,2026-09-09,1947,Aqua,MODIS,72,6.1NRT,297.45,21.81,D
-28.10146,-62.48142,312.11,1.62,1.25,2026-09-09,1947,Aqua,MODIS,48,6.1NRT,299.41,12.34,D
-28.09214,-62.49909,309.18,1.62,1.25,2026-09-09,1947,Aqua,MODIS,42,6.1NRT,298.68,8.62,D
-28.0904,-62.483,313.97,1.62,1.25,2026-09-09,1947,Aqua,MODIS,69,6.1NRT,299.89,15.59,D
-28.07137,-61.40995,308.31,1.38,1.16,2026-09-09,1947,Aqua,MODIS,56,6.1NRT,295.99,7.91,D
-28.06669,-62.69227,312.61,1.67,1.27,2026-09-09,1947,Aqua,MODIS,65,6.1NRT,299.04,13.92,D
-28.0595,-61.39778,308.31,1.38,1.16,2026-09-09,1947,Aqua,MODIS,55,6.1NRT,295.4,7.77,D
-28.04388,-61.50392,311.58,1.4,1.17,2026-09-09,1947,Aqua,MODIS,64,6.1NRT,296.83,11.53,D
-28.04222,-61.49005,307.96,1.39,1.17,2026-09-09,1947,Aqua,MODIS,53,6.1NRT,296.48,7.43,D
-28.03979,-59.03555,305.85,1.06,1.03,2026-09-09,1947,Aqua,MODIS,52,6.1NRT,294.88,4.64,D
-27.98835,-58.52327,311.16,1.03,1.01,2026-09-09,1947,Aqua,MODIS,67,6.1NRT,296.04,7.93,D
-27.98693,-58.51305,312.67,1.03,1.01,2026-09-09,1947,Aqua,MODIS,69,6.1NRT,295.66,9.16,D
-27.98402,-62.24857,309.31,1.55,1.23,2026-09-09,1947,Aqua,MODIS,48,6.1NRT,297.51,8.31,D
-27.9085,-58.01972,307.98,1.01,1.0,2026-09-09,1947,Aqua,MODIS,46,6.1NRT,295.43,5.61,D
-27.90271,-63.83154,309.19,1.99,1.38,2026-09-09,1947,Aqua,MODIS,54,6.1NRT,295.07,14.97,D
-27.9007,-63.81179,309.28,1.98,1.37,2026-09-09,1947,Aqua,MODIS,54,6.1NRT,296.62,14.17,D
-27.88976,-62.84763,357.46,1.7,1.28,2026-09-09,1947,Aqua,MODIS,99,6.1NRT,301.55,159.99,D
-27.88792,-62.83077,321.22,1.69,1.28,2026-09-09,1947,Aqua,MODIS,76,6.1NRT,299.62,27.95,D
-27.86317,-58.03456,324.81,1.01,1.0,2026-09-09,1947,Aqua,MODIS,82,6.1NRT,295.59,20.34,D
-27.84228,-58.86755,309.98,1.05,1.02,2026-09-09,1947,Aqua,MODIS,60,6.1NRT,295.44,7.45,D
-27.80303,-62.77958,314.85,1.68,1.27,2026-09-09,1947,Aqua,MODIS,67,6.1NRT,299.87,16.32,D
-27.79415,-60.70827,353.45,1.25,1.11,2026-09-09,1947,Aqua,MODIS,97,6.1NRT,300.34,90.81,D
-27.79264,-60.69589,310.19,1.25,1.11,2026-09-09,1947,Aqua,MODIS,60,6.1NRT,297.13,7.03,D
-27.78822,-60.26624,306.18,1.19,1.08,2026-09-09,1947,Aqua,MODIS,43,6.1NRT,296.01,4.36,D
-27.78671,-60.2545,307.01,1.18,1.08,2026-09-09,1947,Aqua,MODIS,49,6.1NRT,296.55,5.18,D
-27.75823,-55.86079,305.83,1.05,1.03,2026-09-09,1947,Aqua,MODIS,46,6.1NRT,290.4,5.76,D
-27.75736,-59.1198,310.73,1.07,1.03,2026-09-09,1947,Aqua,MODIS,65,6.1NRT,296.13,7.92,D
-27.75592,-59.10925,315.63,1.06,1.03,2026-09-09,1947,Aqua,MODIS,73,6.1NRT,296.07,12.13,D
-27.74452,-60.48508,308.27,1.21,1.1,2026-09-09,1947,Aqua,MODIS,52,6.1NRT,297.79,5.85,D
-27.74039,-58.13448,307.23,1.01,1.01,2026-09-09,1947,Aqua,MODIS,58,6.1NRT,296.6,4.25,D
-27.73283,-59.35268,306.13,1.08,1.04,2026-09-09,1947,Aqua,MODIS,51,6.1NRT,295.72,4.41,D
-27.69897,-64.39756,325.23,2.17,1.43,2026-09-09,1947,Aqua,MODIS,81,6.1NRT,291.77,63.05,D
-27.69683,-64.37613,311.93,2.16,1.43,2026-09-09,1947,Aqua,MODIS,66,6.1NRT,292.56,23.34,D
-27.65086,-56.41185,302.13,1.02,1.01,2026-09-09,1947,Aqua,MODIS,21,6.1NRT,287.74,3.39,D
-27.64929,-56.40176,326.91,1.02,1.01,2026-09-09,1947,Aqua,MODIS,79,6.1NRT,289.31,24.95,D
-27.64213,-60.48356,314.02,1.21,1.09,2026-09-09,1947,Aqua,MODIS,67,6.1NRT,295.79,11.95,D
-27.62509,-58.3014,305.41,1.02,1.01,2026-09-09,1947,Aqua,MODIS,51,6.1NRT,295.21,3.87,D
-27.61527,-60.42694,312.25,1.2,1.09,2026-09-09,1947,Aqua,MODIS,64,6.1NRT,296.45,9.95,D
-27.5917,-59.19814,307.41,1.07,1.03,2026-09-09,1947,Aqua,MODIS,32,6.1NRT,295.85,4.39,D
-27.57672,-59.28221,320.31,1.07,1.03,2026-09-09,1947,Aqua,MODIS,77,6.1NRT,296.08,16.65,D
-27.57575,-59.20647,308.07,1.07,1.03,2026-09-09,1947,Aqua,MODIS,58,6.1NRT,296.08,5.49,D
-27.57431,-59.1959,311.68,1.07,1.03,2026-09-09,1947,Aqua,MODIS,66,6.1NRT,296.31,8.24,D
-27.54886,-57.57526,319.56,1.0,1.0,2026-09-09,1947,Aqua,MODIS,78,6.1NRT,294.46,14.92,D
-27.54741,-57.56539,309.48,1.0,1.0,2026-09-09,1947,Aqua,MODIS,64,6.1NRT,293.78,6.58,D
-27.54248,-58.63361,308.56,1.03,1.01,2026-09-09,1947,Aqua,MODIS,61,6.1NRT,294.69,5.69,D
-27.53524,-62.516,312.77,1.6,1.24,2026-09-09,1947,Aqua,MODIS,57,6.1NRT,298.62,11.63,D
-27.53352,-62.5231,309.77,1.6,1.24,2026-09-09,1947,Aqua,MODIS,46,6.1NRT,298.24,7.86,D
-27.5317,-62.5073,310.59,1.59,1.24,2026-09-09,1947,Aqua,MODIS,57,6.1NRT,298.86,8.28,D
-27.4542,-62.61505,317.39,1.62,1.25,2026-09-09,1947,Aqua,MODIS,60,6.1NRT,297.94,18.91,D
-27.44995,-62.78534,353.25,1.66,1.27,2026-09-09,1947,Aqua,MODIS,97,6.1NRT,302.19,132.91,D
-27.44811,-62.76896,380.03,1.65,1.26,2026-09-09,1947,Aqua,MODIS,100,6.1NRT,298.71,306.38,D
-27.43876,-62.78688,346.95,1.66,1.27,2026-09-09,1947,Aqua,MODIS,82,6.1NRT,298.4,104.74,D
-27.43693,-62.7705,341.72,1.65,1.26,2026-09-09,1947,Aqua,MODIS,86,6.1NRT,296.7,82.72,D
-27.40608,-59.31264,307.87,1.07,1.03,2026-09-09,1947,Aqua,MODIS,56,6.1NRT,296.66,5.33,D
-27.39785,-62.32674,348.36,1.54,1.22,2026-09-09,1947,Aqua,MODIS,95,6.1NRT,301.06,101.53,D
-27.38017,-59.32792,307.18,1.07,1.03,2026-09-09,1947,Aqua,MODIS,54,6.1NRT,296.94,4.86,D
-27.37963,-58.25522,312.77,1.01,1.01,2026-09-09,1947,Aqua,MODIS,0,6.1NRT,294.75,9.11,D
-27.37821,-58.24524,308.12,1.01,1.01,2026-09-09,1947,Aqua,MODIS,0,6.1NRT,293.96,5.67,D
-27.35919,-58.90393,327.38,1.04,1.02,2026-09-09,1947,Aqua,MODIS,84,6.1NRT,292.58,24.22,D
-27.18416,-60.72132,319.95,1.23,1.1,2026-09-09,1947,Aqua,MODIS,75,6.1NRT,300.38,17.55,D
-27.16776,-60.91156,310.04,1.26,1.11,2026-09-09,1947,Aqua,MODIS,34,6.1NRT,298.77,5.6,D
-27.16625,-60.89915,316.29,1.26,1.11,2026-09-09,1947,Aqua,MODIS,70,6.1NRT,299.11,12.63,D
-27.16497,-60.90584,318.01,1.26,1.11,2026-09-09,1947,Aqua,MODIS,72,6.1NRT,299.0,14.57,D
-27.15939,-62.84425,316.57,1.66,1.27,2026-09-09,1947,Aqua,MODIS,70,6.1NRT,298.2,21.01,D
-27.15758,-62.82791,311.99,1.65,1.26,2026-09-09,1947,Aqua,MODIS,61,6.1NRT,296.62,13.11,D
-27.15404,-58.95196,312.48,1.04,1.02,2026-09-09,1947,Aqua,MODIS,69,6.1NRT,296.18,8.71,D
-27.13231,-63.10735,336.91,1.73,1.29,2026-09-09,1947,Aqua,MODIS,89,6.1NRT,299.47,74.62,D
-27.13041,-63.09034,340.69,1.72,1.29,2026-09-09,1947,Aqua,MODIS,91,6.1NRT,299.13,87.89,D
-27.12682,-62.65239,314.43,1.61,1.25,2026-09-09,1947,Aqua,MODIS,52,6.1NRT,296.59,15.33,D
-27.12663,-61.0007,318.47,1.27,1.12,2026-09-09,1947,Aqua,MODIS,73,6.1NRT,299.18,15.76,D
-27.11902,-63.09188,328.45,1.72,1.29,2026-09-09,1947,Aqua,MODIS,83,6.1NRT,298.46,48.29,D
-27.11675,-61.00224,355.01,1.27,1.12,2026-09-09,1947,Aqua,MODIS,98,6.1NRT,299.74,97.15,D
-27.08257,-60.41651,319.81,1.18,1.08,2026-09-09,1947,Aqua,MODIS,75,6.1NRT,298.47,15.69,D
-27.07451,-60.42969,311.03,1.19,1.08,2026-09-09,1947,Aqua,MODIS,25,6.1NRT,299.78,6.41,D
-27.07302,-60.41803,318.7,1.18,1.08,2026-09-09,1947,Aqua,MODIS,74,6.1NRT,298.59,14.47,D
-27.06664,-59.7348,307.73,1.1,1.05,2026-09-09,1947,Aqua,MODIS,52,6.1NRT,296.89,5.14,D
-27.05141,-61.38377,348.64,1.33,1.14,2026-09-09,1947,Aqua,MODIS,95,6.1NRT,301.17,81.66,D
-27.04985,-61.37064,323.12,1.33,1.14,2026-09-09,1947,Aqua,MODIS,78,6.1NRT,300.03,22.49,D
-27.02191,-62.74379,310.94,1.62,1.25,2026-09-09,1947,Aqua,MODIS,55,6.1NRT,299.18,8.6,D
-27.00854,-61.45055,325.14,1.34,1.15,2026-09-09,1947,Aqua,MODIS,80,6.1NRT,299.26,27.47,D
-27.00694,-61.43735,324.15,1.34,1.15,2026-09-09,1947,Aqua,MODIS,79,6.1NRT,300.5,25.36,D
-26.87664,-62.46774,323.65,1.55,1.23,2026-09-09,1947,Aqua,MODIS,78,6.1NRT,303.17,28.15,D
-26.79225,-63.12583,312.64,1.71,1.28,2026-09-09,1947,Aqua,MODIS,58,6.1NRT,298.62,11.71,D
-26.72844,-61.4035,325.72,1.32,1.14,2026-09-09,1947,Aqua,MODIS,80,6.1NRT,301.09,27.62,D
-26.72811,-60.0281,309.77,1.13,1.06,2026-09-09,1947,Aqua,MODIS,57,6.1NRT,297.31,6.42,D
-26.72685,-61.39051,314.74,1.32,1.14,2026-09-09,1947,Aqua,MODIS,65,6.1NRT,299.42,11.75,D
-26.70861,-62.69203,319.21,1.6,1.24,2026-09-09,1947,Aqua,MODIS,68,6.1NRT,300.98,22.13,D
-26.70682,-62.67636,315.78,1.59,1.24,2026-09-09,1947,Aqua,MODIS,64,6.1NRT,300.8,16.04,D
-26.69224,-59.89923,309.26,1.11,1.05,2026-09-09,1947,Aqua,MODIS,57,6.1NRT,297.59,5.54,D
-26.68434,-62.20466,317.55,1.48,1.2,2026-09-09,1947,Aqua,MODIS,70,6.1NRT,302.33,15.64,D
-26.67934,-62.2149,313.75,1.48,1.2,2026-09-09,1947,Aqua,MODIS,63,6.1NRT,301.73,9.65,D
-26.6777,-62.20033,316.4,1.48,1.2,2026-09-09,1947,Aqua,MODIS,68,6.1NRT,301.82,13.92,D
-26.66022,-59.72742,311.82,1.1,1.04,2026-09-09,1947,Aqua,MODIS,64,6.1NRT,296.33,7.88,D
-26.63583,-61.97919,325.57,1.43,1.18,2026-09-09,1947,Aqua,MODIS,80,6.1NRT,302.4,28.59,D
-26.63415,-61.96517,336.99,1.43,1.18,2026-09-09,1947,Aqua,MODIS,88,6.1NRT,302.77,54.5,D
-26.52168,-60.8806,313.18,1.23,1.1,2026-09-09,1947,Aqua,MODIS,60,6.1NRT,300.45,8.0,D
-26.51618,-63.00703,393.63,1.67,1.27,2026-09-09,1947,Aqua,MODIS,100,6.1NRT,310.82,443.33,D
-26.50675,-63.02495,365.94,1.67,1.27,2026-09-09,1947,Aqua,MODIS,94,6.1NRT,301.64,198.29,D
-26.50498,-63.01542,430.32,1.67,1.27,2026-09-09,1947,Aqua,MODIS,94,6.1NRT,324.22,1014.63,D
-26.50497,-63.00858,482.13,1.67,1.27,2026-09-09,1947,Aqua,MODIS,100,6.1NRT,334.08,2571.32,D
-26.50319,-62.99225,414.46,1.66,1.27,2026-09-09,1947,Aqua,MODIS,100,6.1NRT,307.98,722.21,D
-26.50309,-62.99911,446.04,1.66,1.27,2026-09-09,1947,Aqua,MODIS,100,6.1NRT,322.13,1376.11,D
-26.43631,-59.98249,309.46,1.12,1.05,2026-09-09,1947,Aqua,MODIS,47,6.1NRT,295.26,6.6,D
-26.37677,-60.56612,311.26,1.18,1.08,2026-09-09,1947,Aqua,MODIS,29,6.1NRT,297.48,6.4,D
-26.3616,-59.35472,312.54,1.06,1.03,2026-09-09,1947,Aqua,MODIS,66,6.1NRT,295.45,8.95,D
-26.28399,-59.12177,322.37,1.04,1.02,2026-09-09,1947,Aqua,MODIS,79,6.1NRT,294.96,18.04,D
-26.28209,-61.67532,316.18,1.36,1.15,2026-09-09,1947,Aqua,MODIS,59,6.1NRT,301.12,11.46,D
-26.2719,-61.67684,319.45,1.36,1.15,2026-09-09,1947,Aqua,MODIS,73,6.1NRT,301.03,16.26,D
-26.25311,-60.3929,312.19,1.16,1.07,2026-09-09,1947,Aqua,MODIS,62,6.1NRT,297.97,7.89,D
-26.2083,-58.71305,333.93,1.02,1.01,2026-09-09,1947,Aqua,MODIS,88,6.1NRT,295.22,32.43,D
-26.20724,-59.57403,305.34,1.07,1.03,2026-09-09,1947,Aqua,MODIS,26,6.1NRT,293.31,3.3,D
-26.15925,-61.33076,328.61,1.29,1.13,2026-09-09,1947,Aqua,MODIS,82,6.1NRT,300.64,30.5,D
-26.15769,-61.31816,311.72,1.29,1.13,2026-09-09,1947,Aqua,MODIS,54,6.1NRT,298.52,6.78,D
-26.05012,-60.88086,325.35,1.22,1.1,2026-09-09,1947,Aqua,MODIS,79,6.1NRT,298.12,25.26,D
-26.04046,-60.88237,342.99,1.22,1.1,2026-09-09,1947,Aqua,MODIS,92,6.1NRT,295.28,58.91,D
-25.94565,-64.03733,333.14,1.93,1.36,2026-09-09,1947,Aqua,MODIS,87,6.1NRT,300.96,69.88,D
-25.9305,-59.90376,311.07,1.1,1.04,2026-09-09,1947,Aqua,MODIS,63,6.1NRT,296.55,7.42,D
-25.9193,-62.8887,323.87,1.6,1.25,2026-09-09,1947,Aqua,MODIS,79,6.1NRT,301.5,31.3,D
-25.84599,-64.07613,338.54,1.94,1.36,2026-09-09,1947,Aqua,MODIS,90,6.1NRT,304.93,88.0,D
-25.84398,-64.05734,362.1,1.93,1.36,2026-09-09,1947,Aqua,MODIS,100,6.1NRT,306.6,222.58,D
-25.61325,-60.42442,310.27,1.14,1.07,2026-09-09,1947,Aqua,MODIS,58,6.1NRT,299.47,6.35,D
-25.5369,-63.34083,318.5,1.7,1.28,2026-09-09,1947,Aqua,MODIS,72,6.1NRT,303.7,20.21,D
-25.53665,-63.3292,319.23,1.7,1.28,2026-09-09,1947,Aqua,MODIS,73,6.1NRT,303.23,19.99,D
-25.5351,-63.32431,314.36,1.7,1.28,2026-09-09,1947,Aqua,MODIS,65,6.1NRT,302.68,12.24,D
-25.32801,-60.01774,311.57,1.09,1.04,2026-09-09,1947,Aqua,MODIS,63,6.1NRT,299.28,7.1,D
-25.22857,-60.29787,307.84,1.12,1.05,2026-09-09,1947,Aqua,MODIS,40,6.1NRT,293.25,3.98,D
-25.10366,-56.57295,305.56,1.05,1.03,2026-09-09,1947,Aqua,MODIS,43,6.1NRT,288.73,4.08,D
-24.8163,-56.10429,314.47,1.1,1.05,2026-09-09,1947,Aqua,MODIS,71,6.1NRT,294.36,10.14,D
-25.20757,-64.06704,320.19,1.9,1.35,2026-09-09,1949,Aqua,MODIS,75,6.1NRT,299.42,32.49,D
-24.90966,-63.64317,318.14,1.75,1.3,2026-09-09,1949,Aqua,MODIS,71,6.1NRT,303.16,20.24,D
-24.81298,-59.946,313.62,1.08,1.04,2026-09-09,1949,Aqua,MODIS,65,6.1NRT,295.83,7.91,D
-24.76648,-59.60807,335.56,1.05,1.02,2026-09-09,1949,Aqua,MODIS,88,6.1NRT,296.22,34.91,D
-24.76416,-60.69322,319.04,1.15,1.07,2026-09-09,1949,Aqua,MODIS,73,6.1NRT,302.4,13.24,D
-24.66382,-61.11515,312.31,1.21,1.09,2026-09-09,1949,Aqua,MODIS,57,6.1NRT,301.44,5.95,D
-24.66233,-61.10355,324.12,1.2,1.09,2026-09-09,1949,Aqua,MODIS,78,6.1NRT,301.56,20.45,D
-24.57564,-60.36812,316.42,1.11,1.05,2026-09-09,1949,Aqua,MODIS,69,6.1NRT,298.78,10.43,D
-24.5493,-60.38329,320.79,1.11,1.05,2026-09-09,1949,Aqua,MODIS,75,6.1NRT,298.08,15.03,D
-24.46983,-62.78371,327.77,1.51,1.21,2026-09-09,1949,Aqua,MODIS,81,6.1NRT,303.37,31.87,D
-24.46815,-62.76921,341.57,1.5,1.21,2026-09-09,1949,Aqua,MODIS,91,6.1NRT,304.69,68.46,D
-24.46382,-62.77653,337.88,1.5,1.21,2026-09-09,1949,Aqua,MODIS,89,6.1NRT,306.2,57.58,D
-24.46205,-62.76207,319.29,1.5,1.21,2026-09-09,1949,Aqua,MODIS,68,6.1NRT,303.25,15.93,D
-24.45914,-62.78523,318.06,1.51,1.21,2026-09-09,1949,Aqua,MODIS,61,6.1NRT,303.61,13.35,D
-24.45748,-62.77073,338.0,1.5,1.21,2026-09-09,1949,Aqua,MODIS,89,6.1NRT,305.99,57.93,D
-24.45314,-62.77803,331.79,1.5,1.21,2026-09-09,1949,Aqua,MODIS,85,6.1NRT,305.09,41.65,D
-24.45138,-62.76358,321.86,1.5,1.21,2026-09-09,1949,Aqua,MODIS,75,6.1NRT,303.16,20.86,D
-24.36388,-59.7617,347.28,1.05,1.02,2026-09-09,1949,Aqua,MODIS,94,6.1NRT,295.74,55.37,D
-24.3625,-59.75158,317.53,1.05,1.02,2026-09-09,1949,Aqua,MODIS,50,6.1NRT,290.3,10.2,D
-24.35486,-59.7632,325.42,1.05,1.02,2026-09-09,1949,Aqua,MODIS,76,6.1NRT,289.82,18.83,D
-24.24463,-63.9287,343.39,1.8,1.31,2026-09-09,1949,Aqua,MODIS,92,6.1NRT,307.72,94.93,D
-24.24274,-63.91154,320.81,1.79,1.31,2026-09-09,1949,Aqua,MODIS,70,6.1NRT,305.66,22.82,D
-24.23601,-63.93644,327.71,1.8,1.31,2026-09-09,1949,Aqua,MODIS,83,6.1NRT,306.64,38.61,D
-24.23402,-63.91929,336.65,1.79,1.31,2026-09-09,1949,Aqua,MODIS,89,6.1NRT,306.11,67.92,D
-24.23304,-63.93021,331.7,1.8,1.31,2026-09-09,1949,Aqua,MODIS,86,6.1NRT,306.04,50.36,D
-24.22864,-61.15453,326.41,1.2,1.09,2026-09-09,1949,Aqua,MODIS,80,6.1NRT,301.69,23.01,D
-24.22714,-61.14304,324.93,1.2,1.09,2026-09-09,1949,Aqua,MODIS,78,6.1NRT,301.73,20.43,D
-24.21905,-61.15602,350.36,1.2,1.09,2026-09-09,1949,Aqua,MODIS,95,6.1NRT,304.0,71.77,D
-24.21756,-61.14453,348.9,1.2,1.09,2026-09-09,1949,Aqua,MODIS,95,6.1NRT,303.25,67.35,D
-24.19176,-61.17196,335.56,1.2,1.09,2026-09-09,1949,Aqua,MODIS,87,6.1NRT,304.35,37.78,D
-24.19029,-61.16046,322.67,1.2,1.09,2026-09-09,1949,Aqua,MODIS,76,6.1NRT,303.7,16.65,D
-24.00203,-60.75668,315.86,1.14,1.06,2026-09-09,1949,Aqua,MODIS,61,6.1NRT,302.55,8.13,D
-23.82039,-60.09099,332.09,1.07,1.03,2026-09-09,1949,Aqua,MODIS,85,6.1NRT,303.6,26.28,D
-23.81271,-60.10271,326.24,1.07,1.03,2026-09-09,1949,Aqua,MODIS,80,6.1NRT,302.94,18.87,D
-23.81131,-60.09248,354.73,1.07,1.03,2026-09-09,1949,Aqua,MODIS,97,6.1NRT,305.28,72.32,D
-23.79829,-58.0127,319.11,1.0,1.0,2026-09-09,1949,Aqua,MODIS,64,6.1NRT,286.41,14.69,D
-23.73454,-56.69815,314.83,1.07,1.03,2026-09-09,1949,Aqua,MODIS,65,6.1NRT,296.48,8.13,D
-23.68205,-57.00511,315.16,1.05,1.02,2026-09-09,1949,Aqua,MODIS,69,6.1NRT,300.63,7.25,D
-23.67875,-61.24082,313.36,1.19,1.09,2026-09-09,1949,Aqua,MODIS,55,6.1NRT,299.82,8.57,D
-23.63701,-60.30114,317.39,1.08,1.04,2026-09-09,1949,Aqua,MODIS,59,6.1NRT,303.55,8.63,D
-23.60706,-61.46914,318.29,1.22,1.1,2026-09-09,1949,Aqua,MODIS,64,6.1NRT,303.65,11.34,D
-23.59887,-61.48231,315.43,1.22,1.1,2026-09-09,1949,Aqua,MODIS,60,6.1NRT,303.76,7.72,D
-23.59738,-61.47062,319.98,1.22,1.1,2026-09-09,1949,Aqua,MODIS,71,6.1NRT,303.07,13.59,D
-23.56334,-59.17787,334.71,1.01,1.01,2026-09-09,1949,Aqua,MODIS,87,6.1NRT,297.66,28.59,D
-23.5545,-59.17937,368.48,1.01,1.01,2026-09-09,1949,Aqua,MODIS,100,6.1NRT,300.78,106.78,D
-23.54746,-57.03248,313.38,1.05,1.02,2026-09-09,1949,Aqua,MODIS,65,6.1NRT,296.09,6.8,D
-23.54566,-59.18088,352.56,1.01,1.01,2026-09-09,1949,Aqua,MODIS,97,6.1NRT,295.8,63.09,D
-23.54272,-61.53331,332.71,1.23,1.1,2026-09-09,1949,Aqua,MODIS,82,6.1NRT,306.23,30.82,D
-23.53301,-61.53478,334.16,1.23,1.1,2026-09-09,1949,Aqua,MODIS,84,6.1NRT,306.66,33.65,D
-23.48759,-61.5831,316.87,1.24,1.1,2026-09-09,1949,Aqua,MODIS,48,6.1NRT,303.57,8.14,D
-23.47786,-61.58457,318.59,1.24,1.1,2026-09-09,1949,Aqua,MODIS,67,6.1NRT,304.43,10.41,D
-23.4604,-56.59925,313.77,1.09,1.04,2026-09-09,1949,Aqua,MODIS,59,6.1NRT,297.47,6.17,D
-23.45986,-57.12711,331.89,1.05,1.02,2026-09-09,1949,Aqua,MODIS,85,6.1NRT,298.3,27.32,D
-23.43382,-57.79065,316.92,1.01,1.01,2026-09-09,1949,Aqua,MODIS,68,6.1NRT,298.58,9.41,D
-23.43235,-57.78101,319.25,1.01,1.01,2026-09-09,1949,Aqua,MODIS,75,6.1NRT,298.91,11.51,D
-23.40595,-61.64367,328.28,1.24,1.11,2026-09-09,1949,Aqua,MODIS,81,6.1NRT,303.04,27.11,D
-23.40401,-61.65059,327.86,1.24,1.11,2026-09-09,1949,Aqua,MODIS,80,6.1NRT,302.72,25.47,D
-23.40246,-61.63876,328.18,1.24,1.11,2026-09-09,1949,Aqua,MODIS,81,6.1NRT,305.49,26.07,D
-23.39271,-61.64022,325.82,1.24,1.11,2026-09-09,1949,Aqua,MODIS,78,6.1NRT,304.84,22.19,D
-23.34901,-59.81203,316.58,1.04,1.02,2026-09-09,1949,Aqua,MODIS,66,6.1NRT,302.15,7.47,D
-23.34764,-59.80212,315.72,1.04,1.02,2026-09-09,1949,Aqua,MODIS,64,6.1NRT,301.7,6.48,D
-23.32138,-59.22717,343.39,1.01,1.01,2026-09-09,1949,Aqua,MODIS,80,6.1NRT,295.61,43.8,D
-23.24386,-57.57909,316.36,1.02,1.01,2026-09-09,1949,Aqua,MODIS,72,6.1NRT,297.31,9.11,D
-23.23661,-57.70989,318.28,1.02,1.01,2026-09-09,1949,Aqua,MODIS,71,6.1NRT,298.07,10.29,D
-23.23387,-57.82597,311.46,1.01,1.01,2026-09-09,1949,Aqua,MODIS,46,6.1NRT,292.55,6.44,D
-23.23367,-60.31693,335.03,1.08,1.04,2026-09-09,1949,Aqua,MODIS,87,6.1NRT,304.44,29.74,D
-23.23229,-60.30667,413.51,1.08,1.04,2026-09-09,1949,Aqua,MODIS,100,6.1NRT,312.81,372.62,D
-23.23091,-60.29642,363.77,1.07,1.03,2026-09-09,1949,Aqua,MODIS,100,6.1NRT,305.97,97.32,D
-23.22776,-57.71149,314.66,1.02,1.01,2026-09-09,1949,Aqua,MODIS,47,6.1NRT,296.71,7.04,D
-23.22504,-57.82756,310.96,1.01,1.01,2026-09-09,1949,Aqua,MODIS,48,6.1NRT,290.93,6.27,D
-23.21568,-58.74537,321.66,1.0,1.0,2026-09-09,1949,Aqua,MODIS,71,6.1NRT,299.06,12.44,D
-23.17025,-59.07263,326.55,1.01,1.0,2026-09-09,1949,Aqua,MODIS,80,6.1NRT,294.08,19.61,D
-23.16671,-61.54315,340.77,1.22,1.1,2026-09-09,1949,Aqua,MODIS,90,6.1NRT,307.51,49.64,D
-23.16521,-61.53156,324.02,1.22,1.1,2026-09-09,1949,Aqua,MODIS,77,6.1NRT,305.19,19.06,D
-23.12471,-59.33192,323.67,1.01,1.01,2026-09-09,1949,Aqua,MODIS,78,6.1NRT,299.18,14.45,D
-23.12334,-59.32228,332.76,1.01,1.01,2026-09-09,1949,Aqua,MODIS,85,6.1NRT,299.42,25.71,D
-23.11587,-59.33341,313.88,1.01,1.01,2026-09-09,1949,Aqua,MODIS,42,6.1NRT,298.49,5.43,D
-23.1145,-59.32378,321.36,1.01,1.01,2026-09-09,1949,Aqua,MODIS,75,6.1NRT,298.55,12.2,D
-23.09847,-57.30039,332.28,1.04,1.02,2026-09-09,1949,Aqua,MODIS,86,6.1NRT,299.39,27.09,D
-22.87193,-57.21212,320.99,1.05,1.02,2026-09-09,1949,Aqua,MODIS,76,6.1NRT,298.74,13.22,D
-22.83182,-58.76815,309.92,1.0,1.0,2026-09-09,1949,Aqua,MODIS,45,6.1NRT,278.55,7.93,D
-22.81026,-56.64918,316.56,1.1,1.05,2026-09-09,1949,Aqua,MODIS,65,6.1NRT,295.8,9.14,D
-22.80075,-56.41317,311.17,1.12,1.06,2026-09-09,1949,Aqua,MODIS,55,6.1NRT,292.49,7.09,D
-22.69489,-60.21268,331.94,1.06,1.03,2026-09-09,1949,Aqua,MODIS,85,6.1NRT,300.29,27.66,D
-22.64469,-63.81321,314.17,1.67,1.27,2026-09-09,1949,Aqua,MODIS,60,6.1NRT,302.42,12.59,D
-22.64282,-63.79747,320.22,1.67,1.27,2026-09-09,1949,Aqua,MODIS,75,6.1NRT,303.78,22.64,D
-22.55521,-57.8525,337.63,1.02,1.01,2026-09-09,1949,Aqua,MODIS,89,6.1NRT,298.32,33.88,D
-22.53454,-57.89573,317.06,1.02,1.01,2026-09-09,1949,Aqua,MODIS,71,6.1NRT,297.87,8.32,D
-22.52917,-56.624,310.97,1.11,1.05,2026-09-09,1949,Aqua,MODIS,25,6.1NRT,295.14,6.67,D
-22.52748,-56.61354,314.42,1.11,1.05,2026-09-09,1949,Aqua,MODIS,68,6.1NRT,294.51,9.89,D
-22.52717,-57.90693,312.22,1.02,1.01,2026-09-09,1949,Aqua,MODIS,48,6.1NRT,296.4,4.62,D
-22.5257,-57.89732,325.86,1.02,1.01,2026-09-09,1949,Aqua,MODIS,81,6.1NRT,298.32,17.18,D
-22.49202,-63.68226,316.8,1.63,1.26,2026-09-09,1949,Aqua,MODIS,70,6.1NRT,303.96,14.17,D
-22.48095,-63.6837,330.8,1.63,1.26,2026-09-09,1949,Aqua,MODIS,84,6.1NRT,304.9,44.93,D
-22.47917,-63.66836,314.57,1.62,1.25,2026-09-09,1949,Aqua,MODIS,51,6.1NRT,303.46,10.35,D
-22.44222,-58.26775,330.6,1.01,1.0,2026-09-09,1949,Aqua,MODIS,84,6.1NRT,300.54,22.56,D
-22.4408,-58.25825,323.31,1.01,1.0,2026-09-09,1949,Aqua,MODIS,78,6.1NRT,299.92,13.79,D
-22.43342,-58.26931,322.69,1.01,1.0,2026-09-09,1949,Aqua,MODIS,78,6.1NRT,299.83,13.33,D
-22.432,-58.25981,325.04,1.01,1.0,2026-09-09,1949,Aqua,MODIS,80,6.1NRT,299.77,15.75,D
-22.4283,-58.05504,344.78,1.01,1.01,2026-09-09,1949,Aqua,MODIS,93,6.1NRT,299.23,45.23,D
-22.41947,-58.05661,316.0,1.01,1.01,2026-09-09,1949,Aqua,MODIS,56,6.1NRT,297.9,6.57,D
-22.41803,-58.04706,313.52,1.01,1.01,2026-09-09,1949,Aqua,MODIS,58,6.1NRT,295.27,4.78,D
-22.38138,-57.98481,320.25,1.01,1.01,2026-09-09,1949,Aqua,MODIS,75,6.1NRT,298.91,11.52,D
-22.37992,-57.97523,315.05,1.02,1.01,2026-09-09,1949,Aqua,MODIS,68,6.1NRT,298.45,6.94,D
-22.37898,-56.66483,316.77,1.11,1.05,2026-09-09,1949,Aqua,MODIS,57,6.1NRT,293.81,11.79,D
-22.30573,-63.74981,314.47,1.64,1.26,2026-09-09,1949,Aqua,MODIS,67,6.1NRT,302.0,16.02,D
-22.26813,-58.03141,306.39,1.01,1.01,2026-09-09,1949,Aqua,MODIS,37,6.1NRT,278.16,6.18,D
-21.92072,-61.29797,343.78,1.15,1.07,2026-09-09,1949,Aqua,MODIS,92,6.1NRT,305.46,50.53,D
-21.91929,-61.28716,385.53,1.15,1.07,2026-09-09,1949,Aqua,MODIS,100,6.1NRT,307.76,206.31,D
-21.91374,-60.96244,323.44,1.11,1.05,2026-09-09,1949,Aqua,MODIS,61,6.1NRT,302.84,16.05,D
-21.91133,-61.29943,357.04,1.15,1.07,2026-09-09,1949,Aqua,MODIS,98,6.1NRT,308.1,85.66,D
-21.9099,-61.2886,396.56,1.15,1.07,2026-09-09,1949,Aqua,MODIS,100,6.1NRT,311.88,274.93,D
-21.90194,-61.30087,328.84,1.15,1.07,2026-09-09,1949,Aqua,MODIS,81,6.1NRT,303.99,23.16,D
-21.90051,-61.29005,352.88,1.15,1.07,2026-09-09,1949,Aqua,MODIS,96,6.1NRT,304.88,73.87,D
-21.75169,-58.59328,338.33,1.0,1.0,2026-09-09,1949,Aqua,MODIS,77,6.1NRT,279.49,40.34,D
-21.6588,-62.26895,360.99,1.28,1.12,2026-09-09,1949,Aqua,MODIS,100,6.1NRT,308.08,114.97,D
-21.65728,-62.25688,361.18,1.28,1.12,2026-09-09,1949,Aqua,MODIS,100,6.1NRT,307.72,115.56,D
-21.59717,-61.70894,326.94,1.19,1.09,2026-09-09,1949,Aqua,MODIS,79,6.1NRT,305.04,21.02,D
-21.59572,-61.69772,373.13,1.19,1.09,2026-09-09,1949,Aqua,MODIS,100,6.1NRT,309.37,152.86,D
-21.59426,-61.68652,338.66,1.19,1.09,2026-09-09,1949,Aqua,MODIS,88,6.1NRT,304.83,41.53,D
-21.58761,-61.71039,321.28,1.19,1.09,2026-09-09,1949,Aqua,MODIS,72,6.1NRT,305.15,13.95,D
-21.58616,-61.69917,363.15,1.19,1.09,2026-09-09,1949,Aqua,MODIS,100,6.1NRT,307.3,112.09,D
-21.58471,-61.68797,336.91,1.19,1.09,2026-09-09,1949,Aqua,MODIS,87,6.1NRT,304.74,37.81,D
-21.54436,-60.8859,319.21,1.09,1.04,2026-09-09,1949,Aqua,MODIS,69,6.1NRT,303.61,10.02,D
-21.54295,-60.87563,332.66,1.09,1.04,2026-09-09,1949,Aqua,MODIS,84,6.1NRT,304.05,27.52,D
-21.51859,-53.83452,309.3,1.68,1.27,2026-09-09,1949,Aqua,MODIS,44,6.1NRT,291.37,9.94,D
-21.37119,-61.64831,363.74,1.18,1.08,2026-09-09,1949,Aqua,MODIS,100,6.1NRT,306.44,113.47,D
-21.36971,-61.63725,363.04,1.18,1.08,2026-09-09,1949,Aqua,MODIS,100,6.1NRT,304.81,110.17,D
-21.36169,-61.64974,325.4,1.18,1.08,2026-09-09,1949,Aqua,MODIS,77,6.1NRT,303.69,20.77,D
-21.36021,-61.63869,318.15,1.18,1.08,2026-09-09,1949,Aqua,MODIS,47,6.1NRT,303.99,10.94,D
-21.14569,-61.34127,317.48,1.13,1.06,2026-09-09,1949,Aqua,MODIS,68,6.1NRT,303.74,8.27,D
-21.14425,-61.33067,328.47,1.13,1.06,2026-09-09,1949,Aqua,MODIS,81,6.1NRT,303.8,22.01,D
-20.70048,-60.18912,318.8,1.03,1.01,2026-09-09,1949,Aqua,MODIS,73,6.1NRT,284.36,15.46,D
-20.51336,-57.45498,327.99,1.08,1.04,2026-09-09,1949,Aqua,MODIS,58,6.1NRT,291.88,20.97,D
-20.27293,-56.04735,316.16,1.26,1.12,2026-09-09,1949,Aqua,MODIS,68,6.1NRT,297.56,9.32,D
-20.27073,-56.04116,320.08,1.27,1.12,2026-09-09,1949,Aqua,MODIS,74,6.1NRT,297.58,14.49,D
-20.17836,-58.40022,376.61,1.02,1.01,2026-09-09,1949,Aqua,MODIS,100,6.1NRT,302.1,141.13,D
-20.17692,-58.39073,464.41,1.02,1.01,2026-09-09,1949,Aqua,MODIS,100,6.1NRT,331.87,938.37,D
-20.17548,-58.38124,450.9,1.02,1.01,2026-09-09,1949,Aqua,MODIS,100,6.1NRT,316.6,736.57,D
-20.17405,-58.37175,347.51,1.02,1.01,2026-09-09,1949,Aqua,MODIS,78,6.1NRT,294.1,50.34,D
-20.16807,-58.39227,331.4,1.02,1.01,2026-09-09,1949,Aqua,MODIS,68,6.1NRT,291.46,27.0,D
-19.85972,-58.00577,359.97,1.05,1.02,2026-09-09,1949,Aqua,MODIS,99,6.1NRT,301.15,82.93,D
-19.85227,-58.01704,351.38,1.05,1.02,2026-09-09,1949,Aqua,MODIS,85,6.1NRT,298.66,60.5,D
-19.85076,-58.00735,381.59,1.05,1.02,2026-09-09,1949,Aqua,MODIS,100,6.1NRT,303.6,161.21,D
-19.8047,-61.56181,322.29,1.12,1.06,2026-09-09,1949,Aqua,MODIS,42,6.1NRT,299.46,11.9,D
-19.80326,-61.55139,334.94,1.12,1.06,2026-09-09,1949,Aqua,MODIS,86,6.1NRT,300.38,30.35,D
-19.79541,-61.5632,420.81,1.12,1.06,2026-09-09,1949,Aqua,MODIS,100,6.1NRT,316.69,465.23,D
-19.79398,-61.55278,472.01,1.12,1.06,2026-09-09,1949,Aqua,MODIS,100,6.1NRT,325.39,1221.08,D
-19.79255,-61.54238,328.69,1.12,1.06,2026-09-09,1949,Aqua,MODIS,79,6.1NRT,301.44,20.41,D
-19.7868,-61.63934,328.02,1.13,1.06,2026-09-09,1949,Aqua,MODIS,80,6.1NRT,301.95,21.57,D
-19.78612,-61.56458,320.87,1.12,1.06,2026-09-09,1949,Aqua,MODIS,41,6.1NRT,300.67,10.05,D
-19.78469,-61.55416,329.32,1.12,1.06,2026-09-09,1949,Aqua,MODIS,81,6.1NRT,300.82,21.18,D
-19.69127,-60.87872,327.99,1.06,1.03,2026-09-09,1949,Aqua,MODIS,80,6.1NRT,303.16,19.52,D
-19.6899,-60.86892,318.81,1.06,1.03,2026-09-09,1949,Aqua,MODIS,68,6.1NRT,302.04,8.98,D
-19.13698,-64.33653,313.39,1.62,1.25,2026-09-09,1949,Aqua,MODIS,68,6.1NRT,292.48,18.91,D
-19.13528,-64.32282,309.17,1.62,1.25,2026-09-09,1949,Aqua,MODIS,59,6.1NRT,293.04,12.16,D
-18.64449,-51.8392,313.28,2.71,1.58,2026-09-09,1949,Aqua,MODIS,59,6.1NRT,291.78,40.34,D
-18.56104,-63.33339,329.52,1.36,1.15,2026-09-09,1949,Aqua,MODIS,83,6.1NRT,300.42,34.99,D
-17.89724,-63.4951,312.74,1.36,1.16,2026-09-09,1949,Aqua,MODIS,65,6.1NRT,294.64,13.69,D
-17.86281,-63.38763,315.42,1.34,1.15,2026-09-09,1949,Aqua,MODIS,69,6.1NRT,294.06,16.17,D
-17.80325,-61.09517,318.2,1.04,1.02,2026-09-09,1949,Aqua,MODIS,68,6.1NRT,300.83,8.14,D
-17.68524,-63.66005,314.08,1.39,1.17,2026-09-09,1949,Aqua,MODIS,66,6.1NRT,294.98,14.98,D
-17.6836,-63.64759,308.34,1.39,1.17,2026-09-09,1949,Aqua,MODIS,48,6.1NRT,294.56,7.89,D
-17.64147,-63.17423,325.22,1.29,1.13,2026-09-09,1949,Aqua,MODIS,80,6.1NRT,296.79,25.83,D
-17.58516,-63.68113,308.81,1.39,1.17,2026-09-09,1949,Aqua,MODIS,48,6.1NRT,293.56,7.74,D
-17.58351,-63.66856,308.75,1.39,1.17,2026-09-09,1949,Aqua,MODIS,44,6.1NRT,293.63,7.55,D
-17.48234,-64.08731,319.86,1.47,1.2,2026-09-09,1949,Aqua,MODIS,75,6.1NRT,294.37,25.92,D
-17.4681,-59.54515,335.21,1.0,1.0,2026-09-09,1949,Aqua,MODIS,81,6.1NRT,300.68,26.45,D
-17.40168,-59.46205,340.73,1.01,1.0,2026-09-09,1949,Aqua,MODIS,90,6.1NRT,304.87,34.36,D
-17.4003,-59.45285,370.23,1.01,1.0,2026-09-09,1949,Aqua,MODIS,94,6.1NRT,306.92,106.62,D
-17.39289,-59.4635,337.42,1.01,1.0,2026-09-09,1949,Aqua,MODIS,88,6.1NRT,303.03,29.84,D
-17.33075,-62.97693,314.21,1.25,1.11,2026-09-09,1949,Aqua,MODIS,61,6.1NRT,294.41,9.62,D
-17.32405,-60.00254,317.83,1.0,1.0,2026-09-09,1949,Aqua,MODIS,37,6.1NRT,293.65,8.02,D
-17.32271,-59.9934,345.78,1.0,1.0,2026-09-09,1949,Aqua,MODIS,93,6.1NRT,299.66,45.71,D
-17.31528,-60.00396,328.49,1.0,1.0,2026-09-09,1949,Aqua,MODIS,76,6.1NRT,298.83,19.02,D
-17.31394,-59.99482,343.02,1.0,1.0,2026-09-09,1949,Aqua,MODIS,91,6.1NRT,300.74,40.2,D
-17.26843,-61.4205,321.81,1.06,1.03,2026-09-09,1949,Aqua,MODIS,34,6.1NRT,297.73,9.74,D
-17.20421,-63.98323,312.05,1.44,1.19,2026-09-09,1949,Aqua,MODIS,58,6.1NRT,294.13,10.09,D
-17.12346,-61.50424,355.45,1.06,1.03,2026-09-09,1949,Aqua,MODIS,98,6.1NRT,301.91,70.07,D
-17.11443,-61.50559,325.18,1.06,1.03,2026-09-09,1949,Aqua,MODIS,68,6.1NRT,301.37,14.25,D
-17.06395,-63.28779,323.48,1.29,1.13,2026-09-09,1949,Aqua,MODIS,77,6.1NRT,295.52,21.44,D
-17.06026,-63.96237,315.11,1.42,1.18,2026-09-09,1949,Aqua,MODIS,65,6.1NRT,294.97,13.19,D
-17.05972,-61.64311,316.68,1.07,1.03,2026-09-09,1949,Aqua,MODIS,63,6.1NRT,299.27,6.92,D
-16.97437,-60.65194,362.03,1.01,1.0,2026-09-09,1949,Aqua,MODIS,87,6.1NRT,299.1,83.62,D
-16.9649,-62.15979,326.58,1.12,1.06,2026-09-09,1949,Aqua,MODIS,79,6.1NRT,297.79,18.99,D
-16.96351,-62.14956,315.83,1.12,1.05,2026-09-09,1949,Aqua,MODIS,62,6.1NRT,301.42,6.27,D
-16.95807,-60.66394,325.96,1.01,1.0,2026-09-09,1949,Aqua,MODIS,67,6.1NRT,299.65,14.29,D
-16.92796,-62.96261,339.07,1.23,1.1,2026-09-09,1949,Aqua,MODIS,89,6.1NRT,298.64,47.76,D
-16.92645,-62.9514,323.12,1.23,1.1,2026-09-09,1949,Aqua,MODIS,76,6.1NRT,298.2,19.21,D
-16.90497,-64.43465,316.47,1.53,1.22,2026-09-09,1949,Aqua,MODIS,69,6.1NRT,294.9,18.75,D
-16.898,-60.37323,325.45,1.0,1.0,2026-09-09,1949,Aqua,MODIS,71,6.1NRT,294.16,16.22,D
-16.88922,-60.37464,323.39,1.0,1.0,2026-09-09,1949,Aqua,MODIS,74,6.1NRT,297.31,14.36,D
-16.8869,-62.44825,321.92,1.15,1.07,2026-09-09,1949,Aqua,MODIS,74,6.1NRT,300.91,14.08,D
-16.88545,-62.43773,326.52,1.15,1.07,2026-09-09,1949,Aqua,MODIS,79,6.1NRT,300.94,20.12,D
-16.81805,-64.29779,309.85,1.49,1.21,2026-09-09,1949,Aqua,MODIS,49,6.1NRT,294.28,8.86,D
-16.77864,-61.7401,327.53,1.07,1.03,2026-09-09,1949,Aqua,MODIS,80,6.1NRT,296.05,22.07,D
-16.77726,-61.73032,333.98,1.07,1.03,2026-09-09,1949,Aqua,MODIS,85,6.1NRT,295.99,31.37,D
-16.77062,-62.91149,315.04,1.22,1.1,2026-09-09,1949,Aqua,MODIS,63,6.1NRT,298.77,8.95,D
-16.75632,-61.3143,340.73,1.04,1.02,2026-09-09,1949,Aqua,MODIS,90,6.1NRT,301.72,39.2,D
-16.75549,-61.17936,317.09,1.03,1.02,2026-09-09,1949,Aqua,MODIS,64,6.1NRT,301.74,6.92,D
-16.75498,-61.3048,324.09,1.04,1.02,2026-09-09,1949,Aqua,MODIS,76,6.1NRT,300.96,14.88,D
-16.75416,-61.16994,319.65,1.03,1.01,2026-09-09,1949,Aqua,MODIS,69,6.1NRT,302.04,9.49,D
-16.75215,-64.11629,309.35,1.45,1.19,2026-09-09,1949,Aqua,MODIS,42,6.1NRT,294.07,7.9,D
-16.75049,-64.10313,310.4,1.44,1.19,2026-09-09,1949,Aqua,MODIS,50,6.1NRT,294.04,9.05,D
-16.74872,-60.18537,345.67,1.0,1.0,2026-09-09,1949,Aqua,MODIS,87,6.1NRT,296.73,47.19,D
-16.71898,-60.22742,336.57,1.0,1.0,2026-09-09,1949,Aqua,MODIS,87,6.1NRT,295.4,31.8,D
-16.71765,-60.21832,343.86,1.0,1.0,2026-09-09,1949,Aqua,MODIS,92,6.1NRT,299.19,43.87,D
-16.67869,-61.68132,314.44,1.07,1.03,2026-09-09,1949,Aqua,MODIS,41,6.1NRT,297.05,7.63,D
-16.67732,-61.67162,314.54,1.07,1.03,2026-09-09,1949,Aqua,MODIS,58,6.1NRT,297.71,7.68,D
-16.60824,-62.63686,315.79,1.17,1.08,2026-09-09,1949,Aqua,MODIS,64,6.1NRT,301.16,7.25,D
-16.49805,-58.93461,362.54,1.04,1.02,2026-09-09,1949,Aqua,MODIS,100,6.1NRT,298.54,89.16,D
-16.4966,-58.92517,320.13,1.04,1.02,2026-09-09,1949,Aqua,MODIS,26,6.1NRT,295.94,9.36,D
-16.49059,-58.94554,332.71,1.04,1.02,2026-09-09,1949,Aqua,MODIS,79,6.1NRT,298.14,23.02,D
-16.48914,-58.9361,341.31,1.04,1.02,2026-09-09,1949,Aqua,MODIS,90,6.1NRT,299.31,37.52,D
-16.47036,-58.93534,315.88,1.04,1.02,2026-09-09,1949,Aqua,MODIS,58,6.1NRT,297.54,5.79,D
-16.39634,-63.41472,309.84,1.29,1.13,2026-09-09,1949,Aqua,MODIS,34,6.1NRT,294.44,6.09,D
-16.3741,-63.86693,315.39,1.37,1.16,2026-09-09,1949,Aqua,MODIS,67,6.1NRT,296.53,11.81,D
-16.3726,-60.89263,314.37,1.01,1.01,2026-09-09,1949,Aqua,MODIS,58,6.1NRT,298.84,5.53,D
-16.37249,-63.85445,313.16,1.37,1.16,2026-09-09,1949,Aqua,MODIS,63,6.1NRT,295.86,9.01,D
-16.34712,-61.2351,316.54,1.03,1.01,2026-09-09,1949,Aqua,MODIS,64,6.1NRT,295.59,7.84,D
-16.21944,-61.36604,321.84,1.04,1.02,2026-09-09,1949,Aqua,MODIS,70,6.1NRT,299.24,11.39,D
-16.21811,-61.35664,316.39,1.04,1.02,2026-09-09,1949,Aqua,MODIS,51,6.1NRT,299.73,5.54,D
-16.15424,-63.7468,313.76,1.34,1.15,2026-09-09,1949,Aqua,MODIS,64,6.1NRT,294.49,10.74,D
-16.13114,-60.62439,319.26,1.0,1.0,2026-09-09,1949,Aqua,MODIS,70,6.1NRT,299.35,8.42,D
-16.12716,-60.59707,317.51,1.0,1.0,2026-09-09,1949,Aqua,MODIS,66,6.1NRT,297.43,7.53,D
-16.12235,-60.62578,335.21,1.0,1.0,2026-09-09,1949,Aqua,MODIS,86,6.1NRT,299.95,27.06,D
-16.07042,-61.68262,315.09,1.06,1.03,2026-09-09,1949,Aqua,MODIS,56,6.1NRT,295.38,6.92,D
-16.06908,-61.67302,323.67,1.06,1.03,2026-09-09,1949,Aqua,MODIS,76,6.1NRT,297.98,15.57,D
-15.93661,-63.64918,315.61,1.31,1.14,2026-09-09,1949,Aqua,MODIS,68,6.1NRT,294.2,11.96,D
-15.89163,-60.8863,339.79,1.01,1.0,2026-09-09,1949,Aqua,MODIS,89,6.1NRT,296.48,35.02,D
-15.88992,-63.45251,314.59,1.28,1.12,2026-09-09,1949,Aqua,MODIS,66,6.1NRT,291.78,10.38,D
-15.88837,-63.44094,321.14,1.27,1.12,2026-09-09,1949,Aqua,MODIS,71,6.1NRT,291.48,18.72,D
-15.88358,-63.63251,315.2,1.31,1.13,2026-09-09,1949,Aqua,MODIS,67,6.1NRT,293.68,11.59,D
-15.88282,-60.88767,343.5,1.01,1.0,2026-09-09,1949,Aqua,MODIS,92,6.1NRT,286.76,40.13,D
-15.87269,-60.87993,348.9,1.01,1.0,2026-09-09,1949,Aqua,MODIS,94,6.1NRT,297.59,49.68,D
-15.85639,-60.89185,324.22,1.01,1.0,2026-09-09,1949,Aqua,MODIS,25,6.1NRT,290.96,10.65,D
-15.85508,-60.88271,344.1,1.01,1.0,2026-09-09,1949,Aqua,MODIS,92,6.1NRT,298.37,39.76,D
-15.84627,-60.88408,347.32,1.01,1.0,2026-09-09,1949,Aqua,MODIS,94,6.1NRT,297.55,45.3,D
-15.84495,-60.87493,337.67,1.01,1.0,2026-09-09,1949,Aqua,MODIS,74,6.1NRT,298.55,28.92,D
-15.83798,-60.90045,321.75,1.01,1.0,2026-09-09,1949,Aqua,MODIS,73,6.1NRT,297.85,10.04,D
-15.82652,-60.88355,318.89,1.01,1.0,2026-09-09,1949,Aqua,MODIS,49,6.1NRT,296.37,8.0,D
-15.80475,-61.83017,341.31,1.06,1.03,2026-09-09,1949,Aqua,MODIS,91,6.1NRT,300.4,41.17,D
-15.80341,-61.82053,324.12,1.06,1.03,2026-09-09,1949,Aqua,MODIS,77,6.1NRT,300.27,14.98,D
-15.75684,-63.2911,322.79,1.24,1.11,2026-09-09,1949,Aqua,MODIS,78,6.1NRT,295.09,19.47,D
-15.49705,-62.27086,332.71,1.1,1.05,2026-09-09,1949,Aqua,MODIS,86,6.1NRT,294.72,30.88,D
-15.49568,-62.26087,318.33,1.1,1.04,2026-09-09,1949,Aqua,MODIS,72,6.1NRT,292.98,12.16,D
-15.17047,-62.5076,315.61,1.12,1.05,2026-09-09,1949,Aqua,MODIS,68,6.1NRT,292.61,10.6,D
-15.0603,-65.71387,313.73,1.78,1.31,2026-09-09,1949,Aqua,MODIS,66,6.1NRT,295.38,15.81,D
-14.80135,-59.32291,324.06,1.04,1.02,2026-09-09,1949,Aqua,MODIS,77,6.1NRT,301.31,13.81,D
-14.15679,-59.64849,316.31,1.03,1.01,2026-09-09,1949,Aqua,MODIS,66,6.1NRT,298.51,7.31,D
-14.79146,-66.10979,320.76,1.89,1.34,2026-09-09,1951,Aqua,MODIS,76,6.1NRT,293.78,31.56,D
-14.78882,-66.1206,340.46,1.9,1.35,2026-09-09,1951,Aqua,MODIS,91,6.1NRT,294.85,95.28,D
-14.78676,-66.10355,323.98,1.89,1.34,2026-09-09,1951,Aqua,MODIS,74,6.1NRT,293.56,37.9,D
-14.78182,-66.12835,320.47,1.9,1.35,2026-09-09,1951,Aqua,MODIS,75,6.1NRT,294.09,30.88,D
-14.77965,-66.11134,333.79,1.89,1.34,2026-09-09,1951,Aqua,MODIS,87,6.1NRT,294.26,70.97,D
-14.66673,-64.78176,311.41,1.5,1.21,2026-09-09,1951,Aqua,MODIS,59,6.1NRT,289.0,10.87,D
-14.62328,-67.14999,310.0,2.27,1.46,2026-09-09,1951,Aqua,MODIS,57,6.1NRT,291.33,15.84,D
-14.60703,-65.93539,333.52,1.82,1.32,2026-09-09,1951,Aqua,MODIS,86,6.1NRT,293.79,65.98,D
-14.605,-65.91901,324.97,1.82,1.32,2026-09-09,1951,Aqua,MODIS,68,6.1NRT,294.31,37.42,D
-14.59799,-63.57199,322.75,1.25,1.11,2026-09-09,1951,Aqua,MODIS,77,6.1NRT,294.43,21.26,D
-14.5806,-65.89584,333.19,1.81,1.32,2026-09-09,1951,Aqua,MODIS,86,6.1NRT,295.55,64.15,D
-14.57982,-65.90576,322.91,1.81,1.32,2026-09-09,1951,Aqua,MODIS,78,6.1NRT,293.98,32.52,D
-14.57784,-65.88947,324.83,1.81,1.32,2026-09-09,1951,Aqua,MODIS,80,6.1NRT,295.82,37.23,D
-14.54796,-63.58466,321.33,1.25,1.11,2026-09-09,1951,Aqua,MODIS,76,6.1NRT,295.71,18.81,D
-14.54641,-63.5734,321.63,1.25,1.11,2026-09-09,1951,Aqua,MODIS,76,6.1NRT,295.93,18.07,D
-14.54493,-63.78276,312.09,1.28,1.12,2026-09-09,1951,Aqua,MODIS,60,6.1NRT,295.22,7.02,D
-14.54487,-63.56219,329.52,1.24,1.11,2026-09-09,1951,Aqua,MODIS,83,6.1NRT,296.5,29.82,D
-14.54333,-63.55102,316.69,1.24,1.11,2026-09-09,1951,Aqua,MODIS,69,6.1NRT,295.42,10.96,D
-14.31311,-65.17154,314.25,1.58,1.24,2026-09-09,1951,Aqua,MODIS,20,6.1NRT,291.99,13.38,D
-14.30508,-65.16601,317.61,1.58,1.24,2026-09-09,1951,Aqua,MODIS,52,6.1NRT,292.58,19.0,D
-14.30036,-65.15887,315.76,1.58,1.24,2026-09-09,1951,Aqua,MODIS,42,6.1NRT,292.59,15.84,D
-14.25851,-65.89027,311.65,1.79,1.31,2026-09-09,1951,Aqua,MODIS,58,6.1NRT,294.6,11.33,D
-13.93711,-61.53874,339.95,1.02,1.01,2026-09-09,1951,Aqua,MODIS,90,6.1NRT,300.88,36.52,D
-13.92827,-61.54009,320.3,1.02,1.01,2026-09-09,1951,Aqua,MODIS,73,6.1NRT,299.65,10.36,D
-13.81588,-65.83562,314.21,1.74,1.29,2026-09-09,1951,Aqua,MODIS,57,6.1NRT,296.71,12.31,D
-13.80384,-66.01469,310.86,1.8,1.31,2026-09-09,1951,Aqua,MODIS,57,6.1NRT,291.77,10.7,D
-13.74552,-65.8186,312.61,1.73,1.29,2026-09-09,1951,Aqua,MODIS,61,6.1NRT,293.45,12.01,D
-13.69118,-59.50817,320.45,1.04,1.02,2026-09-09,1951,Aqua,MODIS,38,6.1NRT,303.26,10.41,D
-13.68976,-59.49879,326.99,1.05,1.02,2026-09-09,1951,Aqua,MODIS,78,6.1NRT,303.59,17.38,D
-13.68225,-59.50964,324.79,1.04,1.02,2026-09-09,1951,Aqua,MODIS,74,6.1NRT,303.13,15.19,D
-13.68083,-59.50025,325.2,1.05,1.02,2026-09-09,1951,Aqua,MODIS,74,6.1NRT,300.78,14.88,D
-13.68008,-67.54787,321.92,2.36,1.48,2026-09-09,1951,Aqua,MODIS,77,6.1NRT,288.81,54.46,D
-13.67853,-67.54118,325.71,2.36,1.48,2026-09-09,1951,Aqua,MODIS,81,6.1NRT,288.59,65.11,D
-13.67744,-67.52679,309.92,2.35,1.48,2026-09-09,1951,Aqua,MODIS,56,6.1NRT,287.4,18.54,D
-13.65846,-59.71363,312.41,1.03,1.01,2026-09-09,1951,Aqua,MODIS,49,6.1NRT,297.51,4.73,D
-13.63288,-65.1356,318.3,1.54,1.22,2026-09-09,1951,Aqua,MODIS,70,6.1NRT,297.93,18.25,D
-13.62216,-65.13708,315.0,1.54,1.22,2026-09-09,1951,Aqua,MODIS,50,6.1NRT,297.16,11.86,D
-13.61279,-61.98003,312.75,1.04,1.02,2026-09-09,1951,Aqua,MODIS,56,6.1NRT,299.09,5.52,D
-13.54821,-63.50882,313.72,1.2,1.09,2026-09-09,1951,Aqua,MODIS,61,6.1NRT,295.86,6.87,D
-13.50193,-65.17455,317.33,1.54,1.22,2026-09-09,1951,Aqua,MODIS,66,6.1NRT,296.49,14.9,D
-13.47033,-66.1824,319.2,1.83,1.32,2026-09-09,1951,Aqua,MODIS,73,6.1NRT,295.18,27.1,D
-13.4472,-63.02855,311.72,1.13,1.06,2026-09-09,1951,Aqua,MODIS,50,6.1NRT,296.83,5.24,D
-13.38858,-66.3501,312.98,1.88,1.34,2026-09-09,1951,Aqua,MODIS,62,6.1NRT,295.22,14.19,D
-13.30882,-61.65857,364.46,1.02,1.01,2026-09-09,1951,Aqua,MODIS,100,6.1NRT,304.82,92.22,D
-13.30751,-61.64946,404.0,1.02,1.01,2026-09-09,1951,Aqua,MODIS,100,6.1NRT,306.4,276.66,D
-13.3062,-61.64035,318.79,1.02,1.01,2026-09-09,1951,Aqua,MODIS,38,6.1NRT,298.99,10.54,D
-13.29999,-61.65992,368.26,1.02,1.01,2026-09-09,1951,Aqua,MODIS,100,6.1NRT,303.8,102.82,D
-13.29868,-61.65081,380.08,1.02,1.01,2026-09-09,1951,Aqua,MODIS,100,6.1NRT,301.56,147.16,D
-13.29173,-61.8077,323.37,1.02,1.01,2026-09-09,1951,Aqua,MODIS,74,6.1NRT,301.6,12.48,D
-13.29115,-61.66127,362.61,1.02,1.01,2026-09-09,1951,Aqua,MODIS,100,6.1NRT,304.27,84.67,D
-13.29041,-61.79853,333.65,1.02,1.01,2026-09-09,1951,Aqua,MODIS,85,6.1NRT,303.61,24.95,D
-13.28984,-61.65216,396.36,1.02,1.01,2026-09-09,1951,Aqua,MODIS,100,6.1NRT,304.8,227.04,D
-13.28231,-61.66262,363.25,1.02,1.01,2026-09-09,1951,Aqua,MODIS,100,6.1NRT,303.16,84.71,D
-13.28154,-61.79988,331.84,1.02,1.01,2026-09-09,1951,Aqua,MODIS,84,6.1NRT,302.21,22.09,D
-13.28101,-61.65351,386.16,1.02,1.01,2026-09-09,1951,Aqua,MODIS,100,6.1NRT,298.55,172.12,D
-13.27188,-61.67061,331.35,1.02,1.01,2026-09-09,1951,Aqua,MODIS,56,6.1NRT,302.76,18.62,D
-13.27056,-61.6615,366.66,1.02,1.01,2026-09-09,1951,Aqua,MODIS,94,6.1NRT,303.09,94.68,D
-13.25157,-61.6551,373.59,1.02,1.01,2026-09-09,1951,Aqua,MODIS,100,6.1NRT,301.15,119.75,D
-13.25026,-61.646,324.75,1.02,1.01,2026-09-09,1951,Aqua,MODIS,68,6.1NRT,297.87,12.78,D
-13.24974,-65.46192,325.99,1.6,1.25,2026-09-09,1951,Aqua,MODIS,80,6.1NRT,293.12,33.99,D
-13.24781,-65.44764,327.71,1.6,1.24,2026-09-09,1951,Aqua,MODIS,81,6.1NRT,293.87,38.36,D
-13.24274,-61.65645,338.83,1.02,1.01,2026-09-09,1951,Aqua,MODIS,78,6.1NRT,301.45,29.56,D
-13.24119,-65.45629,361.44,1.6,1.25,2026-09-09,1951,Aqua,MODIS,100,6.1NRT,295.23,165.72,D
-13.23881,-65.46341,339.27,1.6,1.25,2026-09-09,1951,Aqua,MODIS,90,6.1NRT,294.21,67.39,D
-13.23854,-61.81579,321.36,1.02,1.01,2026-09-09,1951,Aqua,MODIS,22,6.1NRT,302.97,9.15,D
-13.23689,-65.44912,335.38,1.6,1.24,2026-09-09,1951,Aqua,MODIS,87,6.1NRT,294.28,56.96,D
-13.23169,-65.49358,329.21,1.61,1.25,2026-09-09,1951,Aqua,MODIS,64,6.1NRT,293.51,37.05,D
-13.22978,-65.47923,327.13,1.6,1.25,2026-09-09,1951,Aqua,MODIS,47,6.1NRT,294.22,30.03,D
-13.22787,-65.4649,341.5,1.6,1.25,2026-09-09,1951,Aqua,MODIS,91,6.1NRT,295.32,74.01,D
-12.88263,-66.06908,314.44,1.76,1.3,2026-09-09,1951,Aqua,MODIS,64,6.1NRT,293.32,16.51,D
-12.84522,-64.29464,318.52,1.31,1.14,2026-09-09,1951,Aqua,MODIS,70,6.1NRT,292.26,13.79,D
-12.84364,-64.28291,324.79,1.31,1.14,2026-09-09,1951,Aqua,MODIS,78,6.1NRT,291.84,23.42,D
-12.81799,-66.35085,324.35,1.84,1.33,2026-09-09,1951,Aqua,MODIS,79,6.1NRT,293.3,38.26,D
-12.81659,-66.36075,310.52,1.85,1.33,2026-09-09,1951,Aqua,MODIS,54,6.1NRT,291.84,10.8,D
-12.81453,-66.34429,324.57,1.84,1.33,2026-09-09,1951,Aqua,MODIS,79,6.1NRT,293.02,41.16,D
-12.78554,-66.75291,315.45,1.98,1.37,2026-09-09,1951,Aqua,MODIS,68,6.1NRT,296.5,18.94,D
-12.62296,-64.01165,339.03,1.25,1.11,2026-09-09,1951,Aqua,MODIS,84,6.1NRT,298.48,45.63,D
-12.62144,-64.00047,352.88,1.25,1.11,2026-09-09,1951,Aqua,MODIS,96,6.1NRT,299.41,83.64,D
-12.61321,-64.01305,326.93,1.25,1.11,2026-09-09,1951,Aqua,MODIS,73,6.1NRT,299.32,22.15,D
-12.61169,-64.00187,328.71,1.25,1.11,2026-09-09,1951,Aqua,MODIS,80,6.1NRT,298.63,25.89,D
-12.60574,-64.10592,318.74,1.27,1.12,2026-09-09,1951,Aqua,MODIS,66,6.1NRT,294.95,14.06,D
-12.60345,-64.01444,319.22,1.25,1.11,2026-09-09,1951,Aqua,MODIS,51,6.1NRT,298.24,11.82,D
-12.52941,-62.66493,326.99,1.07,1.03,2026-09-09,1951,Aqua,MODIS,80,6.1NRT,301.78,18.77,D
-12.52402,-62.62666,316.74,1.07,1.03,2026-09-09,1951,Aqua,MODIS,64,6.1NRT,298.64,8.0,D
-12.48425,-62.60979,318.68,1.07,1.03,2026-09-09,1951,Aqua,MODIS,62,6.1NRT,300.53,9.21,D
-12.48291,-62.60036,316.74,1.07,1.03,2026-09-09,1951,Aqua,MODIS,49,6.1NRT,299.83,7.27,D
-12.45624,-64.13927,313.35,1.27,1.12,2026-09-09,1951,Aqua,MODIS,60,6.1NRT,297.98,6.96,D
-12.40713,-66.02097,311.92,1.71,1.28,2026-09-09,1951,Aqua,MODIS,57,6.1NRT,294.75,9.64,D
-12.26612,-60.40714,313.88,1.01,1.01,2026-09-09,1951,Aqua,MODIS,59,6.1NRT,298.24,6.19,D
-12.26476,-60.39813,317.36,1.01,1.01,2026-09-09,1951,Aqua,MODIS,68,6.1NRT,298.58,9.14,D
-12.19041,-66.21034,316.71,1.76,1.3,2026-09-09,1951,Aqua,MODIS,69,6.1NRT,294.0,20.67,D
-12.08165,-64.23985,321.01,1.27,1.12,2026-09-09,1951,Aqua,MODIS,58,6.1NRT,301.89,14.75,D
-11.82867,-65.71696,334.12,1.59,1.24,2026-09-09,1951,Aqua,MODIS,55,6.1NRT,288.63,46.56,D
-11.82498,-65.68871,334.12,1.58,1.24,2026-09-09,1951,Aqua,MODIS,71,6.1NRT,287.68,48.1,D
-11.80362,-65.64165,314.16,1.57,1.23,2026-09-09,1951,Aqua,MODIS,42,6.1NRT,291.03,14.34,D
-11.71244,-60.6653,312.49,1.01,1.0,2026-09-09,1951,Aqua,MODIS,52,6.1NRT,296.31,4.14,D
-11.56404,-65.31521,313.34,1.47,1.2,2026-09-09,1951,Aqua,MODIS,49,6.1NRT,298.05,9.14,D
-11.56324,-62.23133,315.22,1.03,1.01,2026-09-09,1951,Aqua,MODIS,58,6.1NRT,298.24,7.24,D
-11.43068,-62.08144,324.04,1.02,1.01,2026-09-09,1951,Aqua,MODIS,77,6.1NRT,298.6,14.39,D
-11.42575,-62.1099,344.39,1.02,1.01,2026-09-09,1951,Aqua,MODIS,92,6.1NRT,300.43,45.26,D
-11.42445,-62.10086,325.54,1.02,1.01,2026-09-09,1951,Aqua,MODIS,78,6.1NRT,299.24,15.53,D
-11.36832,-60.71619,312.33,1.01,1.0,2026-09-09,1951,Aqua,MODIS,48,6.1NRT,296.42,4.87,D
-11.36699,-60.70725,310.87,1.01,1.0,2026-09-09,1951,Aqua,MODIS,32,6.1NRT,296.2,4.07,D
-11.23335,-68.2235,315.5,2.45,1.51,2026-09-09,1951,Aqua,MODIS,69,6.1NRT,290.23,29.59,D
-11.23042,-68.21705,317.01,2.45,1.51,2026-09-09,1951,Aqua,MODIS,71,6.1NRT,289.48,36.82,D
-11.17822,-68.31896,308.25,2.49,1.52,2026-09-09,1951,Aqua,MODIS,33,6.1NRT,287.63,11.38,D
-11.15656,-68.64881,310.75,2.64,1.56,2026-09-09,1951,Aqua,MODIS,41,6.1NRT,288.44,19.31,D
-11.15356,-68.62527,313.28,2.63,1.56,2026-09-09,1951,Aqua,MODIS,49,6.1NRT,287.95,26.9,D
-11.08,-60.70649,315.65,1.01,1.01,2026-09-09,1951,Aqua,MODIS,63,6.1NRT,299.44,7.61,D
-11.07866,-65.71932,313.69,1.55,1.23,2026-09-09,1951,Aqua,MODIS,63,6.1NRT,296.61,11.04,D
-11.07165,-65.71358,317.37,1.55,1.23,2026-09-09,1951,Aqua,MODIS,71,6.1NRT,298.44,16.94,D
-10.99055,-60.66176,330.4,1.01,1.01,2026-09-09,1951,Aqua,MODIS,83,6.1NRT,298.6,23.87,D
-10.86918,-60.83401,328.98,1.01,1.0,2026-09-09,1951,Aqua,MODIS,82,6.1NRT,301.1,21.28,D
-10.86474,-65.45428,315.86,1.47,1.2,2026-09-09,1951,Aqua,MODIS,68,6.1NRT,298.06,12.26,D
-10.80465,-65.45586,318.37,1.47,1.2,2026-09-09,1951,Aqua,MODIS,27,6.1NRT,294.19,16.15,D
-10.79414,-65.45731,321.54,1.47,1.2,2026-09-09,1951,Aqua,MODIS,66,6.1NRT,297.88,20.9,D
-10.68785,-62.31246,312.59,1.02,1.01,2026-09-09,1951,Aqua,MODIS,55,6.1NRT,298.0,4.82,D
-10.4979,-59.60631,326.79,1.1,1.05,2026-09-09,1951,Aqua,MODIS,80,6.1NRT,300.18,20.91,D
-10.31277,-57.97073,318.42,1.36,1.16,2026-09-09,1951,Aqua,MODIS,72,6.1NRT,298.58,12.07,D
-10.11957,-68.6187,327.86,2.53,1.53,2026-09-09,1951,Aqua,MODIS,82,6.1NRT,294.9,80.3,D
-10.11674,-68.5966,313.11,2.52,1.53,2026-09-09,1951,Aqua,MODIS,61,6.1NRT,295.83,24.09,D
-10.06299,-62.25927,310.89,1.01,1.01,2026-09-09,1951,Aqua,MODIS,41,6.1NRT,297.72,3.8,D
-10.06169,-62.25031,323.18,1.01,1.01,2026-09-09,1951,Aqua,MODIS,76,6.1NRT,298.74,14.55,D
-10.01765,-66.94615,314.42,1.85,1.33,2026-09-09,1951,Aqua,MODIS,64,6.1NRT,297.88,13.24,D
-9.97425,-64.76681,313.65,1.29,1.13,2026-09-09,1951,Aqua,MODIS,62,6.1NRT,297.74,7.69,D
-9.96438,-64.76823,334.39,1.29,1.13,2026-09-09,1951,Aqua,MODIS,87,6.1NRT,297.69,39.64,D
-9.96282,-64.75687,325.76,1.29,1.13,2026-09-09,1951,Aqua,MODIS,80,6.1NRT,298.1,23.78,D
-9.93453,-59.61224,315.31,1.11,1.05,2026-09-09,1951,Aqua,MODIS,66,6.1NRT,297.92,8.69,D
-9.83973,-59.47057,328.84,1.13,1.06,2026-09-09,1951,Aqua,MODIS,82,6.1NRT,297.59,24.6,D
-9.78757,-59.79775,314.04,1.1,1.04,2026-09-09,1951,Aqua,MODIS,58,6.1NRT,298.83,6.07,D
-9.73714,-58.42175,316.13,1.3,1.13,2026-09-09,1951,Aqua,MODIS,32,6.1NRT,299.09,9.13,D
-9.7358,-58.41593,316.83,1.3,1.13,2026-09-09,1951,Aqua,MODIS,39,6.1NRT,298.72,9.68,D
-9.71362,-64.95032,317.83,1.31,1.14,2026-09-09,1951,Aqua,MODIS,69,6.1NRT,301.65,10.21,D
-9.71203,-64.93871,318.07,1.31,1.14,2026-09-09,1951,Aqua,MODIS,69,6.1NRT,300.92,11.31,D
-9.68672,-63.436,317.31,1.09,1.04,2026-09-09,1951,Aqua,MODIS,56,6.1NRT,299.43,9.41,D
-9.55263,-68.27411,314.8,2.32,1.47,2026-09-09,1951,Aqua,MODIS,52,6.1NRT,297.62,20.55,D
-9.55037,-67.75349,312.42,2.11,1.41,2026-09-09,1951,Aqua,MODIS,45,6.1NRT,295.74,17.78,D
-9.49511,-60.97338,317.65,1.02,1.01,2026-09-09,1951,Aqua,MODIS,69,6.1NRT,294.72,12.39,D
-9.49353,-64.10082,313.93,1.16,1.07,2026-09-09,1951,Aqua,MODIS,60,6.1NRT,299.56,7.62,D
-9.48296,-60.34541,315.32,1.05,1.02,2026-09-09,1951,Aqua,MODIS,57,6.1NRT,299.23,6.38,D
-9.46869,-61.05729,315.13,1.01,1.01,2026-09-09,1951,Aqua,MODIS,63,6.1NRT,298.81,7.11,D
-9.38821,-68.83045,312.46,2.56,1.54,2026-09-09,1951,Aqua,MODIS,57,6.1NRT,295.44,18.07,D
-9.38033,-68.83648,318.26,2.56,1.54,2026-09-09,1951,Aqua,MODIS,72,6.1NRT,295.24,37.51,D
-9.37893,-65.95295,340.73,1.52,1.22,2026-09-09,1951,Aqua,MODIS,90,6.1NRT,297.51,69.1,D
-9.37474,-68.83221,315.71,2.56,1.54,2026-09-09,1951,Aqua,MODIS,69,6.1NRT,295.05,28.8,D
-9.3723,-67.51365,319.07,2.0,1.38,2026-09-09,1951,Aqua,MODIS,72,6.1NRT,296.21,29.49,D
-9.31065,-67.70414,312.85,2.07,1.4,2026-09-09,1951,Aqua,MODIS,57,6.1NRT,297.13,15.23,D
-9.30438,-67.69328,314.17,2.07,1.4,2026-09-09,1951,Aqua,MODIS,65,6.1NRT,297.41,19.14,D
-9.30007,-60.90552,330.14,1.02,1.01,2026-09-09,1951,Aqua,MODIS,83,6.1NRT,299.37,23.29,D
-9.25842,-60.2647,313.69,1.06,1.03,2026-09-09,1951,Aqua,MODIS,59,6.1NRT,299.85,5.04,D
-9.2569,-60.93728,328.3,1.02,1.01,2026-09-09,1951,Aqua,MODIS,81,6.1NRT,301.48,20.58,D
-9.25557,-60.92831,325.9,1.02,1.01,2026-09-09,1951,Aqua,MODIS,79,6.1NRT,300.17,17.81,D
-9.22619,-63.64291,352.99,1.1,1.05,2026-09-09,1951,Aqua,MODIS,91,6.1NRT,297.41,71.57,D
-9.22233,-60.88739,316.46,1.02,1.01,2026-09-09,1951,Aqua,MODIS,65,6.1NRT,300.31,7.57,D
-9.22101,-63.65919,326.88,1.1,1.05,2026-09-09,1951,Aqua,MODIS,80,6.1NRT,299.63,18.39,D
-9.21833,-66.12572,313.25,1.56,1.23,2026-09-09,1951,Aqua,MODIS,56,6.1NRT,297.42,11.17,D
-9.21821,-63.63977,341.53,1.1,1.05,2026-09-09,1951,Aqua,MODIS,91,6.1NRT,300.12,43.58,D
-9.21541,-65.78667,334.53,1.47,1.2,2026-09-09,1951,Aqua,MODIS,87,6.1NRT,299.39,49.47,D
-9.21363,-65.77382,345.43,1.47,1.2,2026-09-09,1951,Aqua,MODIS,93,6.1NRT,300.1,80.83,D
-9.20742,-60.78802,337.12,1.03,1.01,2026-09-09,1951,Aqua,MODIS,88,6.1NRT,304.56,30.44,D
-9.20613,-62.02613,319.99,1.0,1.0,2026-09-09,1951,Aqua,MODIS,70,6.1NRT,297.66,10.64,D
-9.20606,-60.77896,322.86,1.03,1.01,2026-09-09,1951,Aqua,MODIS,47,6.1NRT,302.32,11.96,D
-9.20492,-65.78815,327.93,1.47,1.2,2026-09-09,1951,Aqua,MODIS,82,6.1NRT,299.49,32.57,D
-9.20314,-65.77527,350.54,1.47,1.2,2026-09-09,1951,Aqua,MODIS,96,6.1NRT,300.88,97.98,D
-9.20137,-65.76241,314.85,1.46,1.2,2026-09-09,1951,Aqua,MODIS,30,6.1NRT,298.7,10.0,D
-9.19242,-60.80888,326.28,1.03,1.01,2026-09-09,1951,Aqua,MODIS,75,6.1NRT,305.77,14.01,D
-9.19115,-59.69412,321.17,1.12,1.06,2026-09-09,1951,Aqua,MODIS,50,6.1NRT,300.31,12.39,D
-9.18303,-60.32145,319.69,1.06,1.03,2026-09-09,1951,Aqua,MODIS,71,6.1NRT,301.72,10.26,D
-9.17544,-60.3322,316.21,1.06,1.03,2026-09-09,1951,Aqua,MODIS,44,6.1NRT,301.42,6.65,D
-9.17404,-60.32287,326.39,1.06,1.03,2026-09-09,1951,Aqua,MODIS,79,6.1NRT,302.32,18.01,D
-9.16273,-58.29426,320.56,1.35,1.15,2026-09-09,1951,Aqua,MODIS,58,6.1NRT,302.43,12.38,D
-9.16168,-60.36304,402.15,1.06,1.03,2026-09-09,1951,Aqua,MODIS,100,6.1NRT,307.82,278.96,D
-9.16027,-60.35371,340.1,1.06,1.03,2026-09-09,1951,Aqua,MODIS,90,6.1NRT,301.09,36.86,D
-9.15681,-68.24792,313.53,2.28,1.46,2026-09-09,1951,Aqua,MODIS,62,6.1NRT,295.66,18.59,D
-9.15658,-60.26817,321.57,1.07,1.03,2026-09-09,1951,Aqua,MODIS,74,6.1NRT,301.39,12.65,D
-9.1527,-60.36443,392.86,1.06,1.03,2026-09-09,1951,Aqua,MODIS,100,6.1NRT,309.71,221.28,D
-9.15128,-60.3551,362.79,1.06,1.03,2026-09-09,1951,Aqua,MODIS,100,6.1NRT,303.36,91.96,D
-9.15021,-60.46926,317.78,1.05,1.02,2026-09-09,1951,Aqua,MODIS,68,6.1NRT,301.14,7.79,D
-9.14989,-60.77471,316.35,1.03,1.01,2026-09-09,1951,Aqua,MODIS,64,6.1NRT,301.19,6.72,D
-9.14861,-66.04379,314.63,1.53,1.22,2026-09-09,1951,Aqua,MODIS,61,6.1NRT,297.04,12.89,D
-9.14853,-60.76566,317.63,1.03,1.01,2026-09-09,1951,Aqua,MODIS,67,6.1NRT,301.43,7.47,D
-9.14781,-65.88138,320.38,1.49,1.21,2026-09-09,1951,Aqua,MODIS,74,6.1NRT,299.05,19.04,D
-9.14371,-60.36581,336.09,1.06,1.03,2026-09-09,1951,Aqua,MODIS,87,6.1NRT,302.44,30.94,D
-9.14229,-60.35647,319.49,1.06,1.03,2026-09-09,1951,Aqua,MODIS,65,6.1NRT,301.82,9.34,D
-9.13906,-65.8959,319.6,1.49,1.21,2026-09-09,1951,Aqua,MODIS,70,6.1NRT,298.44,18.12,D
-9.13725,-65.88284,335.96,1.49,1.21,2026-09-09,1951,Aqua,MODIS,88,6.1NRT,299.34,53.54,D
-9.1196,-60.38866,318.35,1.06,1.03,2026-09-09,1951,Aqua,MODIS,69,6.1NRT,302.2,8.93,D
-9.11416,-59.56308,315.87,1.14,1.07,2026-09-09,1951,Aqua,MODIS,65,6.1NRT,298.37,9.11,D
-9.10772,-61.41883,315.25,1.0,1.0,2026-09-09,1951,Aqua,MODIS,44,6.1NRT,300.06,6.0,D
-9.10655,-65.51118,323.1,1.4,1.17,2026-09-09,1951,Aqua,MODIS,29,6.1NRT,300.61,16.78,D
-9.10641,-61.40998,319.76,1.0,1.0,2026-09-09,1951,Aqua,MODIS,68,6.1NRT,300.85,9.56,D
-9.08459,-60.39973,327.33,1.06,1.03,2026-09-09,1951,Aqua,MODIS,80,6.1NRT,302.37,18.48,D
-9.08372,-67.88461,315.86,2.12,1.42,2026-09-09,1951,Aqua,MODIS,69,6.1NRT,295.68,25.69,D
-9.0813,-67.86599,324.28,2.12,1.41,2026-09-09,1951,Aqua,MODIS,79,6.1NRT,296.16,49.62,D
-9.07911,-67.87154,320.11,2.12,1.41,2026-09-09,1951,Aqua,MODIS,53,6.1NRT,296.07,33.54,D
-9.07448,-60.51516,319.08,1.05,1.02,2026-09-09,1951,Aqua,MODIS,70,6.1NRT,303.0,8.65,D
-9.07366,-60.44904,348.26,1.05,1.02,2026-09-09,1951,Aqua,MODIS,94,6.1NRT,305.14,51.81,D
-9.07225,-60.43976,344.1,1.05,1.02,2026-09-09,1951,Aqua,MODIS,92,6.1NRT,305.02,42.22,D
-9.07085,-60.43048,332.09,1.05,1.03,2026-09-09,1951,Aqua,MODIS,84,6.1NRT,304.73,22.29,D
-9.06554,-60.51655,315.58,1.05,1.02,2026-09-09,1951,Aqua,MODIS,27,6.1NRT,301.91,5.04,D
-9.06469,-60.45041,325.41,1.05,1.02,2026-09-09,1951,Aqua,MODIS,36,6.1NRT,304.97,13.06,D
-9.06329,-60.44113,332.04,1.05,1.02,2026-09-09,1951,Aqua,MODIS,84,6.1NRT,306.34,21.17,D
-9.06188,-60.43185,323.04,1.05,1.03,2026-09-09,1951,Aqua,MODIS,33,6.1NRT,303.44,10.08,D
-9.04667,-65.74372,331.0,1.45,1.19,2026-09-09,1951,Aqua,MODIS,84,6.1NRT,301.69,38.15,D
-9.0418,-65.42051,333.04,1.38,1.16,2026-09-09,1951,Aqua,MODIS,67,6.1NRT,294.95,39.76,D
-9.03625,-65.74523,328.15,1.45,1.19,2026-09-09,1951,Aqua,MODIS,82,6.1NRT,299.59,32.69,D
-9.03446,-65.73248,317.97,1.45,1.19,2026-09-09,1951,Aqua,MODIS,59,6.1NRT,300.79,14.1,D
-9.02434,-60.43481,320.16,1.05,1.03,2026-09-09,1951,Aqua,MODIS,65,6.1NRT,305.28,8.95,D
-9.02295,-60.4255,319.65,1.06,1.03,2026-09-09,1951,Aqua,MODIS,60,6.1NRT,305.31,8.88,D
-9.01978,-65.41125,337.33,1.38,1.16,2026-09-09,1951,Aqua,MODIS,63,6.1NRT,296.8,45.97,D
-9.00179,-60.58962,329.63,1.04,1.02,2026-09-09,1951,Aqua,MODIS,79,6.1NRT,306.31,19.72,D
-9.0011,-65.42033,359.8,1.38,1.16,2026-09-09,1951,Aqua,MODIS,99,6.1NRT,304.13,118.87,D
-9.00041,-60.58044,355.98,1.04,1.02,2026-09-09,1951,Aqua,MODIS,98,6.1NRT,305.58,70.54,D
-8.99939,-65.4082,368.17,1.37,1.16,2026-09-09,1951,Aqua,MODIS,100,6.1NRT,301.42,158.97,D
-8.99286,-60.59098,333.65,1.04,1.02,2026-09-09,1951,Aqua,MODIS,85,6.1NRT,307.61,25.18,D
-8.99263,-65.4339,331.2,1.38,1.16,2026-09-09,1951,Aqua,MODIS,68,6.1NRT,301.1,32.65,D
-8.99148,-60.58181,373.55,1.04,1.02,2026-09-09,1951,Aqua,MODIS,100,6.1NRT,310.78,126.23,D
-8.99092,-65.42177,343.78,1.38,1.16,2026-09-09,1951,Aqua,MODIS,92,6.1NRT,301.44,63.9,D
-8.99009,-60.57261,355.2,1.04,1.02,2026-09-09,1951,Aqua,MODIS,97,6.1NRT,306.11,68.85,D
-8.98922,-65.40965,341.19,1.37,1.16,2026-09-09,1951,Aqua,MODIS,91,6.1NRT,299.41,57.99,D
-8.98752,-65.39755,320.32,1.37,1.16,2026-09-09,1951,Aqua,MODIS,57,6.1NRT,298.04,17.5,D
-8.98582,-65.38547,317.82,1.37,1.16,2026-09-09,1951,Aqua,MODIS,38,6.1NRT,297.97,14.14,D
-8.98254,-60.58316,327.64,1.04,1.02,2026-09-09,1951,Aqua,MODIS,80,6.1NRT,303.43,18.31,D
-8.98115,-60.57397,324.79,1.04,1.02,2026-09-09,1951,Aqua,MODIS,78,6.1NRT,302.72,14.77,D
-8.96716,-64.36124,312.2,1.19,1.08,2026-09-09,1951,Aqua,MODIS,61,6.1NRT,296.87,6.26,D
-8.92727,-66.86095,315.91,1.75,1.3,2026-09-09,1951,Aqua,MODIS,56,6.1NRT,296.73,19.03,D
-8.90051,-62.34065,315.3,1.01,1.0,2026-09-09,1951,Aqua,MODIS,61,6.1NRT,299.48,6.63,D
-8.89921,-62.33179,317.55,1.01,1.0,2026-09-09,1951,Aqua,MODIS,69,6.1NRT,299.82,9.16,D
-8.8986,-61.45054,330.35,1.0,1.0,2026-09-09,1951,Aqua,MODIS,83,6.1NRT,305.62,20.69,D
-8.89599,-61.43285,364.72,1.0,1.0,2026-09-09,1951,Aqua,MODIS,100,6.1NRT,306.92,91.72,D
-8.89469,-61.424,333.28,1.01,1.0,2026-09-09,1951,Aqua,MODIS,85,6.1NRT,300.62,25.23,D
-8.88853,-61.44304,327.89,1.0,1.0,2026-09-09,1951,Aqua,MODIS,81,6.1NRT,304.92,17.5,D
-8.88722,-61.43419,328.8,1.0,1.0,2026-09-09,1951,Aqua,MODIS,82,6.1NRT,302.51,19.04,D
-8.84922,-62.37223,326.6,1.01,1.0,2026-09-09,1951,Aqua,MODIS,77,6.1NRT,299.43,16.28,D
-8.84792,-62.36336,328.84,1.01,1.0,2026-09-09,1951,Aqua,MODIS,82,6.1NRT,299.95,19.22,D
-8.8401,-63.83879,316.9,1.11,1.05,2026-09-09,1951,Aqua,MODIS,70,6.1NRT,298.95,9.63,D
-8.83914,-62.36468,316.64,1.01,1.0,2026-09-09,1951,Aqua,MODIS,51,6.1NRT,299.97,7.05,D
-8.82211,-62.49437,323.57,1.01,1.01,2026-09-09,1951,Aqua,MODIS,44,6.1NRT,300.35,11.5,D
-8.82082,-62.48546,339.27,1.01,1.01,2026-09-09,1951,Aqua,MODIS,89,6.1NRT,302.28,33.72,D
-8.75041,-62.39344,341.91,1.01,1.0,2026-09-09,1951,Aqua,MODIS,89,6.1NRT,298.99,38.9,D
-8.74162,-62.39476,347.45,1.01,1.0,2026-09-09,1951,Aqua,MODIS,94,6.1NRT,302.33,49.86,D
-8.74032,-62.38589,321.62,1.01,1.0,2026-09-09,1951,Aqua,MODIS,20,6.1NRT,299.91,11.35,D
-8.73284,-62.39608,330.85,1.01,1.0,2026-09-09,1951,Aqua,MODIS,61,6.1NRT,302.47,20.34,D
-8.72566,-63.75263,318.93,1.1,1.05,2026-09-09,1951,Aqua,MODIS,66,6.1NRT,300.15,10.27,D
-8.72534,-62.40626,338.54,1.01,1.0,2026-09-09,1951,Aqua,MODIS,78,6.1NRT,303.8,29.9,D
-8.71165,-62.43551,326.69,1.01,1.0,2026-09-09,1951,Aqua,MODIS,55,6.1NRT,302.17,12.46,D
-8.69535,-62.44702,354.54,1.01,1.0,2026-09-09,1951,Aqua,MODIS,97,6.1NRT,305.7,60.3,D
-8.69407,-62.43815,392.2,1.01,1.0,2026-09-09,1951,Aqua,MODIS,100,6.1NRT,307.94,199.57,D
-8.68914,-62.46612,342.51,1.01,1.0,2026-09-09,1951,Aqua,MODIS,91,6.1NRT,303.73,39.29,D
-8.68785,-62.45723,365.4,1.01,1.0,2026-09-09,1951,Aqua,MODIS,100,6.1NRT,307.88,92.21,D
-8.68656,-62.44835,357.79,1.01,1.0,2026-09-09,1951,Aqua,MODIS,99,6.1NRT,306.87,68.86,D
-8.68528,-62.43948,386.62,1.01,1.0,2026-09-09,1951,Aqua,MODIS,100,6.1NRT,308.4,172.33,D
-8.68399,-62.4306,330.19,1.01,1.0,2026-09-09,1951,Aqua,MODIS,66,6.1NRT,302.81,18.55,D
-8.678,-62.46464,324.51,1.01,1.0,2026-09-09,1951,Aqua,MODIS,41,6.1NRT,303.97,13.66,D
-8.67671,-62.45576,333.56,1.01,1.0,2026-09-09,1951,Aqua,MODIS,74,6.1NRT,305.76,25.72,D
-8.67541,-62.44688,324.38,1.01,1.0,2026-09-09,1951,Aqua,MODIS,32,6.1NRT,305.44,14.34,D
-8.67271,-61.41586,349.49,1.01,1.0,2026-09-09,1951,Aqua,MODIS,95,6.1NRT,303.6,54.44,D
-8.67139,-61.40701,327.98,1.01,1.0,2026-09-09,1951,Aqua,MODIS,81,6.1NRT,302.43,19.26,D
-8.66758,-66.55942,315.07,1.65,1.26,2026-09-09,1951,Aqua,MODIS,35,6.1NRT,297.45,11.9,D
-8.66393,-61.4172,320.28,1.01,1.0,2026-09-09,1951,Aqua,MODIS,72,6.1NRT,303.1,11.31,D
-8.62864,-66.52085,332.57,1.63,1.26,2026-09-09,1951,Aqua,MODIS,86,6.1NRT,299.93,51.77,D
-8.62671,-66.5065,323.36,1.63,1.26,2026-09-09,1951,Aqua,MODIS,74,6.1NRT,296.85,29.93,D
-8.62639,-61.10423,322.5,1.02,1.01,2026-09-09,1951,Aqua,MODIS,75,6.1NRT,302.63,12.32,D
-8.61757,-61.10558,324.17,1.02,1.01,2026-09-09,1951,Aqua,MODIS,77,6.1NRT,304.53,14.25,D
-8.56718,-69.92169,314.35,3.05,1.66,2026-09-09,1951,Aqua,MODIS,68,6.1NRT,293.66,42.45,D
-8.35832,-62.92985,334.57,1.03,1.01,2026-09-09,1951,Aqua,MODIS,87,6.1NRT,300.06,27.93,D
-8.25908,-62.88654,328.09,1.02,1.01,2026-09-09,1951,Aqua,MODIS,72,6.1NRT,295.8,22.66,D
-8.23404,-61.39597,316.07,1.01,1.0,2026-09-09,1951,Aqua,MODIS,45,6.1NRT,302.88,6.63,D
-8.17003,-62.90549,368.96,1.02,1.01,2026-09-09,1951,Aqua,MODIS,94,6.1NRT,294.39,114.12,D
-8.16873,-62.8965,349.27,1.02,1.01,2026-09-09,1951,Aqua,MODIS,90,6.1NRT,293.36,58.18,D
-8.16742,-62.88751,330.45,1.02,1.01,2026-09-09,1951,Aqua,MODIS,80,6.1NRT,292.78,27.65,D
-8.06228,-61.28228,329.58,1.02,1.01,2026-09-09,1951,Aqua,MODIS,83,6.1NRT,302.91,21.13,D
-8.06094,-61.27335,341.87,1.02,1.01,2026-09-09,1951,Aqua,MODIS,91,6.1NRT,304.81,40.06,D
-8.03175,-65.95279,335.38,1.45,1.19,2026-09-09,1951,Aqua,MODIS,88,6.1NRT,296.79,53.02,D
-8.02998,-65.94008,317.32,1.45,1.19,2026-09-09,1951,Aqua,MODIS,72,6.1NRT,296.32,16.67,D
-8.00907,-61.98892,312.32,1.0,1.0,2026-09-09,1951,Aqua,MODIS,59,6.1NRT,298.06,5.41,D
-8.00778,-61.98014,312.26,1.0,1.0,2026-09-09,1951,Aqua,MODIS,58,6.1NRT,298.12,5.28,D
-7.97312,-69.90206,309.43,2.97,1.64,2026-09-09,1951,Aqua,MODIS,53,6.1NRT,293.16,23.75,D
-7.96982,-69.90931,310.18,2.97,1.64,2026-09-09,1951,Aqua,MODIS,53,6.1NRT,292.8,26.15,D
-7.93306,-61.80038,319.33,1.0,1.0,2026-09-09,1951,Aqua,MODIS,72,6.1NRT,301.26,10.05,D
-7.73897,-61.10849,316.29,1.03,1.01,2026-09-09,1951,Aqua,MODIS,67,6.1NRT,301.35,6.78,D
-7.73763,-61.09947,315.74,1.03,1.01,2026-09-09,1951,Aqua,MODIS,66,6.1NRT,301.23,6.44,D
-7.60964,-60.79264,315.67,1.05,1.02,2026-09-09,1951,Aqua,MODIS,66,6.1NRT,297.66,9.53,D
-7.56804,-61.38531,328.0,1.02,1.01,2026-09-09,1951,Aqua,MODIS,75,6.1NRT,302.76,18.87,D
-7.56672,-61.37639,347.09,1.02,1.01,2026-09-09,1951,Aqua,MODIS,94,6.1NRT,303.66,48.93,D
-7.5579,-61.37775,317.01,1.02,1.01,2026-09-09,1951,Aqua,MODIS,28,6.1NRT,301.47,7.17,D
-7.54244,-61.33448,326.21,1.02,1.01,2026-09-09,1951,Aqua,MODIS,80,6.1NRT,302.3,14.99,D
-7.47306,-59.83924,319.25,1.16,1.07,2026-09-09,1951,Aqua,MODIS,73,6.1NRT,299.16,12.8,D
-7.31153,-59.74124,329.73,1.17,1.08,2026-09-09,1951,Aqua,MODIS,83,6.1NRT,301.06,26.63,D
-6.96511,-59.76708,336.95,1.18,1.08,2026-09-09,1951,Aqua,MODIS,89,6.1NRT,301.75,38.02,D
-6.96355,-59.75671,335.96,1.18,1.08,2026-09-09,1951,Aqua,MODIS,88,6.1NRT,301.3,36.49,D
-6.96197,-59.7463,319.18,1.19,1.08,2026-09-09,1951,Aqua,MODIS,75,6.1NRT,302.44,11.08,D
-6.95565,-59.76853,332.38,1.18,1.08,2026-09-09,1951,Aqua,MODIS,86,6.1NRT,302.15,28.93,D
-6.95409,-59.7582,340.69,1.18,1.08,2026-09-09,1951,Aqua,MODIS,91,6.1NRT,303.91,45.11,D
-6.95251,-59.74783,327.74,1.19,1.08,2026-09-09,1951,Aqua,MODIS,83,6.1NRT,303.43,21.89,D
-6.90536,-62.97802,327.26,1.01,1.01,2026-09-09,1951,Aqua,MODIS,62,6.1NRT,299.5,18.89,D
-6.82759,-58.99575,317.97,1.32,1.14,2026-09-09,1951,Aqua,MODIS,64,6.1NRT,277.87,18.48,D
-6.82581,-58.98418,310.72,1.32,1.14,2026-09-09,1951,Aqua,MODIS,28,6.1NRT,277.98,9.37,D
-6.81046,-58.95097,316.94,1.33,1.14,2026-09-09,1951,Aqua,MODIS,61,6.1NRT,278.56,16.75,D
-6.80047,-58.95251,340.34,1.33,1.14,2026-09-09,1951,Aqua,MODIS,86,6.1NRT,280.01,59.34,D
-6.79696,-58.79718,318.89,1.36,1.16,2026-09-09,1951,Aqua,MODIS,75,6.1NRT,283.16,21.03,D
-6.79511,-58.78521,307.22,1.36,1.16,2026-09-09,1951,Aqua,MODIS,43,6.1NRT,283.47,6.65,D
-6.79141,-58.89433,381.22,1.34,1.15,2026-09-09,1951,Aqua,MODIS,75,6.1NRT,286.79,234.76,D
-6.78959,-58.88261,334.8,1.34,1.15,2026-09-09,1951,Aqua,MODIS,76,6.1NRT,283.21,46.14,D
-6.77955,-58.88418,342.51,1.34,1.15,2026-09-09,1951,Aqua,MODIS,92,6.1NRT,283.86,65.91,D
-6.77771,-58.87243,315.71,1.35,1.15,2026-09-09,1951,Aqua,MODIS,66,6.1NRT,283.31,14.74,D
-6.77536,-59.73435,326.66,1.19,1.09,2026-09-09,1951,Aqua,MODIS,72,6.1NRT,302.11,20.12,D
-6.77379,-59.72394,324.79,1.2,1.09,2026-09-09,1951,Aqua,MODIS,63,6.1NRT,300.24,17.89,D
-6.77223,-59.43523,373.0,1.24,1.11,2026-09-09,1951,Aqua,MODIS,100,6.1NRT,299.58,160.19,D
-6.77054,-59.42431,336.22,1.24,1.11,2026-09-09,1951,Aqua,MODIS,89,6.1NRT,293.49,38.55,D
-6.68367,-59.93486,328.94,1.17,1.08,2026-09-09,1951,Aqua,MODIS,84,6.1NRT,299.53,25.78,D
-6.68211,-59.92463,340.88,1.17,1.08,2026-09-09,1951,Aqua,MODIS,91,6.1NRT,298.38,48.35,D
-6.63861,-59.44609,335.83,1.24,1.11,2026-09-09,1951,Aqua,MODIS,88,6.1NRT,302.6,40.71,D
-6.63698,-59.43538,325.02,1.25,1.11,2026-09-09,1951,Aqua,MODIS,81,6.1NRT,298.95,21.11,D
-6.60888,-58.39169,309.93,1.46,1.19,2026-09-09,1951,Aqua,MODIS,0,6.1NRT,290.22,8.65,D
-6.56272,-62.90273,317.0,1.01,1.0,2026-09-09,1951,Aqua,MODIS,39,6.1NRT,290.87,9.9,D
-6.56143,-62.8939,386.26,1.01,1.0,2026-09-09,1951,Aqua,MODIS,100,6.1NRT,300.77,177.19,D
-6.56015,-62.88508,356.04,1.01,1.0,2026-09-09,1951,Aqua,MODIS,98,6.1NRT,299.16,70.82,D
-6.55394,-62.90403,424.71,1.01,1.0,2026-09-09,1951,Aqua,MODIS,94,6.1NRT,305.65,434.98,D
-6.55265,-62.89521,400.05,1.01,1.0,2026-09-09,1951,Aqua,MODIS,100,6.1NRT,303.41,249.73,D
-6.55136,-62.88639,346.15,1.01,1.0,2026-09-09,1951,Aqua,MODIS,94,6.1NRT,300.01,48.38,D
-6.49234,-59.95572,315.54,1.17,1.08,2026-09-09,1951,Aqua,MODIS,70,6.1NRT,298.12,9.54,D
-6.46133,-60.03907,327.61,1.16,1.07,2026-09-09,1951,Aqua,MODIS,83,6.1NRT,297.95,22.87,D
-6.45981,-60.02895,334.12,1.16,1.07,2026-09-09,1951,Aqua,MODIS,87,6.1NRT,299.09,33.83,D
-6.45196,-60.04056,317.2,1.16,1.07,2026-09-09,1951,Aqua,MODIS,72,6.1NRT,297.57,9.49,D
-6.09229,-57.90001,326.03,1.62,1.25,2026-09-09,1951,Aqua,MODIS,70,6.1NRT,285.75,47.66,D
-6.67399,-70.90036,304.7,3.41,1.74,2026-09-09,1953,Aqua,MODIS,12,6.1NRT,286.29,28.16,D
-6.27246,-62.74814,336.39,1.0,1.0,2026-09-09,1953,Aqua,MODIS,89,6.1NRT,298.98,31.78,D
-6.27117,-62.73937,350.96,1.0,1.0,2026-09-09,1953,Aqua,MODIS,96,6.1NRT,300.44,58.64,D
-5.92613,-63.48246,313.86,1.03,1.01,2026-09-09,1953,Aqua,MODIS,68,6.1NRT,293.22,7.2,D
-5.91726,-63.48375,311.36,1.03,1.01,2026-09-09,1953,Aqua,MODIS,52,6.1NRT,295.14,5.18,D
-5.91596,-63.4748,329.73,1.03,1.01,2026-09-09,1953,Aqua,MODIS,85,6.1NRT,294.48,24.11,D
-5.37537,-56.04129,318.68,2.34,1.48,2026-09-09,1953,Aqua,MODIS,55,6.1NRT,295.57,36.5,D
-5.37202,-56.02099,325.33,2.35,1.48,2026-09-09,1953,Aqua,MODIS,61,6.1NRT,295.84,59.6,D
-5.35986,-56.03049,312.7,2.35,1.48,2026-09-09,1953,Aqua,MODIS,0,6.1NRT,296.08,19.45,D
-5.28496,-55.96368,334.71,2.39,1.49,2026-09-09,1953,Aqua,MODIS,87,6.1NRT,294.49,101.48,D
-5.28188,-55.95904,328.11,2.39,1.49,2026-09-09,1953,Aqua,MODIS,82,6.1NRT,294.6,69.39,D
-5.14022,-55.9744,322.28,2.4,1.49,2026-09-09,1953,Aqua,MODIS,77,6.1NRT,296.12,45.82,D
-4.88996,-66.94777,315.76,1.54,1.22,2026-09-09,1953,Aqua,MODIS,71,6.1NRT,297.02,15.49,D
-4.24605,-62.23135,313.46,1.01,1.01,2026-09-09,1953,Aqua,MODIS,66,6.1NRT,298.35,5.73,D
-4.19241,-59.9562,309.36,1.25,1.11,2026-09-09,1953,Aqua,MODIS,21,6.1NRT,282.89,8.7,D
-4.15864,-60.70552,319.84,1.14,1.06,2026-09-09,1953,Aqua,MODIS,62,6.1NRT,298.35,12.15,D
-4.0666,-69.60459,308.92,2.42,1.5,2026-09-09,1953,Aqua,MODIS,63,6.1NRT,293.68,16.27,D
-4.06441,-69.59801,313.63,2.42,1.5,2026-09-09,1953,Aqua,MODIS,71,6.1NRT,293.64,26.14,D
-4.05896,-59.75698,314.41,1.29,1.13,2026-09-09,1953,Aqua,MODIS,58,6.1NRT,295.48,11.63,D
-4.05724,-59.74572,314.4,1.29,1.13,2026-09-09,1953,Aqua,MODIS,58,6.1NRT,297.13,11.17,D
-3.95901,-59.36259,315.07,1.38,1.16,2026-09-09,1953,Aqua,MODIS,44,6.1NRT,296.14,10.21,D
-3.90517,-60.93363,340.61,1.12,1.05,2026-09-09,1953,Aqua,MODIS,91,6.1NRT,299.37,45.83,D
-3.90373,-60.92391,339.43,1.12,1.05,2026-09-09,1953,Aqua,MODIS,90,6.1NRT,298.14,43.32,D
-3.79411,-59.69932,313.99,1.31,1.14,2026-09-09,1953,Aqua,MODIS,62,6.1NRT,298.29,7.68,D
-3.76842,-59.39182,339.19,1.38,1.16,2026-09-09,1953,Aqua,MODIS,89,6.1NRT,297.63,57.49,D
-3.71629,-58.51069,315.45,1.6,1.25,2026-09-09,1953,Aqua,MODIS,38,6.1NRT,295.12,16.35,D
-3.66369,-58.90964,321.77,1.5,1.21,2026-09-09,1953,Aqua,MODIS,75,6.1NRT,297.91,22.68,D
-3.6617,-58.89661,322.32,1.5,1.21,2026-09-09,1953,Aqua,MODIS,67,6.1NRT,297.05,22.87,D
-3.63859,-59.49169,317.67,1.36,1.16,2026-09-09,1953,Aqua,MODIS,52,6.1NRT,298.77,12.75,D
-3.61998,-59.09378,319.97,1.46,1.19,2026-09-09,1953,Aqua,MODIS,73,6.1NRT,297.95,17.58,D
-3.5953,-59.0717,325.09,1.46,1.19,2026-09-09,1953,Aqua,MODIS,79,6.1NRT,298.45,25.76,D
-3.54272,-59.04632,331.89,1.47,1.2,2026-09-09,1953,Aqua,MODIS,85,6.1NRT,299.75,39.32,D
-3.48186,-60.01292,317.06,1.27,1.12,2026-09-09,1953,Aqua,MODIS,69,6.1NRT,297.93,10.88,D
-3.4802,-60.00185,314.53,1.27,1.12,2026-09-09,1953,Aqua,MODIS,56,6.1NRT,297.34,7.65,D
-3.45896,-59.99374,317.36,1.27,1.12,2026-09-09,1953,Aqua,MODIS,66,6.1NRT,297.55,11.36,D
-3.44039,-60.22625,315.96,1.23,1.1,2026-09-09,1953,Aqua,MODIS,68,6.1NRT,297.34,10.78,D
-3.43957,-59.26178,329.37,1.42,1.18,2026-09-09,1953,Aqua,MODIS,83,6.1NRT,300.39,32.7,D
-3.43769,-59.24942,324.01,1.43,1.18,2026-09-09,1953,Aqua,MODIS,78,6.1NRT,298.39,21.67,D
-3.40506,-60.31881,334.03,1.22,1.1,2026-09-09,1953,Aqua,MODIS,0,6.1NRT,292.04,38.23,D
-3.39686,-60.13343,316.27,1.25,1.11,2026-09-09,1953,Aqua,MODIS,68,6.1NRT,298.0,10.36,D
-3.3751,-59.43989,335.96,1.39,1.17,2026-09-09,1953,Aqua,MODIS,87,6.1NRT,295.84,46.3,D
-3.37327,-59.42781,343.57,1.39,1.17,2026-09-09,1953,Aqua,MODIS,92,6.1NRT,299.04,65.23,D
-3.36959,-59.40359,321.7,1.4,1.17,2026-09-09,1953,Aqua,MODIS,63,6.1NRT,301.47,15.0,D
-3.36307,-59.42936,325.27,1.39,1.17,2026-09-09,1953,Aqua,MODIS,59,6.1NRT,298.62,21.23,D
-3.31616,-59.31831,316.45,1.42,1.18,2026-09-09,1953,Aqua,MODIS,60,6.1NRT,299.28,8.35,D
-3.25399,-57.89583,311.44,1.82,1.32,2026-09-09,1953,Aqua,MODIS,41,6.1NRT,291.47,12.51,D
-3.19445,-61.18891,314.31,1.11,1.05,2026-09-09,1953,Aqua,MODIS,66,6.1NRT,281.51,9.91,D
-3.16091,-60.66106,346.85,1.17,1.08,2026-09-09,1953,Aqua,MODIS,94,6.1NRT,298.6,62.31,D
-3.15972,-61.1448,307.88,1.11,1.05,2026-09-09,1953,Aqua,MODIS,29,6.1NRT,280.86,5.62,D
-3.15935,-60.65081,334.89,1.18,1.08,2026-09-09,1953,Aqua,MODIS,87,6.1NRT,298.32,35.72,D
-3.15148,-60.66246,316.25,1.17,1.08,2026-09-09,1953,Aqua,MODIS,63,6.1NRT,297.62,8.9,D
-3.14991,-60.6522,325.13,1.18,1.08,2026-09-09,1953,Aqua,MODIS,80,6.1NRT,298.78,19.22,D
-3.14172,-60.63911,331.65,1.18,1.08,2026-09-09,1953,Aqua,MODIS,85,6.1NRT,300.96,31.0,D
-3.14021,-60.62885,331.65,1.18,1.08,2026-09-09,1953,Aqua,MODIS,85,6.1NRT,299.44,31.08,D
-3.06257,-59.28068,310.87,1.44,1.19,2026-09-09,1953,Aqua,MODIS,28,6.1NRT,291.03,7.24,D
-3.06065,-59.26815,311.67,1.44,1.19,2026-09-09,1953,Aqua,MODIS,26,6.1NRT,292.61,7.84,D
-3.04448,-59.23196,315.96,1.45,1.19,2026-09-09,1953,Aqua,MODIS,64,6.1NRT,296.19,12.92,D
-3.04254,-59.21935,316.22,1.46,1.19,2026-09-09,1953,Aqua,MODIS,65,6.1NRT,297.25,13.27,D
-2.77243,-59.52606,326.08,1.4,1.17,2026-09-09,1953,Aqua,MODIS,80,6.1NRT,295.66,28.88,D
-2.74299,-57.63808,320.57,1.95,1.36,2026-09-09,1953,Aqua,MODIS,74,6.1NRT,293.94,30.55,D
-2.74041,-57.62121,336.95,1.95,1.36,2026-09-09,1953,Aqua,MODIS,83,6.1NRT,295.83,84.25,D
-2.72591,-57.60609,317.98,1.96,1.37,2026-09-09,1953,Aqua,MODIS,34,6.1NRT,296.0,21.81,D
-2.5306,-59.56276,316.08,1.4,1.17,2026-09-09,1953,Aqua,MODIS,68,6.1NRT,295.1,11.87,D
-2.52873,-59.55055,318.15,1.4,1.17,2026-09-09,1953,Aqua,MODIS,71,6.1NRT,295.83,14.96,D
-2.40025,-57.88586,312.8,1.89,1.34,2026-09-09,1953,Aqua,MODIS,58,6.1NRT,295.8,12.21,D
-2.0097,-60.04702,315.57,1.32,1.14,2026-09-09,1953,Aqua,MODIS,69,6.1NRT,295.58,12.05,D
0.11957,-60.62916,309.44,1.3,1.13,2026-09-09,1953,Aqua,MODIS,65,6.1NRT,284.45,9.19,D
0.12122,-60.61789,307.37,1.3,1.13,2026-09-09,1953,Aqua,MODIS,60,6.1NRT,282.25,6.96,D
2.66335,-60.18663,344.6,1.53,1.22,2026-09-09,1955,Aqua,MODIS,92,6.1NRT,298.28,80.46,D
2.81349,-63.69033,313.45,1.01,1.01,2026-09-09,1955,Aqua,MODIS,70,6.1NRT,292.96,9.71,D
2.81478,-63.68153,330.6,1.01,1.01,2026-09-09,1955,Aqua,MODIS,86,6.1NRT,295.81,27.54,D
2.97458,-60.73637,315.95,1.41,1.17,2026-09-09,1955,Aqua,MODIS,56,6.1NRT,296.08,13.58,D
3.43578,-64.4909,313.67,1.0,1.0,2026-09-09,1955,Aqua,MODIS,68,6.1NRT,295.16,8.81,D
3.60842,-59.51973,324.19,1.78,1.31,2026-09-09,1955,Aqua,MODIS,76,6.1NRT,297.51,30.07,D
4.30375,-60.61656,321.38,1.5,1.21,2026-09-09,1955,Aqua,MODIS,62,6.1NRT,300.68,16.28,D
4.40494,-60.238,319.82,1.61,1.25,2026-09-09,1955,Aqua,MODIS,72,6.1NRT,299.76,16.25,D
4.40679,-60.2248,325.07,1.62,1.25,2026-09-09,1955,Aqua,MODIS,78,6.1NRT,299.66,27.7,D
-20.2439,-40.23864,312.7,1.11,1.05,2026-09-09,2341,Terra,MODIS,39,6.1NRT,289.03,13.42,N
-20.23467,-40.24025,301.85,1.11,1.05,2026-09-09,2341,Terra,MODIS,13,6.1NRT,285.73,6.34,N
-18.04005,-43.0261,302.25,1.0,1.0,2026-09-09,2341,Terra,MODIS,48,6.1NRT,288.71,5.54,N
-18.03879,-43.01688,307.96,1.0,1.0,2026-09-09,2341,Terra,MODIS,73,6.1NRT,288.77,9.23,N
-15.79147,-43.55527,306.22,1.0,1.0,2026-09-09,2341,Terra,MODIS,67,6.1NRT,294.26,4.95,N
-15.79022,-43.54615,311.74,1.0,1.0,2026-09-09,2341,Terra,MODIS,83,6.1NRT,294.56,8.78,N
-15.7839,-43.5657,327.79,1.0,1.0,2026-09-09,2341,Terra,MODIS,100,6.1NRT,294.72,23.64,N
-15.78266,-43.55658,332.57,1.0,1.0,2026-09-09,2341,Terra,MODIS,100,6.1NRT,295.07,29.93,N
-15.78141,-43.54747,318.72,1.0,1.0,2026-09-09,2341,Terra,MODIS,97,6.1NRT,294.31,14.27,N
-15.58142,-46.73732,301.96,1.32,1.14,2026-09-09,2341,Terra,MODIS,46,6.1NRT,291.23,5.41,N
-15.45474,-41.87829,304.65,1.06,1.03,2026-09-09,2341,Terra,MODIS,61,6.1NRT,289.62,6.79,N
-15.32837,-47.25619,311.22,1.42,1.18,2026-09-09,2341,Terra,MODIS,82,6.1NRT,292.07,15.33,N
-15.32682,-47.24335,315.91,1.42,1.18,2026-09-09,2341,Terra,MODIS,92,6.1NRT,292.51,21.38,N
-15.29934,-42.53621,307.89,1.02,1.01,2026-09-09,2341,Terra,MODIS,73,6.1NRT,290.53,8.1,N
-15.29803,-42.52696,316.04,1.02,1.01,2026-09-09,2341,Terra,MODIS,92,6.1NRT,291.21,14.34,N
-15.22296,-49.39894,311.56,2.04,1.39,2026-09-09,2341,Terra,MODIS,83,6.1NRT,290.22,31.19,N
-14.9175,-49.59278,301.31,2.09,1.41,2026-09-09,2341,Terra,MODIS,40,6.1NRT,290.88,8.63,N
-14.91531,-49.5738,319.77,2.08,1.4,2026-09-09,2341,Terra,MODIS,99,6.1NRT,291.46,48.27,N
-14.91078,-44.67285,310.1,1.04,1.02,2026-09-09,2341,Terra,MODIS,69,6.1NRT,294.26,9.21,N
-14.9051,-49.59412,301.77,2.09,1.41,2026-09-09,2341,Terra,MODIS,44,6.1NRT,290.76,9.47,N
-14.90306,-44.68356,308.42,1.04,1.02,2026-09-09,2341,Terra,MODIS,74,6.1NRT,292.15,8.33,N
-14.90291,-49.57505,321.99,2.08,1.4,2026-09-09,2341,Terra,MODIS,100,6.1NRT,291.02,54.72,N
-14.90181,-44.67412,302.18,1.04,1.02,2026-09-09,2341,Terra,MODIS,41,6.1NRT,292.14,4.17,N
-14.854,-48.17215,302.84,1.62,1.25,2026-09-09,2341,Terra,MODIS,52,6.1NRT,290.66,8.78,N
-14.85288,-48.17773,301.44,1.62,1.25,2026-09-09,2341,Terra,MODIS,41,6.1NRT,290.49,7.81,N
-14.22416,-43.743,308.37,1.0,1.0,2026-09-09,2341,Terra,MODIS,69,6.1NRT,295.6,5.44,N
-14.19657,-41.60481,304.97,1.11,1.05,2026-09-09,2341,Terra,MODIS,62,6.1NRT,293.54,5.23,N
-14.13139,-44.01786,308.87,1.0,1.0,2026-09-09,2341,Terra,MODIS,56,6.1NRT,295.75,5.29,N
-14.13015,-44.0088,313.38,1.0,1.0,2026-09-09,2341,Terra,MODIS,85,6.1NRT,295.93,8.63,N
-14.12257,-44.01915,309.83,1.0,1.0,2026-09-09,2341,Terra,MODIS,74,6.1NRT,295.7,5.86,N
-14.12134,-44.01009,314.6,1.0,1.0,2026-09-09,2341,Terra,MODIS,88,6.1NRT,296.0,9.53,N
-13.81868,-42.17492,303.96,1.06,1.03,2026-09-09,2341,Terra,MODIS,55,6.1NRT,293.02,4.59,N
-13.77705,-43.64653,306.07,1.0,1.0,2026-09-09,2341,Terra,MODIS,64,6.1NRT,295.39,3.94,N
-13.53671,-43.30768,326.52,1.01,1.0,2026-09-09,2341,Terra,MODIS,100,6.1NRT,295.93,21.78,N
-13.44401,-43.83953,357.39,1.0,1.0,2026-09-09,2341,Terra,MODIS,100,6.1NRT,298.61,75.7,N
-13.44278,-43.83053,326.07,1.0,1.0,2026-09-09,2341,Terra,MODIS,100,6.1NRT,296.32,20.26,N
-13.43522,-43.84082,336.65,1.0,1.0,2026-09-09,2341,Terra,MODIS,100,6.1NRT,294.44,34.17,N
-13.43398,-43.83183,313.17,1.0,1.0,2026-09-09,2341,Terra,MODIS,86,6.1NRT,294.63,7.77,N
-13.73679,-48.98021,303.88,1.8,1.31,2026-09-09,2344,Terra,MODIS,57,6.1NRT,293.08,9.33,N
-12.88348,-47.42394,305.05,1.35,1.15,2026-09-09,2344,Terra,MODIS,60,6.1NRT,294.09,6.84,N
-12.86904,-44.35109,328.67,1.01,1.0,2026-09-09,2344,Terra,MODIS,97,6.1NRT,290.09,22.08,N
-12.86782,-44.34208,339.73,1.01,1.0,2026-09-09,2344,Terra,MODIS,100,6.1NRT,287.04,38.7,N
-12.86659,-44.33306,336.1,1.01,1.0,2026-09-09,2344,Terra,MODIS,100,6.1NRT,286.19,33.83,N
-12.86536,-44.32405,328.02,1.0,1.0,2026-09-09,2344,Terra,MODIS,67,6.1NRT,286.91,22.77,N
-12.86413,-44.31505,319.52,1.0,1.0,2026-09-09,2344,Terra,MODIS,28,6.1NRT,285.72,14.43,N
-12.86145,-44.36138,319.85,1.01,1.0,2026-09-09,2344,Terra,MODIS,95,6.1NRT,293.85,13.89,N
-12.86022,-44.35236,351.66,1.01,1.0,2026-09-09,2344,Terra,MODIS,100,6.1NRT,293.6,62.32,N
-12.859,-44.34334,422.88,1.01,1.0,2026-09-09,2344,Terra,MODIS,100,6.1NRT,302.86,418.17,N
-12.85777,-44.33433,418.83,1.01,1.0,2026-09-09,2344,Terra,MODIS,100,6.1NRT,304.55,383.79,N
-12.85654,-44.32532,333.77,1.0,1.0,2026-09-09,2344,Terra,MODIS,100,6.1NRT,292.12,27.95,N
-12.85532,-44.31631,327.83,1.0,1.0,2026-09-09,2344,Terra,MODIS,98,6.1NRT,287.77,21.43,N
-12.85386,-44.37167,312.87,1.01,1.0,2026-09-09,2344,Terra,MODIS,11,6.1NRT,295.47,7.82,N
-12.85263,-44.36265,326.23,1.01,1.0,2026-09-09,2344,Terra,MODIS,99,6.1NRT,295.75,19.96,N
-12.85141,-44.35363,345.43,1.01,1.0,2026-09-09,2344,Terra,MODIS,100,6.1NRT,297.64,48.25,N
-12.85018,-44.34462,499.97,1.01,1.0,2026-09-09,2344,Terra,MODIS,100,6.1NRT,324.43,1611.27,N
-12.84896,-44.3356,499.97,1.01,1.0,2026-09-09,2344,Terra,MODIS,100,6.1NRT,326.59,1611.19,N
-12.84381,-44.36393,324.97,1.01,1.0,2026-09-09,2344,Terra,MODIS,55,6.1NRT,295.8,17.73,N
-12.84259,-44.35491,322.49,1.01,1.0,2026-09-09,2344,Terra,MODIS,57,6.1NRT,297.83,15.3,N
-12.84137,-44.34589,499.97,1.01,1.0,2026-09-09,2344,Terra,MODIS,100,6.1NRT,325.02,1611.78,N
-12.84014,-44.33688,499.97,1.01,1.0,2026-09-09,2344,Terra,MODIS,100,6.1NRT,331.81,1611.57,N
-12.83892,-44.32787,326.54,1.0,1.0,2026-09-09,2344,Terra,MODIS,0,6.1NRT,294.34,18.38,N
-12.835,-44.36521,323.98,1.01,1.0,2026-09-09,2344,Terra,MODIS,93,6.1NRT,294.69,17.32,N
-12.83377,-44.35619,320.31,1.01,1.0,2026-09-09,2344,Terra,MODIS,82,6.1NRT,295.78,11.81,N
-12.83255,-44.34717,464.44,1.01,1.0,2026-09-09,2344,Terra,MODIS,100,6.1NRT,315.36,917.08,N
-12.83133,-44.33816,499.97,1.01,1.0,2026-09-09,2344,Terra,MODIS,100,6.1NRT,329.74,1611.26,N
-12.8301,-44.32915,352.0,1.0,1.0,2026-09-09,2344,Terra,MODIS,100,6.1NRT,295.08,61.53,N
-12.82373,-44.34845,348.7,1.01,1.0,2026-09-09,2344,Terra,MODIS,100,6.1NRT,294.9,55.53,N
-12.82251,-44.33944,378.43,1.01,1.0,2026-09-09,2344,Terra,MODIS,100,6.1NRT,296.23,143.54,N
-12.64868,-47.09582,324.54,1.28,1.12,2026-09-09,2344,Terra,MODIS,100,6.1NRT,296.18,29.1,N
-12.64724,-47.08434,318.77,1.28,1.12,2026-09-09,2344,Terra,MODIS,97,6.1NRT,294.95,20.77,N
-12.6388,-47.09719,316.04,1.28,1.12,2026-09-09,2344,Terra,MODIS,92,6.1NRT,295.09,17.25,N
-12.63737,-47.0857,325.01,1.28,1.12,2026-09-09,2344,Terra,MODIS,100,6.1NRT,295.15,29.82,N
-12.36028,-48.20928,319.48,1.5,1.21,2026-09-09,2344,Terra,MODIS,99,6.1NRT,294.21,27.34,N
-12.35859,-48.19576,319.7,1.5,1.21,2026-09-09,2344,Terra,MODIS,99,6.1NRT,294.4,28.11,N
-12.34962,-48.21064,311.1,1.5,1.21,2026-09-09,2344,Terra,MODIS,80,6.1NRT,294.36,14.51,N
-12.34795,-48.19718,315.88,1.5,1.21,2026-09-09,2344,Terra,MODIS,91,6.1NRT,294.11,21.94,N
-12.20704,-49.38906,305.28,1.83,1.33,2026-09-09,2344,Terra,MODIS,62,6.1NRT,293.98,10.72,N
-11.87251,-44.87515,310.54,1.02,1.01,2026-09-09,2344,Terra,MODIS,80,6.1NRT,296.7,7.65,N
-11.8615,-44.8733,317.19,1.02,1.01,2026-09-09,2344,Terra,MODIS,95,6.1NRT,297.47,13.99,N
-11.85265,-44.87461,325.7,1.02,1.01,2026-09-09,2344,Terra,MODIS,100,6.1NRT,296.54,22.67,N
-11.85142,-44.86553,346.02,1.02,1.01,2026-09-09,2344,Terra,MODIS,100,6.1NRT,296.73,54.37,N
-11.85019,-44.85646,306.96,1.02,1.01,2026-09-09,2344,Terra,MODIS,17,6.1NRT,292.26,6.59,N
-11.43954,-45.15861,307.2,1.03,1.01,2026-09-09,2344,Terra,MODIS,71,6.1NRT,291.82,8.06,N
-11.21814,-49.93938,329.53,1.96,1.37,2026-09-09,2344,Terra,MODIS,100,6.1NRT,293.68,71.4,N
-11.21301,-49.94583,326.44,1.96,1.37,2026-09-09,2344,Terra,MODIS,100,6.1NRT,293.48,62.34,N
-11.21224,-46.34849,316.55,1.12,1.06,2026-09-09,2344,Terra,MODIS,93,6.1NRT,295.23,17.37,N
-11.21087,-49.92845,304.77,1.95,1.36,2026-09-09,2344,Terra,MODIS,62,6.1NRT,293.48,12.77,N
-10.93877,-50.80067,312.74,2.27,1.46,2026-09-09,2344,Terra,MODIS,86,6.1NRT,293.44,32.33,N
-10.93635,-50.78058,317.72,2.26,1.46,2026-09-09,2344,Terra,MODIS,96,6.1NRT,293.95,46.17,N
-10.92594,-50.80223,314.0,2.27,1.46,2026-09-09,2344,Terra,MODIS,88,6.1NRT,293.24,35.86,N
-10.92354,-50.78214,314.48,2.26,1.46,2026-09-09,2344,Terra,MODIS,89,6.1NRT,293.62,37.09,N
-10.90795,-47.85362,311.34,1.36,1.15,2026-09-09,2344,Terra,MODIS,82,6.1NRT,296.7,12.83,N
-10.90644,-47.84163,309.99,1.36,1.15,2026-09-09,2344,Terra,MODIS,79,6.1NRT,296.46,11.09,N
-10.75272,-45.93937,304.31,1.07,1.03,2026-09-09,2344,Terra,MODIS,37,6.1NRT,293.72,5.07,N
-10.73202,-45.92269,303.6,1.07,1.03,2026-09-09,2344,Terra,MODIS,8,6.1NRT,293.44,4.25,N
-10.73078,-45.91327,309.01,1.07,1.03,2026-09-09,2344,Terra,MODIS,76,6.1NRT,294.41,8.4,N
-10.70576,-46.06873,303.24,1.08,1.04,2026-09-09,2344,Terra,MODIS,54,6.1NRT,293.07,5.78,N
-10.69262,-46.10997,330.05,1.09,1.04,2026-09-09,2344,Terra,MODIS,100,6.1NRT,293.1,31.94,N
-10.69134,-46.1003,305.57,1.09,1.04,2026-09-09,2344,Terra,MODIS,9,6.1NRT,291.91,5.92,N
-10.68347,-46.11121,302.9,1.09,1.04,2026-09-09,2344,Terra,MODIS,9,6.1NRT,291.44,4.64,N
-10.67052,-46.08348,308.81,1.08,1.04,2026-09-09,2344,Terra,MODIS,76,6.1NRT,292.99,8.95,N
-10.66925,-46.07381,310.82,1.08,1.04,2026-09-09,2344,Terra,MODIS,81,6.1NRT,293.19,10.89,N
-10.59992,-47.10833,309.03,1.21,1.09,2026-09-09,2344,Terra,MODIS,76,6.1NRT,296.14,8.97,N
-10.54751,-47.11083,316.0,1.21,1.09,2026-09-09,2344,Terra,MODIS,92,6.1NRT,296.39,16.5,N
-10.46332,-44.95265,335.66,1.01,1.0,2026-09-09,2344,Terra,MODIS,100,6.1NRT,297.05,35.84,N
-10.4621,-44.94369,319.8,1.01,1.0,2026-09-09,2344,Terra,MODIS,99,6.1NRT,296.44,16.46,N
-10.42109,-45.12021,305.15,1.01,1.01,2026-09-09,2344,Terra,MODIS,63,6.1NRT,295.12,5.04,N
-10.26797,-45.20314,314.87,1.02,1.01,2026-09-09,2344,Terra,MODIS,90,6.1NRT,297.49,11.0,N
-10.0819,-45.46921,316.87,1.03,1.01,2026-09-09,2344,Terra,MODIS,83,6.1NRT,298.57,12.24,N
-10.07422,-45.47956,326.64,1.03,1.01,2026-09-09,2344,Terra,MODIS,100,6.1NRT,299.68,22.25,N
-10.07299,-45.47044,321.42,1.03,1.01,2026-09-09,2344,Terra,MODIS,100,6.1NRT,298.9,16.28,N
-10.0223,-44.35947,310.15,1.0,1.0,2026-09-09,2344,Terra,MODIS,78,6.1NRT,296.38,7.92,N
-9.79256,-43.50107,307.91,1.03,1.01,2026-09-09,2344,Terra,MODIS,72,6.1NRT,294.51,7.56,N
-9.79127,-43.49191,313.04,1.03,1.02,2026-09-09,2344,Terra,MODIS,86,6.1NRT,295.29,11.59,N
-9.78999,-43.48276,305.35,1.03,1.02,2026-09-09,2344,Terra,MODIS,27,6.1NRT,294.44,5.52,N
-9.77718,-43.45655,314.08,1.03,1.02,2026-09-09,2344,Terra,MODIS,88,6.1NRT,295.73,12.12,N
-9.77588,-43.44737,310.31,1.04,1.02,2026-09-09,2344,Terra,MODIS,79,6.1NRT,295.04,8.89,N
-9.72203,-43.39607,315.72,1.04,1.02,2026-09-09,2344,Terra,MODIS,92,6.1NRT,296.07,13.2,N
-9.72087,-43.51793,309.8,1.03,1.01,2026-09-09,2344,Terra,MODIS,78,6.1NRT,296.89,8.07,N
-9.72074,-43.38682,312.79,1.04,1.02,2026-09-09,2344,Terra,MODIS,85,6.1NRT,294.49,10.82,N
-9.71437,-43.40654,315.4,1.04,1.02,2026-09-09,2344,Terra,MODIS,91,6.1NRT,295.49,12.88,N
-9.71308,-43.39734,317.68,1.04,1.02,2026-09-09,2344,Terra,MODIS,95,6.1NRT,294.26,15.02,N
-9.70542,-43.40784,314.92,1.04,1.02,2026-09-09,2344,Terra,MODIS,90,6.1NRT,295.29,12.76,N
-9.6953,-43.46562,320.53,1.04,1.02,2026-09-09,2344,Terra,MODIS,98,6.1NRT,297.42,16.43,N
-9.69153,-43.50357,305.88,1.03,1.02,2026-09-09,2344,Terra,MODIS,31,6.1NRT,295.21,5.39,N
-9.68766,-43.47609,312.78,1.03,1.02,2026-09-09,2344,Terra,MODIS,42,6.1NRT,294.63,9.68,N
-9.68507,-43.45776,316.37,1.04,1.02,2026-09-09,2344,Terra,MODIS,72,6.1NRT,295.67,12.99,N
-9.68377,-43.44859,309.44,1.04,1.02,2026-09-09,2344,Terra,MODIS,15,6.1NRT,294.86,7.48,N
-9.68248,-43.43941,307.36,1.04,1.02,2026-09-09,2344,Terra,MODIS,33,6.1NRT,293.41,6.48,N
-9.3307,-45.63253,330.05,1.03,1.01,2026-09-09,2344,Terra,MODIS,100,6.1NRT,298.84,28.28,N
-9.32949,-45.62352,312.65,1.03,1.01,2026-09-09,2344,Terra,MODIS,85,6.1NRT,297.89,10.15,N
-9.30252,-44.35808,310.03,1.0,1.0,2026-09-09,2344,Terra,MODIS,79,6.1NRT,299.97,6.41,N
-9.17865,-45.25654,311.02,1.01,1.0,2026-09-09,2344,Terra,MODIS,81,6.1NRT,298.75,7.2,N
-9.17743,-45.24762,313.59,1.01,1.0,2026-09-09,2344,Terra,MODIS,87,6.1NRT,299.81,8.99,N
-9.01329,-44.8511,307.38,1.0,1.0,2026-09-09,2344,Terra,MODIS,70,6.1NRT,294.95,6.51,N
-8.94824,-44.98408,309.03,1.0,1.0,2026-09-09,2344,Terra,MODIS,76,6.1NRT,298.57,6.87,N
-8.94058,-44.40739,314.01,1.0,1.0,2026-09-09,2344,Terra,MODIS,88,6.1NRT,298.15,10.64,N
-8.84724,-36.5412,300.2,3.13,1.68,2026-09-09,2344,Terra,MODIS,21,6.1NRT,289.18,22.75,N
-8.75296,-45.79363,303.74,1.03,1.01,2026-09-09,2344,Terra,MODIS,57,6.1NRT,293.65,5.03,N
-8.68996,-47.98412,309.21,1.3,1.13,2026-09-09,2344,Terra,MODIS,77,6.1NRT,295.17,11.11,N
-8.68832,-47.97915,305.26,1.29,1.13,2026-09-09,2344,Terra,MODIS,63,6.1NRT,295.16,7.34,N
-8.36426,-41.26842,310.84,1.37,1.16,2026-09-09,2344,Terra,MODIS,79,6.1NRT,296.18,12.65,N
-8.36245,-41.25609,314.84,1.38,1.16,2026-09-09,2344,Terra,MODIS,89,6.1NRT,296.42,17.66,N
-8.32112,-45.11535,325.51,1.0,1.0,2026-09-09,2344,Terra,MODIS,100,6.1NRT,293.78,23.78,N
-8.31991,-45.1065,301.1,1.0,1.0,2026-09-09,2344,Terra,MODIS,38,6.1NRT,290.66,4.24,N
-7.99566,-43.96865,327.63,1.03,1.01,2026-09-09,2344,Terra,MODIS,100,6.1NRT,300.12,24.23,N
-7.9944,-43.95963,321.34,1.03,1.01,2026-09-09,2344,Terra,MODIS,100,6.1NRT,299.01,16.47,N
-7.99312,-43.95053,310.61,1.03,1.01,2026-09-09,2344,Terra,MODIS,80,6.1NRT,298.07,7.44,N
-7.99058,-43.99709,309.92,1.03,1.01,2026-09-09,2344,Terra,MODIS,74,6.1NRT,299.08,6.92,N
-7.98931,-43.98801,361.3,1.03,1.01,2026-09-09,2344,Terra,MODIS,100,6.1NRT,303.04,90.39,N
-7.98804,-43.97901,345.77,1.03,1.01,2026-09-09,2344,Terra,MODIS,100,6.1NRT,300.98,52.58,N
-7.98678,-43.97,333.26,1.03,1.01,2026-09-09,2344,Terra,MODIS,100,6.1NRT,298.4,31.63,N
-7.98043,-43.9894,320.46,1.03,1.01,2026-09-09,2344,Terra,MODIS,100,6.1NRT,298.43,15.81,N
-7.97916,-43.98035,312.44,1.03,1.01,2026-09-09,2344,Terra,MODIS,51,6.1NRT,297.26,8.6,N
-7.9534,-43.79791,322.76,1.04,1.02,2026-09-09,2344,Terra,MODIS,100,6.1NRT,295.81,20.13,N
-7.9097,-46.71223,303.37,1.09,1.04,2026-09-09,2344,Terra,MODIS,55,6.1NRT,293.35,5.55,N
-7.59444,-46.76055,306.41,1.09,1.04,2026-09-09,2344,Terra,MODIS,68,6.1NRT,295.3,6.8,N
-7.57793,-45.68232,311.52,1.01,1.01,2026-09-09,2344,Terra,MODIS,83,6.1NRT,294.86,10.18,N
-7.57672,-45.67339,310.04,1.01,1.01,2026-09-09,2344,Terra,MODIS,79,6.1NRT,296.34,9.14,N
-7.56488,-48.3665,311.33,1.33,1.14,2026-09-09,2344,Terra,MODIS,82,6.1NRT,295.11,13.86,N
-7.56306,-47.20951,307.09,1.14,1.06,2026-09-09,2344,Terra,MODIS,70,6.1NRT,295.01,7.56,N
-7.51352,-45.27567,309.0,1.0,1.0,2026-09-09,2344,Terra,MODIS,76,6.1NRT,295.16,6.6,N
-7.51231,-45.26683,340.48,1.0,1.0,2026-09-09,2344,Terra,MODIS,100,6.1NRT,299.95,42.07,N
-7.5111,-45.25799,343.77,1.0,1.0,2026-09-09,2344,Terra,MODIS,100,6.1NRT,299.58,47.54,N
-7.50472,-45.27691,320.98,1.0,1.0,2026-09-09,2344,Terra,MODIS,98,6.1NRT,295.38,15.75,N
-7.50351,-45.26805,337.35,1.0,1.0,2026-09-09,2344,Terra,MODIS,100,6.1NRT,298.63,36.23,N
-7.49431,-45.28423,317.25,1.0,1.0,2026-09-09,2344,Terra,MODIS,95,6.1NRT,295.68,13.67,N
-7.4931,-45.27539,346.14,1.0,1.0,2026-09-09,2344,Terra,MODIS,100,6.1NRT,301.03,53.16,N
-7.49188,-45.26657,313.15,1.0,1.0,2026-09-09,2344,Terra,MODIS,86,6.1NRT,296.47,10.37,N
-7.48552,-45.28547,308.98,1.0,1.0,2026-09-09,2344,Terra,MODIS,76,6.1NRT,295.39,7.89,N
-7.4843,-45.27663,357.43,1.0,1.0,2026-09-09,2344,Terra,MODIS,100,6.1NRT,301.96,79.06,N
-7.48309,-45.26781,343.05,1.0,1.0,2026-09-09,2344,Terra,MODIS,100,6.1NRT,299.13,47.78,N
-7.46489,-46.14181,323.18,1.03,1.02,2026-09-09,2344,Terra,MODIS,100,6.1NRT,296.97,20.43,N
-7.45718,-46.15213,308.41,1.04,1.02,2026-09-09,2344,Terra,MODIS,74,6.1NRT,296.09,7.29,N
-7.26593,-45.35557,323.26,1.0,1.0,2026-09-09,2344,Terra,MODIS,100,6.1NRT,297.94,19.18,N
-7.26472,-45.34674,307.29,1.0,1.0,2026-09-09,2344,Terra,MODIS,71,6.1NRT,296.45,5.85,N
-7.25714,-45.35681,306.92,1.0,1.0,2026-09-09,2344,Terra,MODIS,70,6.1NRT,296.66,5.52,N
-7.20158,-43.63489,307.52,1.06,1.03,2026-09-09,2344,Terra,MODIS,50,6.1NRT,296.06,6.23,N
-7.11809,-42.13829,311.25,1.26,1.11,2026-09-09,2344,Terra,MODIS,26,6.1NRT,296.73,11.04,N
-7.1083,-42.13976,310.92,1.26,1.11,2026-09-09,2344,Terra,MODIS,42,6.1NRT,297.22,10.58,N
-7.05909,-42.70782,313.91,1.17,1.08,2026-09-09,2344,Terra,MODIS,87,6.1NRT,298.6,11.4,N
-7.05114,-42.71958,322.84,1.17,1.08,2026-09-09,2344,Terra,MODIS,100,6.1NRT,300.4,21.57,N
-7.04963,-42.70922,313.18,1.17,1.08,2026-09-09,2344,Terra,MODIS,85,6.1NRT,299.06,10.42,N
-7.04679,-42.72671,323.04,1.17,1.08,2026-09-09,2344,Terra,MODIS,100,6.1NRT,300.48,22.32,N
-7.04532,-42.71631,320.59,1.17,1.08,2026-09-09,2344,Terra,MODIS,100,6.1NRT,299.91,19.6,N
-6.85631,-44.86323,304.74,1.0,1.0,2026-09-09,2344,Terra,MODIS,61,6.1NRT,294.49,4.79,N
-6.8224,-43.05052,316.52,1.13,1.06,2026-09-09,2344,Terra,MODIS,93,6.1NRT,298.06,14.42,N
-6.81531,-43.04718,308.7,1.13,1.06,2026-09-09,2344,Terra,MODIS,72,6.1NRT,296.46,8.42,N
-6.7705,-44.56859,306.12,1.01,1.01,2026-09-09,2344,Terra,MODIS,67,6.1NRT,294.92,6.69,N
-6.7629,-44.5787,323.42,1.01,1.01,2026-09-09,2344,Terra,MODIS,100,6.1NRT,295.32,20.42,N
-6.76166,-44.56983,330.6,1.01,1.01,2026-09-09,2344,Terra,MODIS,100,6.1NRT,295.32,29.21,N
-6.72405,-44.04233,307.82,1.04,1.02,2026-09-09,2344,Terra,MODIS,72,6.1NRT,295.6,7.1,N
-6.7156,-46.32802,314.01,1.04,1.02,2026-09-09,2344,Terra,MODIS,88,6.1NRT,294.8,12.32,N
-6.63721,-45.95308,308.02,1.02,1.01,2026-09-09,2344,Terra,MODIS,73,6.1NRT,296.11,7.04,N
-6.50569,-47.63241,315.44,1.17,1.07,2026-09-09,2344,Terra,MODIS,91,6.1NRT,296.66,15.05,N
-6.50431,-47.62222,315.55,1.16,1.07,2026-09-09,2344,Terra,MODIS,91,6.1NRT,296.0,14.84,N
-6.50021,-47.59174,309.23,1.16,1.07,2026-09-09,2344,Terra,MODIS,75,6.1NRT,294.54,8.88,N
-6.49626,-47.63384,320.77,1.17,1.07,2026-09-09,2344,Terra,MODIS,100,6.1NRT,295.71,21.14,N
-6.49487,-47.62346,318.59,1.16,1.07,2026-09-09,2344,Terra,MODIS,97,6.1NRT,296.63,18.27,N
-6.49077,-47.59293,313.7,1.16,1.07,2026-09-09,2344,Terra,MODIS,87,6.1NRT,295.83,12.84,N
-6.48056,-46.28928,311.85,1.03,1.01,2026-09-09,2344,Terra,MODIS,24,6.1NRT,297.03,7.63,N
-6.47164,-46.29046,309.25,1.03,1.01,2026-09-09,2344,Terra,MODIS,16,6.1NRT,297.12,5.71,N
-6.46271,-46.29162,309.65,1.03,1.01,2026-09-09,2344,Terra,MODIS,36,6.1NRT,297.89,6.23,N
-6.44602,-46.10148,309.21,1.02,1.01,2026-09-09,2344,Terra,MODIS,76,6.1NRT,296.92,7.53,N
-6.42809,-46.98977,313.27,1.09,1.04,2026-09-09,2344,Terra,MODIS,86,6.1NRT,296.52,12.09,N
-6.42102,-43.06855,313.63,1.14,1.06,2026-09-09,2344,Terra,MODIS,87,6.1NRT,297.39,11.76,N
-6.27058,-46.36803,355.39,1.03,1.02,2026-09-09,2344,Terra,MODIS,100,6.1NRT,300.02,76.85,N
-6.26936,-46.35893,323.52,1.03,1.02,2026-09-09,2344,Terra,MODIS,100,6.1NRT,296.68,20.85,N
-6.17123,-44.64224,375.13,1.01,1.01,2026-09-09,2344,Terra,MODIS,100,6.1NRT,308.2,134.91,N
-6.17,-44.63335,353.52,1.01,1.01,2026-09-09,2344,Terra,MODIS,100,6.1NRT,302.68,69.55,N
-6.16363,-44.6524,315.72,1.01,1.01,2026-09-09,2344,Terra,MODIS,92,6.1NRT,298.55,11.79,N
-6.16239,-44.64351,373.7,1.01,1.01,2026-09-09,2344,Terra,MODIS,100,6.1NRT,304.39,129.32,N
-6.16116,-44.6346,338.03,1.01,1.01,2026-09-09,2344,Terra,MODIS,100,6.1NRT,299.67,38.94,N
-6.10093,-44.1376,355.71,1.04,1.02,2026-09-09,2344,Terra,MODIS,100,6.1NRT,299.2,78.35,N
-6.09965,-44.12842,307.66,1.04,1.02,2026-09-09,2344,Terra,MODIS,71,6.1NRT,295.24,6.33,N
-6.09197,-44.13883,328.15,1.04,1.02,2026-09-09,2344,Terra,MODIS,100,6.1NRT,295.67,26.06,N
-5.92803,-44.94779,338.63,1.01,1.0,2026-09-09,2344,Terra,MODIS,100,6.1NRT,296.71,40.01,N
-5.92681,-44.93898,311.44,1.01,1.0,2026-09-09,2344,Terra,MODIS,82,6.1NRT,296.25,8.89,N
-5.84063,-46.66877,305.86,1.05,1.02,2026-09-09,2344,Terra,MODIS,62,6.1NRT,295.63,6.1,N
-5.80492,-43.80048,313.55,1.07,1.03,2026-09-09,2344,Terra,MODIS,87,6.1NRT,295.67,12.04,N
-5.77347,-45.0987,328.72,1.0,1.0,2026-09-09,2344,Terra,MODIS,100,6.1NRT,298.46,23.24,N
-5.77226,-45.08991,410.36,1.0,1.0,2026-09-09,2344,Terra,MODIS,100,6.1NRT,312.0,318.03,N
-5.77104,-45.0811,420.5,1.0,1.0,2026-09-09,2344,Terra,MODIS,100,6.1NRT,315.98,397.34,N
-5.76983,-45.07229,353.47,1.0,1.0,2026-09-09,2344,Terra,MODIS,100,6.1NRT,300.32,67.04,N
-5.76711,-45.11752,309.03,1.0,1.0,2026-09-09,2344,Terra,MODIS,41,6.1NRT,297.01,5.51,N
-5.76589,-45.10873,312.88,1.0,1.0,2026-09-09,2344,Terra,MODIS,85,6.1NRT,297.64,8.0,N
-5.76468,-45.09993,335.98,1.0,1.0,2026-09-09,2344,Terra,MODIS,100,6.1NRT,300.39,32.79,N
-5.76346,-45.09114,457.31,1.0,1.0,2026-09-09,2344,Terra,MODIS,100,6.1NRT,323.97,809.29,N
-5.76224,-45.08234,453.6,1.0,1.0,2026-09-09,2344,Terra,MODIS,100,6.1NRT,320.67,758.05,N
-5.76103,-45.07353,322.45,1.0,1.0,2026-09-09,2344,Terra,MODIS,100,6.1NRT,297.12,16.87,N
-5.75635,-43.26891,313.09,1.13,1.06,2026-09-09,2344,Terra,MODIS,85,6.1NRT,293.68,13.08,N
-5.75466,-45.09237,312.99,1.0,1.0,2026-09-09,2344,Terra,MODIS,86,6.1NRT,298.44,8.39,N
-5.65436,-44.30614,312.95,1.04,1.02,2026-09-09,2344,Terra,MODIS,85,6.1NRT,295.94,10.77,N
-5.65309,-44.29704,320.95,1.04,1.02,2026-09-09,2344,Terra,MODIS,100,6.1NRT,295.82,18.17,N
-5.64288,-44.22404,305.91,1.04,1.02,2026-09-09,2344,Terra,MODIS,64,6.1NRT,294.61,5.94,N
-5.63133,-45.88088,305.5,1.01,1.0,2026-09-09,2344,Terra,MODIS,60,6.1NRT,295.23,5.07,N
-5.63012,-45.87206,310.89,1.01,1.0,2026-09-09,2344,Terra,MODIS,79,6.1NRT,296.15,8.72,N
-5.61189,-44.85778,309.59,1.01,1.0,2026-09-09,2344,Terra,MODIS,77,6.1NRT,295.78,7.36,N
-5.61065,-44.84893,335.05,1.01,1.0,2026-09-09,2344,Terra,MODIS,100,6.1NRT,297.4,34.44,N
-5.60306,-44.85905,309.81,1.01,1.0,2026-09-09,2344,Terra,MODIS,77,6.1NRT,296.08,7.61,N
-5.60183,-44.85017,319.94,1.01,1.0,2026-09-09,2344,Terra,MODIS,99,6.1NRT,296.27,16.17,N
-5.60059,-45.37706,313.28,1.0,1.0,2026-09-09,2344,Terra,MODIS,86,6.1NRT,295.96,10.08,N
-5.59938,-45.36829,306.85,1.0,1.0,2026-09-09,2344,Terra,MODIS,67,6.1NRT,295.89,5.45,N
-5.5918,-45.3783,316.36,1.0,1.0,2026-09-09,2344,Terra,MODIS,93,6.1NRT,296.7,12.34,N
-5.59059,-45.36953,312.12,1.0,1.0,2026-09-09,2344,Terra,MODIS,83,6.1NRT,296.57,8.89,N
-5.56522,-45.33476,311.32,1.0,1.0,2026-09-09,2344,Terra,MODIS,81,6.1NRT,296.64,8.8,N
-5.55111,-43.43765,307.65,1.12,1.05,2026-09-09,2344,Terra,MODIS,71,6.1NRT,294.68,7.48,N
-5.48336,-45.13122,310.34,1.0,1.0,2026-09-09,2344,Terra,MODIS,78,6.1NRT,296.86,7.79,N
-5.41604,-41.83663,306.78,1.39,1.17,2026-09-09,2344,Terra,MODIS,65,6.1NRT,295.52,7.35,N
-5.38456,-46.29513,312.74,1.02,1.01,2026-09-09,2344,Terra,MODIS,85,6.1NRT,297.36,9.65,N
-5.3757,-46.29635,330.05,1.02,1.01,2026-09-09,2344,Terra,MODIS,100,6.1NRT,298.08,27.35,N
-5.37448,-46.2874,313.94,1.02,1.01,2026-09-09,2344,Terra,MODIS,87,6.1NRT,297.28,10.24,N
-5.24979,-44.90639,306.99,1.01,1.0,2026-09-09,2344,Terra,MODIS,66,6.1NRT,296.33,5.64,N
-5.17881,-45.46708,311.5,1.0,1.0,2026-09-09,2344,Terra,MODIS,81,6.1NRT,296.39,9.16,N
-5.17002,-45.46831,311.43,1.0,1.0,2026-09-09,2344,Terra,MODIS,80,6.1NRT,295.55,9.17,N
-5.14802,-43.85094,307.23,1.08,1.04,2026-09-09,2344,Terra,MODIS,71,6.1NRT,295.94,7.06,N
-5.11631,-46.00985,375.56,1.01,1.0,2026-09-09,2344,Terra,MODIS,100,6.1NRT,300.68,135.17,N
-5.11511,-46.00103,340.83,1.01,1.0,2026-09-09,2344,Terra,MODIS,100,6.1NRT,298.23,43.03,N
-5.10521,-46.95077,323.1,1.06,1.03,2026-09-09,2344,Terra,MODIS,100,6.1NRT,295.16,21.24,N
-4.94279,-47.65244,304.14,1.13,1.06,2026-09-09,2344,Terra,MODIS,54,6.1NRT,293.29,5.28,N
-4.86379,-47.41581,301.4,1.1,1.04,2026-09-09,2344,Terra,MODIS,24,6.1NRT,285.54,5.88,N
-4.8625,-47.40618,308.73,1.1,1.04,2026-09-09,2344,Terra,MODIS,74,6.1NRT,286.3,11.17,N
-4.81505,-42.93264,318.64,1.21,1.09,2026-09-09,2344,Terra,MODIS,97,6.1NRT,297.01,19.57,N
-4.81355,-42.92206,315.37,1.21,1.09,2026-09-09,2344,Terra,MODIS,91,6.1NRT,295.58,16.04,N
-4.44596,-48.34975,305.22,1.21,1.09,2026-09-09,2344,Terra,MODIS,63,6.1NRT,293.79,5.62,N
-4.37057,-47.78747,315.53,1.13,1.06,2026-09-09,2344,Terra,MODIS,91,6.1NRT,293.68,13.93,N
-4.36924,-47.77762,341.63,1.13,1.06,2026-09-09,2344,Terra,MODIS,100,6.1NRT,294.85,52.82,N
-4.36127,-47.78872,315.86,1.13,1.06,2026-09-09,2344,Terra,MODIS,92,6.1NRT,293.77,14.42,N
-4.35995,-47.77889,351.87,1.13,1.06,2026-09-09,2344,Terra,MODIS,100,6.1NRT,294.49,77.03,N
-4.18738,-40.49954,309.06,1.83,1.32,2026-09-09,2344,Terra,MODIS,54,6.1NRT,294.39,16.45,N
-4.15018,-43.0995,306.78,1.21,1.09,2026-09-09,2344,Terra,MODIS,61,6.1NRT,296.21,6.05,N
-4.03605,-50.89404,303.12,1.8,1.32,2026-09-09,2344,Terra,MODIS,24,6.1NRT,291.54,10.12,N
-3.96476,-44.3568,307.96,1.06,1.03,2026-09-09,2344,Terra,MODIS,65,6.1NRT,296.75,5.15,N
-3.96345,-44.34752,317.67,1.06,1.03,2026-09-09,2344,Terra,MODIS,95,6.1NRT,296.93,13.36,N
-3.962,-49.01205,305.8,1.31,1.14,2026-09-09,2344,Terra,MODIS,28,6.1NRT,282.37,9.18,N
-3.67756,-47.90166,306.44,1.12,1.06,2026-09-09,2344,Terra,MODIS,63,6.1NRT,295.24,5.66,N
-3.67622,-47.89182,306.87,1.12,1.06,2026-09-09,2344,Terra,MODIS,65,6.1NRT,295.48,6.1,N
-3.58345,-45.00324,307.15,1.02,1.01,2026-09-09,2344,Terra,MODIS,63,6.1NRT,295.04,5.22,N
-3.55115,-48.18499,314.51,1.16,1.07,2026-09-09,2344,Terra,MODIS,88,6.1NRT,295.48,13.36,N
-3.54976,-48.17485,306.0,1.16,1.07,2026-09-09,2344,Terra,MODIS,61,6.1NRT,295.36,5.75,N
-3.54175,-48.18632,305.78,1.16,1.07,2026-09-09,2344,Terra,MODIS,60,6.1NRT,294.82,5.64,N
-3.24746,-47.25074,338.55,1.05,1.02,2026-09-09,2344,Terra,MODIS,100,6.1NRT,296.33,42.12,N
-3.24619,-47.24155,323.6,1.05,1.02,2026-09-09,2344,Terra,MODIS,100,6.1NRT,294.99,20.79,N
-3.37417,-50.40592,313.5,1.61,1.25,2026-09-09,2346,Terra,MODIS,87,6.1NRT,293.46,19.92,N
-3.26559,-50.08714,313.14,1.52,1.22,2026-09-09,2346,Terra,MODIS,85,6.1NRT,293.75,17.35,N
-3.26161,-50.09402,304.33,1.52,1.22,2026-09-09,2346,Terra,MODIS,53,6.1NRT,293.36,6.67,N
-3.25979,-50.08076,304.61,1.52,1.22,2026-09-09,2346,Terra,MODIS,55,6.1NRT,293.36,6.88,N
-2.949,-50.49437,309.38,1.61,1.25,2026-09-09,2346,Terra,MODIS,25,6.1NRT,292.99,12.11,N
-2.94703,-50.48019,315.47,1.61,1.25,2026-09-09,2346,Terra,MODIS,91,6.1NRT,293.89,21.66,N
-2.93803,-50.49589,309.69,1.61,1.25,2026-09-09,2346,Terra,MODIS,34,6.1NRT,292.65,12.6,N
-2.93609,-50.48178,325.5,1.61,1.25,2026-09-09,2346,Terra,MODIS,100,6.1NRT,293.59,41.5,N
-2.91568,-54.11665,308.03,3.16,1.68,2026-09-09,2346,Terra,MODIS,37,6.1NRT,284.84,48.74,N
-2.89027,-48.27723,309.78,1.15,1.07,2026-09-09,2346,Terra,MODIS,75,6.1NRT,295.39,8.54,N
-2.79669,-48.94241,316.01,1.25,1.11,2026-09-09,2346,Terra,MODIS,92,6.1NRT,294.59,17.17,N
-2.71067,-49.51081,304.4,1.36,1.15,2026-09-09,2346,Terra,MODIS,57,6.1NRT,292.53,6.34,N
-2.48212,-49.41091,305.19,1.33,1.14,2026-09-09,2346,Terra,MODIS,59,6.1NRT,292.96,6.63,N
-2.16158,-45.91225,306.54,1.0,1.0,2026-09-09,2346,Terra,MODIS,68,6.1NRT,294.84,5.07,N
-0.8851,-47.56939,324.06,1.04,1.02,2026-09-09,2346,Terra,MODIS,100,6.1NRT,294.36,21.24,N
0.25862,-51.47635,317.14,1.71,1.28,2026-09-09,2346,Terra,MODIS,94,6.1NRT,280.57,31.21,N
0.26069,-51.46154,306.99,1.7,1.28,2026-09-09,2346,Terra,MODIS,70,6.1NRT,280.14,14.27,N
2.47547,-50.84293,308.46,1.42,1.18,2026-09-09,2346,Terra,MODIS,73,6.1NRT,293.67,11.39,N
2.47721,-50.83063,303.04,1.41,1.18,2026-09-09,2346,Terra,MODIS,47,6.1NRT,292.96,5.67,N
-32.10669,-68.22555,304.34,1.36,1.16,2026-09-10,117,Terra,MODIS,60,6.1NRT,271.02,17.4,N
-29.53883,-62.697,308.07,1.09,1.04,2026-09-10,117,Terra,MODIS,73,6.1NRT,286.01,11.16,N
-29.53716,-62.68602,317.91,1.09,1.04,2026-09-10,117,Terra,MODIS,96,6.1NRT,287.17,20.13,N
-29.52966,-62.69889,316.29,1.09,1.04,2026-09-10,117,Terra,MODIS,93,6.1NRT,286.5,17.75,N
-29.52798,-62.68792,313.0,1.09,1.04,2026-09-10,117,Terra,MODIS,86,6.1NRT,286.63,14.89,N
-29.23446,-65.06136,310.87,1.0,1.0,2026-09-10,117,Terra,MODIS,81,6.1NRT,284.62,13.07,N
-28.33348,-55.80825,301.13,3.03,1.66,2026-09-10,117,Terra,MODIS,38,6.1NRT,287.64,27.81,N
-28.3272,-55.77859,315.89,3.05,1.66,2026-09-10,117,Terra,MODIS,92,6.1NRT,288.02,78.46,N
-28.32685,-55.78509,319.99,3.05,1.66,2026-09-10,117,Terra,MODIS,99,6.1NRT,288.05,96.22,N
-28.29554,-65.12646,302.64,1.0,1.0,2026-09-10,117,Terra,MODIS,50,6.1NRT,283.62,7.82,N
-28.29417,-65.11649,311.36,1.0,1.0,2026-09-10,117,Terra,MODIS,82,6.1NRT,287.95,13.49,N
-28.28671,-65.12804,300.6,1.0,1.0,2026-09-10,117,Terra,MODIS,30,6.1NRT,283.63,6.64,N
-28.28535,-65.11806,317.18,1.0,1.0,2026-09-10,117,Terra,MODIS,95,6.1NRT,287.77,18.19,N
-27.4489,-62.76498,305.89,1.14,1.06,2026-09-10,117,Terra,MODIS,32,6.1NRT,288.9,8.25,N
-27.44712,-62.75375,312.94,1.14,1.06,2026-09-10,117,Terra,MODIS,47,6.1NRT,289.3,13.82,N
-27.44616,-62.783,306.72,1.14,1.06,2026-09-10,117,Terra,MODIS,69,6.1NRT,289.3,9.34,N
-27.44534,-62.7425,311.34,1.14,1.06,2026-09-10,117,Terra,MODIS,30,6.1NRT,289.3,12.37,N
-27.44443,-62.77177,312.13,1.14,1.06,2026-09-10,117,Terra,MODIS,84,6.1NRT,289.92,13.82,N
-27.44356,-62.73124,312.72,1.14,1.06,2026-09-10,117,Terra,MODIS,86,6.1NRT,289.36,14.78,N
-27.4427,-62.76053,316.14,1.14,1.06,2026-09-10,117,Terra,MODIS,62,6.1NRT,290.12,16.78,N
-27.44177,-62.71997,300.94,1.14,1.07,2026-09-10,117,Terra,MODIS,22,6.1NRT,288.57,5.64,N
-27.44097,-62.74928,311.29,1.14,1.06,2026-09-10,117,Terra,MODIS,82,6.1NRT,289.57,13.53,N
-27.43923,-62.73801,307.71,1.14,1.06,2026-09-10,117,Terra,MODIS,72,6.1NRT,289.3,11.07,N
-27.39813,-62.32466,306.86,1.19,1.09,2026-09-10,117,Terra,MODIS,69,6.1NRT,290.06,10.45,N
-27.08394,-63.14175,332.17,1.11,1.05,2026-09-10,117,Terra,MODIS,100,6.1NRT,291.54,37.07,N
-27.08226,-63.13084,367.06,1.11,1.05,2026-09-10,117,Terra,MODIS,100,6.1NRT,296.71,124.19,N
-27.08057,-63.11991,317.03,1.11,1.05,2026-09-10,117,Terra,MODIS,94,6.1NRT,291.0,17.71,N
-27.07888,-63.10897,306.06,1.11,1.05,2026-09-10,117,Terra,MODIS,67,6.1NRT,289.98,8.21,N
-27.0747,-63.14358,318.34,1.11,1.05,2026-09-10,117,Terra,MODIS,97,6.1NRT,291.41,18.77,N
-27.07301,-63.13266,326.47,1.11,1.05,2026-09-10,117,Terra,MODIS,100,6.1NRT,292.02,28.48,N
-27.07132,-63.12174,304.23,1.11,1.05,2026-09-10,117,Terra,MODIS,59,6.1NRT,289.78,6.72,N
-26.87594,-62.46809,301.71,1.19,1.09,2026-09-10,117,Terra,MODIS,44,6.1NRT,290.01,5.52,N
-26.50866,-63.00779,323.5,1.14,1.06,2026-09-10,117,Terra,MODIS,100,6.1NRT,291.69,25.75,N
-26.50692,-62.99663,310.8,1.14,1.06,2026-09-10,117,Terra,MODIS,81,6.1NRT,290.97,11.77,N
-26.50211,-63.08919,310.51,1.13,1.06,2026-09-10,117,Terra,MODIS,80,6.1NRT,290.87,12.24,N
-26.50105,-63.02077,309.71,1.14,1.06,2026-09-10,117,Terra,MODIS,78,6.1NRT,289.58,11.58,N
-26.4993,-63.00964,347.77,1.14,1.06,2026-09-10,117,Terra,MODIS,100,6.1NRT,296.2,70.19,N
-26.49756,-62.99848,321.76,1.14,1.06,2026-09-10,117,Terra,MODIS,100,6.1NRT,292.45,23.05,N
-26.04548,-60.88382,305.44,1.52,1.22,2026-09-10,117,Terra,MODIS,64,6.1NRT,287.96,14.48,N
-24.76833,-59.61891,301.54,1.96,1.37,2026-09-10,120,Terra,MODIS,42,6.1NRT,289.75,13.72,N
-24.46845,-63.74368,304.14,1.12,1.05,2026-09-10,120,Terra,MODIS,59,6.1NRT,291.3,6.76,N
-24.46743,-62.77133,313.41,1.24,1.11,2026-09-10,120,Terra,MODIS,87,6.1NRT,293.67,15.11,N
-24.45959,-62.78518,304.74,1.24,1.11,2026-09-10,120,Terra,MODIS,45,6.1NRT,292.44,7.21,N
-24.4577,-62.77324,333.13,1.24,1.11,2026-09-10,120,Terra,MODIS,100,6.1NRT,295.63,44.65,N
-24.21567,-61.14832,311.15,1.58,1.24,2026-09-10,120,Terra,MODIS,82,6.1NRT,289.81,19.34,N
-24.21402,-61.15425,306.62,1.58,1.24,2026-09-10,120,Terra,MODIS,69,6.1NRT,289.9,13.48,N
-23.8414,-60.0639,306.26,1.91,1.35,2026-09-10,120,Terra,MODIS,67,6.1NRT,293.39,15.04,N
-23.83835,-60.078,320.57,1.9,1.35,2026-09-10,120,Terra,MODIS,100,6.1NRT,293.46,43.06,N
-23.83502,-60.05987,311.89,1.91,1.35,2026-09-10,120,Terra,MODIS,84,6.1NRT,293.46,23.8,N
-23.82959,-60.0665,313.65,1.91,1.35,2026-09-10,120,Terra,MODIS,83,6.1NRT,293.29,27.16,N
-23.80919,-60.08979,309.11,1.9,1.35,2026-09-10,120,Terra,MODIS,76,6.1NRT,293.46,20.04,N
-23.23128,-60.30725,316.03,1.89,1.34,2026-09-10,120,Terra,MODIS,92,6.1NRT,292.35,33.94,N
-23.22539,-60.31519,302.24,1.89,1.34,2026-09-10,120,Terra,MODIS,48,6.1NRT,291.66,10.82,N
-22.76819,-63.85189,304.63,1.15,1.07,2026-09-10,120,Terra,MODIS,61,6.1NRT,291.02,7.43,N
-21.91446,-61.29902,316.3,1.7,1.28,2026-09-10,120,Terra,MODIS,93,6.1NRT,293.1,29.74,N
-21.91175,-61.28299,320.29,1.71,1.28,2026-09-10,120,Terra,MODIS,100,6.1NRT,293.34,37.88,N
-21.90323,-61.30131,341.46,1.7,1.28,2026-09-10,120,Terra,MODIS,100,6.1NRT,293.82,98.31,N
-21.9005,-61.28528,335.62,1.71,1.28,2026-09-10,120,Terra,MODIS,100,6.1NRT,293.69,78.28,N
-21.71524,-60.12685,339.4,2.09,1.41,2026-09-10,120,Terra,MODIS,100,6.1NRT,294.73,121.16,N
-21.71304,-60.13388,328.57,2.09,1.41,2026-09-10,120,Terra,MODIS,100,6.1NRT,294.24,76.17,N
-21.71164,-60.10728,308.75,2.09,1.41,2026-09-10,120,Terra,MODIS,75,6.1NRT,293.73,21.12,N
-21.70957,-60.11426,327.5,2.09,1.41,2026-09-10,120,Terra,MODIS,100,6.1NRT,294.36,72.39,N
-21.58865,-61.69546,313.41,1.62,1.25,2026-09-10,120,Terra,MODIS,87,6.1NRT,293.3,23.18,N
-20.85833,-60.22447,305.79,2.14,1.42,2026-09-10,120,Terra,MODIS,66,6.1NRT,292.32,17.68,N
-20.69283,-60.18819,309.36,2.17,1.43,2026-09-10,120,Terra,MODIS,77,6.1NRT,293.14,20.9,N
-20.54623,-57.49331,305.04,3.47,1.75,2026-09-10,120,Terra,MODIS,28,6.1NRT,283.37,34.08,N
-20.53995,-57.4612,316.36,3.49,1.76,2026-09-10,120,Terra,MODIS,93,6.1NRT,286.88,81.39,N
-20.17981,-58.39242,302.47,3.03,1.66,2026-09-10,120,Terra,MODIS,35,6.1NRT,274.03,23.83,N
-19.79671,-61.55895,333.39,1.79,1.31,2026-09-10,120,Terra,MODIS,100,6.1NRT,293.2,73.49,N
-19.79386,-61.5423,335.38,1.8,1.31,2026-09-10,120,Terra,MODIS,100,6.1NRT,291.08,81.58,N
-18.67048,-65.83498,327.14,1.06,1.03,2026-09-10,120,Terra,MODIS,100,6.1NRT,285.0,31.16,N
-18.56107,-63.33224,304.64,1.42,1.18,2026-09-10,120,Terra,MODIS,37,6.1NRT,291.53,10.1,N
-17.74575,-60.92181,304.34,2.19,1.44,2026-09-10,120,Terra,MODIS,59,6.1NRT,289.84,15.28,N
-17.74226,-60.90174,304.7,2.2,1.44,2026-09-10,120,Terra,MODIS,61,6.1NRT,289.66,15.74,N
-17.27564,-61.40934,367.61,2.06,1.4,2026-09-10,120,Terra,MODIS,100,6.1NRT,291.72,303.91,N
-17.27244,-61.39063,325.22,2.07,1.4,2026-09-10,120,Terra,MODIS,100,6.1NRT,289.03,58.53,N
-17.26341,-61.41167,351.76,2.06,1.4,2026-09-10,120,Terra,MODIS,100,6.1NRT,289.95,182.25,N
-17.26018,-61.39291,336.8,2.07,1.4,2026-09-10,120,Terra,MODIS,100,6.1NRT,289.14,102.69,N
-17.12063,-61.50977,309.5,2.04,1.39,2026-09-10,120,Terra,MODIS,78,6.1NRT,289.44,20.69,N
-17.02591,-63.17393,304.23,1.54,1.22,2026-09-10,120,Terra,MODIS,59,6.1NRT,292.59,9.27,N
-16.97261,-60.64832,301.53,2.39,1.49,2026-09-10,120,Terra,MODIS,42,6.1NRT,286.97,11.1,N
-16.74955,-60.18774,331.51,2.62,1.55,2026-09-10,120,Terra,MODIS,100,6.1NRT,291.93,117.38,N
-16.7469,-60.20603,324.54,2.61,1.55,2026-09-10,120,Terra,MODIS,100,6.1NRT,291.59,81.08,N
-16.74263,-60.18246,338.78,2.62,1.55,2026-09-10,120,Terra,MODIS,100,6.1NRT,291.85,159.33,N
-16.74011,-60.21423,305.49,2.61,1.55,2026-09-10,120,Terra,MODIS,45,6.1NRT,291.27,18.7,N
-16.73598,-60.19048,324.27,2.62,1.55,2026-09-10,120,Terra,MODIS,100,6.1NRT,291.58,82.16,N
-16.73338,-60.20888,305.89,2.61,1.55,2026-09-10,120,Terra,MODIS,58,6.1NRT,291.27,19.08,N
-16.71305,-60.21986,323.11,2.61,1.55,2026-09-10,120,Terra,MODIS,100,6.1NRT,291.71,77.97,N
-16.56648,-62.32827,302.49,1.81,1.32,2026-09-10,120,Terra,MODIS,49,6.1NRT,287.36,8.96,N
-16.5626,-62.32238,304.7,1.81,1.32,2026-09-10,120,Terra,MODIS,61,6.1NRT,287.01,12.6,N
-16.18658,-61.66994,310.02,2.07,1.4,2026-09-10,120,Terra,MODIS,79,6.1NRT,288.92,24.89,N
-16.1834,-61.65138,309.32,2.07,1.4,2026-09-10,120,Terra,MODIS,77,6.1NRT,288.86,23.7,N
-16.18089,-61.65724,315.67,2.07,1.4,2026-09-10,120,Terra,MODIS,92,6.1NRT,289.29,36.8,N
-16.07043,-61.6773,327.0,2.07,1.4,2026-09-10,120,Terra,MODIS,100,6.1NRT,289.56,70.92,N
-16.06758,-61.68429,317.2,2.07,1.4,2026-09-10,120,Terra,MODIS,95,6.1NRT,289.13,41.87,N
-16.06717,-61.65854,303.07,2.08,1.4,2026-09-10,120,Terra,MODIS,53,6.1NRT,289.43,12.56,N
-16.06447,-61.66553,317.41,2.08,1.4,2026-09-10,120,Terra,MODIS,95,6.1NRT,289.75,42.83,N
-15.89266,-60.88429,306.1,2.41,1.5,2026-09-10,120,Terra,MODIS,67,6.1NRT,289.89,19.99,N
-15.88335,-60.90853,306.23,2.4,1.49,2026-09-10,120,Terra,MODIS,44,6.1NRT,288.93,18.78,N
-15.87958,-60.88688,311.71,2.41,1.5,2026-09-10,120,Terra,MODIS,83,6.1NRT,290.18,32.6,N
-15.85332,-60.8915,304.67,2.41,1.5,2026-09-10,120,Terra,MODIS,39,6.1NRT,289.43,15.36,N
-15.37198,-63.66592,313.2,1.52,1.22,2026-09-10,120,Terra,MODIS,87,6.1NRT,291.45,20.44,N
-15.36982,-63.65211,307.22,1.53,1.22,2026-09-10,120,Terra,MODIS,71,6.1NRT,291.75,12.4,N
-14.54172,-63.50964,304.57,1.61,1.25,2026-09-10,122,Terra,MODIS,61,6.1NRT,292.17,9.0,N
-14.43199,-68.54279,302.98,1.0,1.0,2026-09-10,122,Terra,MODIS,47,6.1NRT,291.23,4.08,N
-14.26558,-62.17156,302.81,2.06,1.4,2026-09-10,122,Terra,MODIS,52,6.1NRT,292.26,10.0,N
-13.37938,-66.62767,304.63,1.09,1.04,2026-09-10,122,Terra,MODIS,61,6.1NRT,292.0,5.67,N
-13.23501,-61.6715,321.98,2.36,1.48,2026-09-10,122,Terra,MODIS,100,6.1NRT,288.6,62.77,N
-13.23256,-61.66637,335.26,2.36,1.48,2026-09-10,122,Terra,MODIS,100,6.1NRT,289.16,119.81,N
-13.2316,-61.65039,323.82,2.37,1.49,2026-09-10,122,Terra,MODIS,100,6.1NRT,289.01,70.17,N
-13.22898,-61.64529,316.74,2.37,1.49,2026-09-10,122,Terra,MODIS,87,6.1NRT,288.56,44.64,N
-13.2287,-64.58864,315.21,1.42,1.18,2026-09-10,122,Terra,MODIS,91,6.1NRT,291.05,20.37,N
-13.22678,-64.57583,315.72,1.43,1.18,2026-09-10,122,Terra,MODIS,92,6.1NRT,292.33,20.77,N
-13.22458,-64.58298,339.07,1.42,1.18,2026-09-10,122,Terra,MODIS,100,6.1NRT,292.36,68.68,N
-13.22202,-61.67384,304.2,2.36,1.48,2026-09-10,122,Terra,MODIS,39,6.1NRT,288.73,16.39,N
-13.21859,-61.65273,303.89,2.37,1.49,2026-09-10,122,Terra,MODIS,31,6.1NRT,288.14,15.26,N
-13.21833,-64.59035,317.45,1.42,1.18,2026-09-10,122,Terra,MODIS,95,6.1NRT,291.21,23.67,N
-13.2164,-64.57755,317.29,1.43,1.18,2026-09-10,122,Terra,MODIS,95,6.1NRT,292.28,23.23,N
-12.16019,-64.13551,309.43,1.6,1.24,2026-09-10,122,Terra,MODIS,77,6.1NRT,293.27,14.98,N
-11.81851,-65.71796,313.17,1.26,1.12,2026-09-10,122,Terra,MODIS,63,6.1NRT,291.31,12.63,N
-11.80704,-65.70821,307.43,1.27,1.12,2026-09-10,122,Terra,MODIS,35,6.1NRT,289.53,7.77,N
-11.16513,-68.2457,307.59,1.01,1.01,2026-09-10,122,Terra,MODIS,71,6.1NRT,294.67,6.39,N
-11.14704,-68.63299,312.11,1.0,1.0,2026-09-10,122,Terra,MODIS,84,6.1NRT,293.1,9.67,N
-10.85242,-60.84418,304.45,3.05,1.66,2026-09-10,122,Terra,MODIS,56,6.1NRT,292.02,20.62,N
-10.85119,-60.84997,302.12,3.05,1.66,2026-09-10,122,Terra,MODIS,47,6.1NRT,292.05,15.2,N
-10.62338,-67.9285,307.57,1.03,1.02,2026-09-10,122,Terra,MODIS,70,6.1NRT,292.76,6.62,N
-10.61764,-68.6099,306.38,1.01,1.0,2026-09-10,122,Terra,MODIS,67,6.1NRT,294.53,5.71,N
-9.92491,-67.88229,305.61,1.05,1.02,2026-09-10,122,Terra,MODIS,64,6.1NRT,294.57,5.51,N
-9.22467,-63.64984,306.24,1.96,1.37,2026-09-10,122,Terra,MODIS,63,6.1NRT,294.24,13.4,N
-9.21947,-63.65716,305.52,1.96,1.37,2026-09-10,122,Terra,MODIS,37,6.1NRT,293.94,11.13,N
-9.21687,-63.63988,306.52,1.96,1.37,2026-09-10,122,Terra,MODIS,49,6.1NRT,294.14,12.87,N
-9.20349,-65.77187,305.07,1.37,1.16,2026-09-10,122,Terra,MODIS,57,6.1NRT,294.51,6.72,N
-9.16958,-68.21205,310.5,1.04,1.02,2026-09-10,122,Terra,MODIS,78,6.1NRT,294.07,8.57,N
-9.16828,-68.2029,316.99,1.04,1.02,2026-09-10,122,Terra,MODIS,94,6.1NRT,294.84,14.09,N
-9.08417,-67.87067,304.97,1.06,1.03,2026-09-10,122,Terra,MODIS,57,6.1NRT,294.56,4.96,N
-9.04799,-65.42033,318.74,1.45,1.19,2026-09-10,122,Terra,MODIS,97,6.1NRT,295.0,24.05,N
-9.04606,-65.40747,308.46,1.46,1.19,2026-09-10,122,Terra,MODIS,71,6.1NRT,294.82,9.93,N
-9.03754,-65.42197,305.74,1.45,1.19,2026-09-10,122,Terra,MODIS,6,6.1NRT,294.43,6.27,N
-9.03628,-65.7478,306.65,1.38,1.16,2026-09-10,122,Terra,MODIS,64,6.1NRT,294.94,7.98,N
-8.99678,-65.40774,325.98,1.46,1.19,2026-09-10,122,Terra,MODIS,100,6.1NRT,295.16,35.53,N
-8.98908,-60.59035,305.99,3.47,1.75,2026-09-10,122,Terra,MODIS,64,6.1NRT,293.15,31.68,N
-8.98522,-60.58552,306.11,3.47,1.75,2026-09-10,122,Terra,MODIS,65,6.1NRT,293.17,30.71,N
-8.90016,-61.45602,303.98,2.97,1.64,2026-09-10,122,Terra,MODIS,53,6.1NRT,293.87,19.38,N
-8.89591,-61.42986,309.36,2.99,1.64,2026-09-10,122,Terra,MODIS,75,6.1NRT,294.16,36.5,N
-8.88541,-70.84415,306.56,1.06,1.03,2026-09-10,122,Terra,MODIS,66,6.1NRT,291.85,6.43,N
-8.82641,-63.8151,303.81,1.93,1.36,2026-09-10,122,Terra,MODIS,50,6.1NRT,293.31,9.93,N
-8.73831,-62.39419,306.19,2.52,1.53,2026-09-10,122,Terra,MODIS,51,6.1NRT,294.81,16.17,N
-8.73318,-62.38929,306.85,2.52,1.53,2026-09-10,122,Terra,MODIS,66,6.1NRT,294.75,17.54,N
-8.62762,-66.51596,305.75,1.25,1.11,2026-09-10,122,Terra,MODIS,60,6.1NRT,294.84,5.96,N
-8.62453,-66.51113,305.55,1.25,1.11,2026-09-10,122,Terra,MODIS,60,6.1NRT,294.84,5.74,N
-7.84962,-72.9265,305.02,1.32,1.14,2026-09-10,124,Terra,MODIS,59,6.1NRT,291.61,6.94,N
-6.4603,-62.86953,310.63,2.54,1.53,2026-09-10,124,Terra,MODIS,81,6.1NRT,289.46,33.16,N
0.2523,-51.45891,302.69,2.88,1.62,2026-09-10,635,Aqua,MODIS,51,6.1NRT,291.98,18.58,N
0.25496,-51.45113,302.1,2.88,1.62,2026-09-10,635,Aqua,MODIS,47,6.1NRT,292.05,16.7,N
-10.26251,-45.20125,301.6,1.02,1.01,2026-09-10,637,Aqua,MODIS,41,6.1NRT,290.42,4.8,N
-10.07185,-45.48161,304.55,1.01,1.0,2026-09-10,637,Aqua,MODIS,56,6.1NRT,293.21,5.84,N
-9.78839,-47.04971,303.92,1.03,1.01,2026-09-10,637,Aqua,MODIS,58,6.1NRT,290.37,6.43,N
-9.71486,-43.39085,306.19,1.19,1.09,2026-09-10,637,Aqua,MODIS,67,6.1NRT,292.78,9.07,N
-9.70382,-43.39998,311.51,1.19,1.09,2026-09-10,637,Aqua,MODIS,83,6.1NRT,293.08,13.45,N
-9.68378,-43.47182,303.84,1.18,1.08,2026-09-10,637,Aqua,MODIS,55,6.1NRT,292.8,6.89,N
-9.68227,-43.48226,307.72,1.18,1.08,2026-09-10,637,Aqua,MODIS,72,6.1NRT,292.7,10.4,N
-9.67877,-43.43923,301.75,1.19,1.08,2026-09-10,637,Aqua,MODIS,33,6.1NRT,291.69,5.42,N
-9.33666,-45.64586,315.22,1.0,1.0,2026-09-10,637,Aqua,MODIS,91,6.1NRT,295.4,12.63,N
-7.75214,-49.20234,316.72,1.39,1.17,2026-09-10,637,Aqua,MODIS,94,6.1NRT,293.6,23.99,N
-7.50627,-45.26852,308.64,1.0,1.0,2026-09-10,637,Aqua,MODIS,47,6.1NRT,290.71,8.33,N
-7.48742,-45.2747,306.77,1.0,1.0,2026-09-10,637,Aqua,MODIS,16,6.1NRT,291.73,7.32,N
-7.25492,-45.35318,304.13,1.0,1.0,2026-09-10,637,Aqua,MODIS,59,6.1NRT,292.21,6.12,N
-6.76081,-44.57034,303.94,1.02,1.01,2026-09-10,637,Aqua,MODIS,58,6.1NRT,292.67,6.19,N
-6.71225,-45.44988,313.54,1.0,1.0,2026-09-10,637,Aqua,MODIS,87,6.1NRT,292.65,12.81,N
-6.71092,-45.45863,310.83,1.0,1.0,2026-09-10,637,Aqua,MODIS,81,6.1NRT,291.78,10.76,N
-6.16924,-44.63604,312.44,1.01,1.0,2026-09-10,637,Aqua,MODIS,85,6.1NRT,292.84,11.8,N
-6.16045,-44.63473,317.72,1.01,1.0,2026-09-10,637,Aqua,MODIS,96,6.1NRT,293.48,16.02,N
-6.15912,-44.64356,323.38,1.01,1.0,2026-09-10,637,Aqua,MODIS,100,6.1NRT,293.19,21.5,N
-5.76946,-45.07197,321.9,1.0,1.0,2026-09-10,637,Aqua,MODIS,100,6.1NRT,295.67,19.06,N
-5.76813,-45.0807,356.83,1.0,1.0,2026-09-10,637,Aqua,MODIS,100,6.1NRT,300.66,77.33,N
-5.76681,-45.08944,348.71,1.0,1.0,2026-09-10,637,Aqua,MODIS,100,6.1NRT,298.47,58.94,N
-5.75938,-45.0794,338.99,1.0,1.0,2026-09-10,637,Aqua,MODIS,100,6.1NRT,297.67,41.36,N
-5.75806,-45.08814,334.3,1.0,1.0,2026-09-10,637,Aqua,MODIS,100,6.1NRT,296.74,34.11,N
-5.6094,-44.8482,305.9,1.0,1.0,2026-09-10,637,Aqua,MODIS,66,6.1NRT,293.61,6.65,N
-4.85848,-47.4053,308.42,1.18,1.08,2026-09-10,637,Aqua,MODIS,74,6.1NRT,294.52,10.12,N
-4.3628,-47.7709,307.49,1.26,1.11,2026-09-10,637,Aqua,MODIS,72,6.1NRT,293.36,10.28,N
-4.36107,-47.78179,307.06,1.26,1.11,2026-09-10,637,Aqua,MODIS,70,6.1NRT,293.21,9.91,N
-4.36021,-47.77478,313.83,1.26,1.11,2026-09-10,637,Aqua,MODIS,88,6.1NRT,293.53,16.03,N
-3.24371,-47.24582,321.03,1.21,1.09,2026-09-10,637,Aqua,MODIS,100,6.1NRT,294.52,23.54,N
-2.94103,-50.4616,304.99,2.09,1.41,2026-09-10,637,Aqua,MODIS,62,6.1NRT,290.83,14.91,N
-2.93811,-50.47993,307.42,2.1,1.41,2026-09-10,637,Aqua,MODIS,71,6.1NRT,290.73,20.2,N
-2.93697,-50.45559,303.36,2.09,1.41,2026-09-10,637,Aqua,MODIS,10,6.1NRT,290.69,10.58,N
-2.9342,-50.47384,306.11,2.1,1.41,2026-09-10,637,Aqua,MODIS,49,6.1NRT,290.69,16.12,N
-15.08332,-43.11826,305.62,1.46,1.19,2026-09-10,640,Aqua,MODIS,65,6.1NRT,292.79,10.64,N
-14.91536,-44.66481,301.29,1.17,1.08,2026-09-10,640,Aqua,MODIS,40,6.1NRT,290.23,6.03,N
-13.47909,-48.53822,305.09,1.08,1.04,2026-09-10,640,Aqua,MODIS,11,6.1NRT,290.2,8.22,N
-13.44202,-43.83195,343.17,1.25,1.11,2026-09-10,640,Aqua,MODIS,100,6.1NRT,295.22,66.27,N
-13.44046,-43.84301,322.7,1.25,1.11,2026-09-10,640,Aqua,MODIS,100,6.1NRT,293.67,26.45,N
-12.852,-44.33113,330.4,1.16,1.07,2026-09-10,640,Aqua,MODIS,98,6.1NRT,286.99,33.9,N
-12.85055,-44.34144,343.28,1.15,1.07,2026-09-10,640,Aqua,MODIS,100,6.1NRT,287.2,58.28,N
-12.84262,-44.32977,321.02,1.16,1.07,2026-09-10,640,Aqua,MODIS,38,6.1NRT,284.7,21.07,N
-12.84117,-44.34007,341.91,1.15,1.07,2026-09-10,640,Aqua,MODIS,100,6.1NRT,287.09,55.65,N
-12.83179,-44.3387,327.38,1.15,1.07,2026-09-10,640,Aqua,MODIS,86,6.1NRT,284.6,30.22,N
-12.82736,-44.33138,311.18,1.15,1.07,2026-09-10,640,Aqua,MODIS,34,6.1NRT,282.92,11.39,N
-12.82588,-44.34166,311.19,1.15,1.07,2026-09-10,640,Aqua,MODIS,41,6.1NRT,283.55,12.04,N
-12.64063,-47.08625,306.37,1.01,1.0,2026-09-10,640,Aqua,MODIS,68,6.1NRT,294.11,5.95,N
-10.42349,-45.11674,301.9,1.03,1.01,2026-09-10,640,Aqua,MODIS,45,6.1NRT,290.78,5.02,N
-6.55498,-62.87694,302.82,2.56,1.54,2026-09-10,816,Aqua,MODIS,52,6.1NRT,289.26,17.43,N
-6.55196,-62.89932,304.46,2.55,1.54,2026-09-10,816,Aqua,MODIS,60,6.1NRT,289.39,21.01,N
-6.54298,-62.89268,303.98,2.55,1.54,2026-09-10,816,Aqua,MODIS,49,6.1NRT,289.76,18.05,N
-9.0432,-65.41528,306.44,1.76,1.3,2026-09-10,818,Aqua,MODIS,68,6.1NRT,291.92,14.43,N
-9.00012,-65.4023,305.08,1.76,1.3,2026-09-10,818,Aqua,MODIS,63,6.1NRT,291.84,11.84,N
1.25828,-50.72064,316.52,1.01,1.0,2026-09-10,1204,Terra,MODIS,70,6.1NRT,299.14,7.52,D
1.36293,-50.68171,329.01,1.01,1.0,2026-09-10,1204,Terra,MODIS,83,6.1NRT,300.34,20.11,D
1.51685,-50.92331,312.48,1.0,1.0,2026-09-10,1204,Terra,MODIS,48,6.1NRT,298.34,5.01,D
1.79568,-50.81223,309.44,1.0,1.0,2026-09-10,1204,Terra,MODIS,51,6.1NRT,295.87,4.33,D
2.17666,-50.89561,321.66,1.0,1.0,2026-09-10,1204,Terra,MODIS,77,6.1NRT,298.98,12.36,D
2.17791,-50.90436,317.24,1.0,1.0,2026-09-10,1204,Terra,MODIS,72,6.1NRT,299.15,8.2,D
2.22743,-50.73067,319.39,1.0,1.0,2026-09-10,1204,Terra,MODIS,75,6.1NRT,298.77,10.18,D
2.22868,-50.73944,316.61,1.0,1.0,2026-09-10,1204,Terra,MODIS,66,6.1NRT,298.95,7.06,D
-7.58585,-45.68176,335.13,2.71,1.58,2026-09-10,1206,Terra,MODIS,86,6.1NRT,301.54,123.0,D
-7.50331,-45.26426,322.38,2.93,1.63,2026-09-10,1206,Terra,MODIS,75,6.1NRT,302.41,56.9,D
-7.50051,-45.25741,320.05,2.93,1.63,2026-09-10,1206,Terra,MODIS,71,6.1NRT,303.29,43.78,D
-7.49728,-45.28246,316.26,2.91,1.63,2026-09-10,1206,Terra,MODIS,48,6.1NRT,300.98,24.82,D
-6.77514,-45.02076,331.19,2.99,1.64,2026-09-10,1206,Terra,MODIS,84,6.1NRT,299.34,120.0,D
-6.77333,-45.01361,326.32,2.99,1.64,2026-09-10,1206,Terra,MODIS,80,6.1NRT,299.25,90.21,D
-6.772,-45.04678,336.61,2.97,1.64,2026-09-10,1206,Terra,MODIS,88,6.1NRT,298.48,157.14,D
-6.76998,-45.03983,350.09,2.97,1.64,2026-09-10,1206,Terra,MODIS,95,6.1NRT,299.68,275.71,D
-6.1703,-44.62459,321.72,3.14,1.68,2026-09-10,1206,Terra,MODIS,76,6.1NRT,295.79,77.38,D
-6.16685,-44.65159,312.38,3.13,1.68,2026-09-10,1206,Terra,MODIS,59,6.1NRT,296.14,32.36,D
-5.77574,-45.08083,317.65,2.84,1.61,2026-09-10,1206,Terra,MODIS,38,6.1NRT,296.76,35.44,D
-5.7658,-45.08474,324.91,2.84,1.61,2026-09-10,1206,Terra,MODIS,79,6.1NRT,298.76,70.78,D
-5.76161,-45.07871,318.6,2.84,1.61,2026-09-10,1206,Terra,MODIS,53,6.1NRT,296.6,42.23,D
-3.37951,-59.41093,312.19,2.63,1.56,2026-09-10,1206,Terra,MODIS,57,6.1NRT,292.02,19.07,D
-3.27075,-50.07924,309.55,1.13,1.06,2026-09-10,1206,Terra,MODIS,42,6.1NRT,294.89,4.98,D
-3.26934,-50.0891,311.85,1.13,1.06,2026-09-10,1206,Terra,MODIS,57,6.1NRT,295.53,7.08,D
-3.24694,-47.25407,313.67,1.73,1.29,2026-09-10,1206,Terra,MODIS,60,6.1NRT,297.43,16.09,D
-2.9386,-50.46779,319.32,1.08,1.04,2026-09-10,1206,Terra,MODIS,40,6.1NRT,296.9,12.02,D
-2.93726,-50.4772,321.04,1.08,1.04,2026-09-10,1206,Terra,MODIS,41,6.1NRT,297.91,13.71,D
-2.18673,-54.4749,312.77,1.19,1.08,2026-09-10,1206,Terra,MODIS,62,6.1NRT,297.74,7.43,D
-2.11903,-54.37474,312.98,1.17,1.08,2026-09-10,1206,Terra,MODIS,57,6.1NRT,296.34,6.75,D
-2.11753,-54.385,313.3,1.17,1.08,2026-09-10,1206,Terra,MODIS,62,6.1NRT,297.19,7.11,D
-1.7051,-55.02815,309.1,1.3,1.13,2026-09-10,1206,Terra,MODIS,47,6.1NRT,295.67,5.84,D
0.23536,-51.45188,330.14,1.0,1.0,2026-09-10,1206,Terra,MODIS,84,6.1NRT,297.56,22.77,D
0.23661,-51.46062,324.59,1.0,1.0,2026-09-10,1206,Terra,MODIS,80,6.1NRT,297.75,16.02,D
-14.57171,-43.83958,310.99,4.79,2.0,2026-09-10,1208,Terra,MODIS,0,6.1NRT,294.11,40.34,D
-13.52093,-50.9415,319.53,1.32,1.14,2026-09-10,1208,Terra,MODIS,70,6.1NRT,298.41,16.95,D
-13.51938,-50.95342,320.44,1.32,1.14,2026-09-10,1208,Terra,MODIS,71,6.1NRT,297.5,18.13,D
-13.43843,-43.83328,315.08,4.64,1.97,2026-09-10,1208,Terra,MODIS,63,6.1NRT,297.87,69.08,D
-13.43727,-43.82663,313.76,4.64,1.97,2026-09-10,1208,Terra,MODIS,58,6.1NRT,297.86,59.82,D
-12.86008,-44.33042,314.54,4.17,1.89,2026-09-10,1208,Terra,MODIS,53,6.1NRT,297.78,61.42,D
-12.84838,-44.33633,322.63,4.17,1.89,2026-09-10,1208,Terra,MODIS,75,6.1NRT,299.12,121.48,D
-12.84339,-44.32883,327.34,4.17,1.89,2026-09-10,1208,Terra,MODIS,80,6.1NRT,298.39,161.23,D
-12.83945,-44.36561,312.17,4.14,1.88,2026-09-10,1208,Terra,MODIS,13,6.1NRT,297.58,45.04,D
-12.83171,-44.33445,328.55,4.17,1.89,2026-09-10,1208,Terra,MODIS,81,6.1NRT,297.43,170.52,D
-12.50073,-45.26593,317.28,3.47,1.75,2026-09-10,1208,Terra,MODIS,60,6.1NRT,296.93,53.45,D
-12.50031,-45.23964,311.65,3.49,1.76,2026-09-10,1208,Terra,MODIS,24,6.1NRT,296.18,30.66,D
-12.497,-45.27077,314.85,3.47,1.75,2026-09-10,1208,Terra,MODIS,50,6.1NRT,297.47,42.2,D
-11.81078,-52.51445,312.44,1.06,1.03,2026-09-10,1208,Terra,MODIS,43,6.1NRT,299.78,7.12,D
-11.33914,-45.7721,313.03,3.05,1.66,2026-09-10,1208,Terra,MODIS,35,6.1NRT,300.55,20.24,D
-11.3346,-45.7934,313.93,3.03,1.66,2026-09-10,1208,Terra,MODIS,47,6.1NRT,301.04,23.63,D
-10.72954,-45.92565,318.94,2.9,1.62,2026-09-10,1208,Terra,MODIS,50,6.1NRT,303.81,34.67,D
-10.67431,-45.99067,319.62,2.86,1.61,2026-09-10,1208,Terra,MODIS,46,6.1NRT,302.54,42.99,D
-10.55142,-47.10307,327.94,2.31,1.47,2026-09-10,1208,Terra,MODIS,81,6.1NRT,302.49,61.06,D
-10.54961,-47.1096,325.17,2.31,1.47,2026-09-10,1208,Terra,MODIS,78,6.1NRT,302.94,50.14,D
-10.39681,-46.54861,315.92,2.55,1.54,2026-09-10,1208,Terra,MODIS,64,6.1NRT,301.12,26.8,D
-9.78886,-47.04377,326.41,2.28,1.46,2026-09-10,1208,Terra,MODIS,79,6.1NRT,303.01,53.2,D
-9.78638,-47.06386,316.36,2.27,1.46,2026-09-10,1208,Terra,MODIS,40,6.1NRT,303.06,19.55,D
-9.77347,-47.06256,317.15,2.27,1.46,2026-09-10,1208,Terra,MODIS,64,6.1NRT,302.92,23.22,D
-9.60423,-46.75275,309.92,2.39,1.49,2026-09-10,1208,Terra,MODIS,28,6.1NRT,299.45,14.99,D
-9.34034,-45.64236,319.81,2.91,1.63,2026-09-10,1208,Terra,MODIS,55,6.1NRT,303.32,41.98,D
-9.33712,-45.63655,317.2,2.91,1.63,2026-09-10,1208,Terra,MODIS,22,6.1NRT,302.64,34.63,D
-8.99201,-44.98555,313.98,3.25,1.7,2026-09-10,1208,Terra,MODIS,59,6.1NRT,299.88,34.86,D
-8.99068,-44.99177,314.39,3.25,1.7,2026-09-10,1208,Terra,MODIS,60,6.1NRT,300.02,37.48,D
-8.82528,-46.92098,314.47,2.25,1.45,2026-09-10,1208,Terra,MODIS,62,6.1NRT,300.34,23.18,D
-8.82497,-46.92624,312.77,2.25,1.45,2026-09-10,1208,Terra,MODIS,37,6.1NRT,300.92,16.77,D
-6.82705,-58.98553,316.27,2.11,1.41,2026-09-10,1208,Terra,MODIS,73,6.1NRT,288.97,29.76,D
-6.79188,-58.88592,316.3,2.07,1.4,2026-09-10,1208,Terra,MODIS,73,6.1NRT,286.68,32.49,D
-6.78899,-58.90418,311.0,2.08,1.4,2026-09-10,1208,Terra,MODIS,50,6.1NRT,286.3,18.7,D
-6.78645,-58.89775,318.39,2.08,1.4,2026-09-10,1208,Terra,MODIS,67,6.1NRT,286.83,34.43,D
-6.77954,-58.88408,310.79,2.07,1.4,2026-09-10,1208,Terra,MODIS,37,6.1NRT,286.7,18.46,D
-6.77155,-59.43128,311.7,2.29,1.47,2026-09-10,1208,Terra,MODIS,36,6.1NRT,292.56,17.01,D
-6.76789,-58.95739,307.07,2.1,1.41,2026-09-10,1208,Terra,MODIS,46,6.1NRT,288.13,11.57,D
-6.76577,-58.95096,307.09,2.1,1.41,2026-09-10,1208,Terra,MODIS,44,6.1NRT,288.05,11.26,D
-16.75978,-47.12307,307.75,2.84,1.61,2026-09-10,1210,Terra,MODIS,34,6.1NRT,289.21,12.18,D
-16.01582,-61.83752,312.0,2.37,1.49,2026-09-10,1210,Terra,MODIS,61,6.1NRT,293.87,19.25,D
-15.89201,-60.87859,319.8,2.01,1.38,2026-09-10,1210,Terra,MODIS,74,6.1NRT,294.98,34.09,D
-14.94069,-47.02641,317.54,2.73,1.58,2026-09-10,1210,Terra,MODIS,70,6.1NRT,294.39,40.73,D
-14.9381,-47.0509,316.72,2.71,1.58,2026-09-10,1210,Terra,MODIS,69,6.1NRT,294.33,37.75,D
-14.93285,-47.04358,322.2,2.71,1.58,2026-09-10,1210,Terra,MODIS,76,6.1NRT,294.69,58.82,D
-14.61652,-48.86251,312.5,1.93,1.36,2026-09-10,1210,Terra,MODIS,52,6.1NRT,295.73,11.86,D
-24.18796,-61.16911,305.88,1.47,1.2,2026-09-10,1212,Terra,MODIS,58,6.1NRT,292.35,7.66,D
-23.95804,-60.27299,323.66,1.31,1.14,2026-09-10,1212,Terra,MODIS,81,6.1NRT,292.26,27.41,D
-23.95595,-60.28556,318.93,1.31,1.14,2026-09-10,1212,Terra,MODIS,73,6.1NRT,291.2,20.34,D
-23.9448,-57.9044,311.21,1.04,1.02,2026-09-10,1212,Terra,MODIS,68,6.1NRT,293.68,7.73,D
-23.8392,-60.05803,307.11,1.28,1.12,2026-09-10,1212,Terra,MODIS,57,6.1NRT,294.49,6.32,D
-23.81335,-60.09107,308.51,1.29,1.13,2026-09-10,1212,Terra,MODIS,47,6.1NRT,294.24,6.94,D
-23.28813,-58.75332,308.98,1.12,1.05,2026-09-10,1212,Terra,MODIS,47,6.1NRT,293.85,6.18,D
-23.28645,-58.76403,312.78,1.12,1.06,2026-09-10,1212,Terra,MODIS,69,6.1NRT,294.46,9.57,D
-23.04869,-59.73823,306.48,1.26,1.12,2026-09-10,1212,Terra,MODIS,47,6.1NRT,292.63,6.5,D
-22.94845,-60.52159,307.95,1.41,1.17,2026-09-10,1212,Terra,MODIS,58,6.1NRT,293.79,8.17,D
-22.91465,-57.38868,308.09,1.02,1.01,2026-09-10,1212,Terra,MODIS,58,6.1NRT,286.54,4.55,D
-22.9132,-57.39842,321.58,1.02,1.01,2026-09-10,1212,Terra,MODIS,80,6.1NRT,286.94,16.47,D
-22.91298,-61.24409,326.24,1.57,1.24,2026-09-10,1212,Terra,MODIS,83,6.1NRT,295.1,38.37,D
-22.90871,-60.7182,308.38,1.45,1.19,2026-09-10,1212,Terra,MODIS,59,6.1NRT,294.06,7.31,D
-22.90348,-61.24881,315.95,1.57,1.24,2026-09-10,1212,Terra,MODIS,72,6.1NRT,294.63,18.52,D
-22.90294,-60.7232,309.71,1.45,1.19,2026-09-10,1212,Terra,MODIS,63,6.1NRT,294.53,9.26,D
-22.68312,-60.21417,311.16,1.36,1.16,2026-09-10,1212,Terra,MODIS,65,6.1NRT,294.43,10.71,D
-22.5477,-60.66513,310.7,1.46,1.19,2026-09-10,1212,Terra,MODIS,57,6.1NRT,294.83,9.72,D
-22.54176,-60.6699,309.05,1.46,1.19,2026-09-10,1212,Terra,MODIS,39,6.1NRT,295.32,8.0,D
-22.43687,-57.92142,345.43,1.06,1.03,2026-09-10,1212,Terra,MODIS,94,6.1NRT,290.71,54.25,D
-22.43531,-57.9315,310.87,1.06,1.03,2026-09-10,1212,Terra,MODIS,68,6.1NRT,289.34,6.96,D
-22.42953,-57.91422,313.63,1.06,1.03,2026-09-10,1212,Terra,MODIS,72,6.1NRT,290.0,9.27,D
-22.42801,-57.92432,324.24,1.06,1.03,2026-09-10,1212,Terra,MODIS,82,6.1NRT,290.85,20.06,D
-22.12636,-61.38398,308.74,1.66,1.27,2026-09-10,1212,Terra,MODIS,59,6.1NRT,294.56,10.27,D
-22.12366,-61.39968,329.72,1.67,1.27,2026-09-10,1212,Terra,MODIS,85,6.1NRT,295.32,52.31,D
-21.99688,-58.02229,310.16,1.08,1.04,2026-09-10,1212,Terra,MODIS,53,6.1NRT,285.22,9.66,D
-21.98772,-58.02069,312.05,1.08,1.04,2026-09-10,1212,Terra,MODIS,59,6.1NRT,283.15,11.48,D
-21.89937,-61.29379,310.27,1.65,1.26,2026-09-10,1212,Terra,MODIS,61,6.1NRT,295.37,11.61,D
-21.71281,-60.12153,307.09,1.39,1.17,2026-09-10,1212,Terra,MODIS,31,6.1NRT,285.56,8.94,D
-21.36686,-61.63476,315.23,1.79,1.31,2026-09-10,1212,Terra,MODIS,27,6.1NRT,291.22,21.36,D
-21.36512,-62.03617,306.46,1.91,1.35,2026-09-10,1212,Terra,MODIS,51,6.1NRT,290.03,13.99,D
-21.36274,-61.64062,311.19,1.79,1.31,2026-09-10,1212,Terra,MODIS,24,6.1NRT,291.35,15.04,D
-20.85579,-58.10996,321.55,1.12,1.05,2026-09-10,1212,Terra,MODIS,81,6.1NRT,290.21,19.57,D
-20.85416,-58.12043,311.6,1.12,1.05,2026-09-10,1212,Terra,MODIS,71,6.1NRT,290.02,9.37,D
-20.40055,-58.43833,322.14,1.17,1.08,2026-09-10,1212,Terra,MODIS,81,6.1NRT,286.48,21.06,D
-20.39885,-58.44928,318.64,1.17,1.08,2026-09-10,1212,Terra,MODIS,73,6.1NRT,283.88,16.64,D
-18.47914,-51.70737,310.0,1.37,1.16,2026-09-10,1212,Terra,MODIS,30,6.1NRT,295.24,5.09,D
-18.47756,-51.72004,338.4,1.36,1.16,2026-09-10,1212,Terra,MODIS,89,6.1NRT,295.31,55.25,D
-18.03812,-51.22356,310.17,1.45,1.19,2026-09-10,1212,Terra,MODIS,49,6.1NRT,294.17,8.82,D
-17.28135,-61.39034,322.39,2.07,1.4,2026-09-10,1212,Terra,MODIS,63,6.1NRT,291.68,38.41,D
-17.27805,-61.40926,325.74,2.07,1.4,2026-09-10,1212,Terra,MODIS,80,6.1NRT,294.05,48.64,D
-17.26907,-61.38799,321.08,2.07,1.4,2026-09-10,1212,Terra,MODIS,52,6.1NRT,295.15,34.05,D
-17.26574,-61.40693,327.52,2.07,1.4,2026-09-10,1212,Terra,MODIS,82,6.1NRT,296.6,54.29,D
-16.73024,-60.22525,318.62,1.73,1.29,2026-09-10,1212,Terra,MODIS,43,6.1NRT,296.12,21.17,D
-16.71888,-60.2232,318.69,1.73,1.29,2026-09-10,1212,Terra,MODIS,35,6.1NRT,296.22,20.74,D
-33.37484,-60.14511,318.05,1.02,1.01,2026-09-10,1214,Terra,MODIS,74,6.1NRT,288.42,17.18,D
-33.3732,-60.1559,303.2,1.02,1.01,2026-09-10,1214,Terra,MODIS,55,6.1NRT,288.16,6.01,D
-31.91508,-62.15611,328.46,1.25,1.11,2026-09-10,1214,Terra,MODIS,86,6.1NRT,288.47,38.58,D
-31.91289,-62.16904,309.35,1.25,1.11,2026-09-10,1214,Terra,MODIS,68,6.1NRT,286.32,13.62,D
-31.11615,-58.57103,306.13,1.0,1.0,2026-09-10,1214,Terra,MODIS,58,6.1NRT,287.14,8.5,D
-31.06923,-58.11636,317.87,1.0,1.0,2026-09-10,1214,Terra,MODIS,78,6.1NRT,288.38,16.78,D
-30.50803,-58.11219,310.68,1.0,1.0,2026-09-10,1214,Terra,MODIS,70,6.1NRT,288.08,10.79,D
-29.89235,-58.17047,302.56,1.0,1.0,2026-09-10,1214,Terra,MODIS,53,6.1NRT,288.92,5.44,D
-29.26172,-58.44688,303.33,1.0,1.0,2026-09-10,1214,Terra,MODIS,56,6.1NRT,289.49,5.33,D
-28.69212,-59.71296,300.92,1.08,1.04,2026-09-10,1214,Terra,MODIS,43,6.1NRT,288.6,5.07,D
-28.59899,-56.18559,301.72,1.06,1.03,2026-09-10,1214,Terra,MODIS,49,6.1NRT,290.65,4.69,D
-28.59447,-61.27481,359.21,1.26,1.12,2026-09-10,1214,Terra,MODIS,99,6.1NRT,291.75,119.07,D
-28.59234,-61.28744,307.13,1.27,1.12,2026-09-10,1214,Terra,MODIS,65,6.1NRT,289.95,10.45,D
-28.06904,-61.39632,306.54,1.31,1.13,2026-09-10,1214,Terra,MODIS,60,6.1NRT,289.26,10.3,D
-28.06859,-61.40307,307.4,1.31,1.14,2026-09-10,1214,Terra,MODIS,60,6.1NRT,288.94,10.76,D
-27.97103,-58.132,316.46,1.01,1.0,2026-09-10,1214,Terra,MODIS,72,6.1NRT,290.26,13.92,D
-27.96956,-58.14202,320.03,1.01,1.0,2026-09-10,1214,Terra,MODIS,80,6.1NRT,291.09,17.26,D
-27.67184,-57.12791,300.72,1.0,1.0,2026-09-10,1214,Terra,MODIS,41,6.1NRT,290.16,3.36,D
-27.66296,-57.12638,303.74,1.0,1.0,2026-09-10,1214,Terra,MODIS,57,6.1NRT,290.18,5.18,D
-27.08505,-63.12866,303.74,1.75,1.3,2026-09-10,1214,Terra,MODIS,53,6.1NRT,290.81,9.92,D
-27.07365,-63.12606,304.25,1.75,1.3,2026-09-10,1214,Terra,MODIS,58,6.1NRT,293.0,10.93,D
-27.05451,-61.37714,302.54,1.36,1.15,2026-09-10,1214,Terra,MODIS,53,6.1NRT,292.23,5.08,D
-26.8807,-62.46651,305.16,1.6,1.24,2026-09-10,1214,Terra,MODIS,61,6.1NRT,293.53,9.43,D
-26.52066,-60.87779,306.31,1.29,1.13,2026-09-10,1214,Terra,MODIS,63,6.1NRT,292.84,8.11,D
-26.04668,-60.88084,303.31,1.32,1.14,2026-09-10,1214,Terra,MODIS,43,6.1NRT,290.7,6.51,D
-2.92451,-71.06101,305.22,2.0,1.38,2026-09-10,1344,Terra,MODIS,42,6.1NRT,291.06,7.99,D
-9.08779,-67.87305,307.65,4.5,1.95,2026-09-10,1346,Terra,MODIS,44,6.1NRT,289.39,36.18,D
-13.46188,-69.9297,303.7,3.57,1.77,2026-09-10,1348,Terra,MODIS,57,6.1NRT,285.69,19.68,D
-21.54935,-41.35743,311.77,1.15,1.07,2026-09-10,1849,Aqua,MODIS,67,6.1NRT,295.03,7.19,D
-21.54761,-41.34672,320.44,1.15,1.07,2026-09-10,1849,Aqua,MODIS,78,6.1NRT,294.65,16.71,D
-21.06926,-42.76912,312.15,1.03,1.02,2026-09-10,1849,Aqua,MODIS,67,6.1NRT,295.77,6.36,D
-20.91487,-42.25249,309.27,1.07,1.03,2026-09-10,1849,Aqua,MODIS,58,6.1NRT,294.61,5.47,D
-20.05186,-45.33176,307.15,1.03,1.02,2026-09-10,1849,Aqua,MODIS,57,6.1NRT,291.7,4.69,D
-19.48054,-42.5459,314.42,1.08,1.04,2026-09-10,1849,Aqua,MODIS,66,6.1NRT,297.67,6.72,D
-19.07296,-46.04002,312.4,1.07,1.03,2026-09-10,1849,Aqua,MODIS,64,6.1NRT,296.92,7.13,D
-18.8778,-48.92875,320.29,1.54,1.22,2026-09-10,1849,Aqua,MODIS,75,6.1NRT,298.55,19.89,D
-18.86708,-48.93047,318.14,1.54,1.22,2026-09-10,1849,Aqua,MODIS,72,6.1NRT,297.26,15.48,D
-18.84294,-47.07001,365.14,1.18,1.08,2026-09-10,1849,Aqua,MODIS,100,6.1NRT,298.55,122.38,D
-18.84151,-47.05909,347.12,1.18,1.08,2026-09-10,1849,Aqua,MODIS,94,6.1NRT,296.96,65.41,D
-18.83856,-47.07742,314.48,1.18,1.08,2026-09-10,1849,Aqua,MODIS,46,6.1NRT,295.98,10.64,D
-18.83707,-47.06651,337.08,1.18,1.08,2026-09-10,1849,Aqua,MODIS,84,6.1NRT,295.6,44.15,D
-18.57419,-43.62094,309.45,1.02,1.01,2026-09-10,1849,Aqua,MODIS,52,6.1NRT,296.65,4.35,D
-18.30614,-45.11504,310.73,1.01,1.0,2026-09-10,1849,Aqua,MODIS,33,6.1NRT,296.06,5.5,D
-18.10917,-50.40859,326.95,1.93,1.36,2026-09-10,1849,Aqua,MODIS,81,6.1NRT,293.49,44.94,D
-18.10711,-50.3912,338.74,1.92,1.35,2026-09-10,1849,Aqua,MODIS,89,6.1NRT,294.75,87.07,D
-18.09523,-50.39296,316.96,1.92,1.35,2026-09-10,1849,Aqua,MODIS,60,6.1NRT,292.12,18.82,D
-18.04852,-43.87126,310.98,1.02,1.01,2026-09-10,1849,Aqua,MODIS,53,6.1NRT,298.4,4.44,D
-18.00082,-44.60836,315.68,1.0,1.0,2026-09-10,1849,Aqua,MODIS,66,6.1NRT,300.71,6.37,D
-17.89212,-44.7452,313.66,1.0,1.0,2026-09-10,1849,Aqua,MODIS,61,6.1NRT,299.8,6.23,D
-17.65707,-42.30106,314.39,1.16,1.07,2026-09-10,1849,Aqua,MODIS,67,6.1NRT,296.96,9.39,D
-17.61987,-46.66309,328.56,1.1,1.05,2026-09-10,1849,Aqua,MODIS,82,6.1NRT,299.91,22.32,D
-16.38539,-45.111,325.64,1.0,1.0,2026-09-10,1849,Aqua,MODIS,76,6.1NRT,307.22,13.65,D
-16.30284,-48.81466,315.02,1.39,1.17,2026-09-10,1849,Aqua,MODIS,41,6.1NRT,298.04,10.22,D
-16.18122,-41.69346,325.73,1.31,1.14,2026-09-10,1849,Aqua,MODIS,80,6.1NRT,297.35,27.6,D
-16.16256,-46.71856,348.68,1.07,1.03,2026-09-10,1849,Aqua,MODIS,89,6.1NRT,304.83,57.66,D
-16.1612,-46.70881,349.62,1.07,1.03,2026-09-10,1849,Aqua,MODIS,95,6.1NRT,303.71,59.75,D
-16.14343,-46.78104,343.6,1.08,1.04,2026-09-10,1849,Aqua,MODIS,92,6.1NRT,302.49,45.91,D
-16.14208,-46.77132,324.9,1.08,1.04,2026-09-10,1849,Aqua,MODIS,77,6.1NRT,303.27,15.52,D
-16.09608,-47.86339,321.24,1.21,1.09,2026-09-10,1849,Aqua,MODIS,67,6.1NRT,301.23,14.6,D
-16.09345,-47.86934,319.9,1.21,1.09,2026-09-10,1849,Aqua,MODIS,43,6.1NRT,300.83,13.14,D
-15.91958,-42.37172,317.47,1.21,1.09,2026-09-10,1849,Aqua,MODIS,70,6.1NRT,297.16,13.93,D
-15.73327,-42.66962,329.83,1.17,1.08,2026-09-10,1849,Aqua,MODIS,83,6.1NRT,301.35,28.98,D
-15.7316,-42.65921,333.23,1.17,1.08,2026-09-10,1849,Aqua,MODIS,85,6.1NRT,300.66,34.78,D
-15.60582,-41.82017,328.36,1.31,1.14,2026-09-10,1849,Aqua,MODIS,82,6.1NRT,299.72,33.58,D
-15.46187,-42.33463,322.88,1.23,1.1,2026-09-10,1849,Aqua,MODIS,76,6.1NRT,299.55,20.65,D
-15.37953,-42.7121,315.96,1.18,1.08,2026-09-10,1849,Aqua,MODIS,63,6.1NRT,299.87,9.95,D
-15.33852,-42.78874,322.74,1.17,1.08,2026-09-10,1849,Aqua,MODIS,73,6.1NRT,304.04,15.21,D
-15.17324,-43.93586,316.33,1.05,1.02,2026-09-10,1849,Aqua,MODIS,54,6.1NRT,303.28,6.21,D
-15.17177,-43.92638,332.62,1.05,1.02,2026-09-10,1849,Aqua,MODIS,83,6.1NRT,304.9,25.37,D
-15.07497,-50.3856,319.29,1.73,1.29,2026-09-10,1849,Aqua,MODIS,67,6.1NRT,300.67,18.77,D
-14.91658,-44.67789,317.65,1.01,1.01,2026-09-10,1849,Aqua,MODIS,59,6.1NRT,306.61,7.84,D
-14.9152,-44.66876,319.08,1.01,1.01,2026-09-10,1849,Aqua,MODIS,63,6.1NRT,306.2,9.07,D
-14.90777,-44.6793,318.33,1.01,1.01,2026-09-10,1849,Aqua,MODIS,59,6.1NRT,305.41,8.09,D
-14.68357,-44.1214,322.2,1.05,1.02,2026-09-10,1849,Aqua,MODIS,69,6.1NRT,305.21,8.74,D
-14.68018,-42.84713,332.95,1.18,1.08,2026-09-10,1849,Aqua,MODIS,84,6.1NRT,305.03,29.57,D
-14.6788,-46.85419,322.0,1.06,1.03,2026-09-10,1849,Aqua,MODIS,58,6.1NRT,306.29,9.37,D
-14.67606,-44.13221,360.96,1.04,1.02,2026-09-10,1849,Aqua,MODIS,100,6.1NRT,310.53,82.0,D
-14.67463,-44.12283,456.91,1.05,1.02,2026-09-10,1849,Aqua,MODIS,100,6.1NRT,327.18,845.84,D
-14.67319,-44.11345,344.49,1.05,1.02,2026-09-10,1849,Aqua,MODIS,91,6.1NRT,306.13,41.59,D
-14.66713,-44.13367,320.94,1.04,1.02,2026-09-10,1849,Aqua,MODIS,53,6.1NRT,305.43,7.64,D
-14.66569,-44.12427,368.3,1.05,1.02,2026-09-10,1849,Aqua,MODIS,100,6.1NRT,309.53,105.66,D
-14.66425,-44.11489,343.82,1.05,1.02,2026-09-10,1849,Aqua,MODIS,91,6.1NRT,304.73,40.65,D
-14.61364,-47.24143,325.81,1.09,1.04,2026-09-10,1849,Aqua,MODIS,76,6.1NRT,304.26,16.65,D
-14.50205,-50.11635,332.76,1.62,1.25,2026-09-10,1849,Aqua,MODIS,83,6.1NRT,303.83,45.57,D
-14.41124,-45.50375,318.11,1.0,1.0,2026-09-10,1849,Aqua,MODIS,55,6.1NRT,306.3,6.56,D
-14.37162,-48.50713,325.94,1.25,1.11,2026-09-10,1849,Aqua,MODIS,75,6.1NRT,304.07,21.47,D
-14.37013,-48.49602,328.56,1.25,1.11,2026-09-10,1849,Aqua,MODIS,79,6.1NRT,304.25,25.23,D
-14.19244,-42.80666,322.07,1.2,1.09,2026-09-10,1849,Aqua,MODIS,69,6.1NRT,306.64,10.58,D
-14.07906,-45.63554,321.52,1.0,1.0,2026-09-10,1849,Aqua,MODIS,34,6.1NRT,303.99,10.09,D
-14.07774,-45.62656,326.54,1.0,1.0,2026-09-10,1849,Aqua,MODIS,58,6.1NRT,307.05,15.37,D
-14.05724,-40.64632,315.88,1.68,1.27,2026-09-10,1849,Aqua,MODIS,65,6.1NRT,300.77,12.44,D
-14.05203,-47.04926,330.7,1.06,1.03,2026-09-10,1849,Aqua,MODIS,81,6.1NRT,307.61,19.66,D
-13.84534,-42.50147,320.98,1.27,1.12,2026-09-10,1849,Aqua,MODIS,67,6.1NRT,302.51,16.93,D
-13.83561,-42.50327,325.54,1.27,1.12,2026-09-10,1849,Aqua,MODIS,75,6.1NRT,302.53,22.88,D
-13.81909,-48.57766,318.38,1.25,1.11,2026-09-10,1849,Aqua,MODIS,62,6.1NRT,302.47,9.57,D
-13.81759,-48.56651,317.63,1.24,1.11,2026-09-10,1849,Aqua,MODIS,60,6.1NRT,302.98,9.06,D
-13.79499,-52.7138,324.39,2.51,1.52,2026-09-10,1849,Aqua,MODIS,70,6.1NRT,293.72,54.77,D
-13.79219,-52.69155,325.58,2.5,1.52,2026-09-10,1849,Aqua,MODIS,75,6.1NRT,294.79,57.89,D
-13.7901,-52.70939,333.75,2.51,1.52,2026-09-10,1849,Aqua,MODIS,84,6.1NRT,295.27,100.43,D
-13.70401,-48.47547,317.75,1.23,1.1,2026-09-10,1849,Aqua,MODIS,60,6.1NRT,303.23,10.64,D
-13.70252,-48.46442,319.66,1.22,1.1,2026-09-10,1849,Aqua,MODIS,65,6.1NRT,303.41,12.91,D
-13.63285,-42.59055,315.98,1.26,1.12,2026-09-10,1849,Aqua,MODIS,53,6.1NRT,303.68,8.55,D
-13.56476,-44.30077,330.35,1.05,1.02,2026-09-10,1849,Aqua,MODIS,79,6.1NRT,310.36,17.59,D
-13.56332,-44.29137,321.74,1.05,1.02,2026-09-10,1849,Aqua,MODIS,65,6.1NRT,310.22,7.13,D
-13.49754,-48.55703,319.49,1.23,1.1,2026-09-10,1849,Aqua,MODIS,55,6.1NRT,299.75,11.5,D
-13.49604,-48.54615,320.85,1.23,1.1,2026-09-10,1849,Aqua,MODIS,64,6.1NRT,299.53,13.22,D
-13.48919,-49.16356,338.87,1.34,1.15,2026-09-10,1849,Aqua,MODIS,87,6.1NRT,309.11,45.65,D
-13.48755,-49.15147,354.32,1.34,1.15,2026-09-10,1849,Aqua,MODIS,97,6.1NRT,310.32,91.89,D
-13.47912,-49.16494,354.71,1.34,1.15,2026-09-10,1849,Aqua,MODIS,97,6.1NRT,310.36,93.33,D
-13.47749,-49.15295,346.75,1.34,1.15,2026-09-10,1849,Aqua,MODIS,93,6.1NRT,310.3,66.18,D
-13.42785,-51.37719,327.55,1.94,1.36,2026-09-10,1849,Aqua,MODIS,67,6.1NRT,301.98,40.62,D
-13.42131,-51.37298,323.37,1.94,1.36,2026-09-10,1849,Aqua,MODIS,0,6.1NRT,302.68,27.88,D
-13.41546,-44.17266,323.45,1.06,1.03,2026-09-10,1849,Aqua,MODIS,69,6.1NRT,310.6,10.05,D
-13.2226,-42.77584,319.74,1.24,1.11,2026-09-10,1849,Aqua,MODIS,65,6.1NRT,305.45,12.19,D
-13.16055,-45.42847,323.47,1.0,1.0,2026-09-10,1849,Aqua,MODIS,71,6.1NRT,305.4,11.89,D
-13.11001,-47.50336,319.79,1.08,1.04,2026-09-10,1849,Aqua,MODIS,55,6.1NRT,301.03,12.59,D
-13.04933,-48.64182,321.19,1.23,1.1,2026-09-10,1849,Aqua,MODIS,65,6.1NRT,305.2,12.65,D
-12.84056,-44.34262,327.21,1.06,1.03,2026-09-10,1849,Aqua,MODIS,45,6.1NRT,314.83,13.78,D
-12.37937,-43.44751,323.38,1.17,1.08,2026-09-10,1849,Aqua,MODIS,71,6.1NRT,309.81,11.85,D
-12.37775,-43.43707,328.25,1.17,1.08,2026-09-10,1849,Aqua,MODIS,78,6.1NRT,308.59,18.9,D
-12.03727,-41.79457,314.7,1.51,1.21,2026-09-10,1849,Aqua,MODIS,53,6.1NRT,303.61,9.72,D
-12.0351,-41.78099,346.29,1.51,1.21,2026-09-10,1849,Aqua,MODIS,93,6.1NRT,305.53,86.11,D
-13.31728,-51.32852,316.89,1.91,1.35,2026-09-10,1851,Aqua,MODIS,29,6.1NRT,299.99,14.86,D
-12.50983,-45.26436,323.7,1.01,1.01,2026-09-10,1851,Aqua,MODIS,55,6.1NRT,311.77,9.93,D
-12.50848,-45.25534,324.34,1.01,1.01,2026-09-10,1851,Aqua,MODIS,61,6.1NRT,309.88,10.68,D
-12.50103,-45.26574,334.98,1.01,1.01,2026-09-10,1851,Aqua,MODIS,84,6.1NRT,313.15,23.16,D
-12.49968,-45.25673,328.15,1.01,1.01,2026-09-10,1851,Aqua,MODIS,63,6.1NRT,311.09,14.21,D
-12.19675,-47.1781,325.0,1.04,1.02,2026-09-10,1851,Aqua,MODIS,63,6.1NRT,307.23,15.42,D
-12.18564,-53.25305,314.83,2.62,1.55,2026-09-10,1851,Aqua,MODIS,32,6.1NRT,297.32,29.06,D
-12.10867,-45.81268,336.65,1.0,1.0,2026-09-10,1851,Aqua,MODIS,85,6.1NRT,311.44,25.8,D
-12.1036,-45.34109,339.35,1.01,1.01,2026-09-10,1851,Aqua,MODIS,87,6.1NRT,312.13,29.07,D
-12.10226,-45.33208,334.07,1.01,1.01,2026-09-10,1851,Aqua,MODIS,83,6.1NRT,313.11,21.22,D
-12.09481,-45.34247,341.23,1.01,1.01,2026-09-10,1851,Aqua,MODIS,89,6.1NRT,314.53,33.79,D
-12.09346,-45.33347,332.95,1.01,1.01,2026-09-10,1851,Aqua,MODIS,82,6.1NRT,312.97,20.71,D
-12.0887,-45.36185,322.98,1.01,1.01,2026-09-10,1851,Aqua,MODIS,59,6.1NRT,310.39,9.4,D
-12.05171,-51.37601,323.05,1.85,1.33,2026-09-10,1851,Aqua,MODIS,73,6.1NRT,301.63,30.58,D
-12.05025,-51.38614,318.47,1.85,1.33,2026-09-10,1851,Aqua,MODIS,62,6.1NRT,300.44,18.97,D
-12.04819,-51.36972,316.1,1.85,1.33,2026-09-10,1851,Aqua,MODIS,41,6.1NRT,300.87,13.07,D
-11.95631,-50.834,330.7,1.67,1.27,2026-09-10,1851,Aqua,MODIS,0,6.1NRT,302.78,48.13,D
-11.95178,-49.74576,320.66,1.4,1.17,2026-09-10,1851,Aqua,MODIS,64,6.1NRT,304.91,15.29,D
-11.94861,-49.26959,320.53,1.3,1.13,2026-09-10,1851,Aqua,MODIS,63,6.1NRT,307.55,10.99,D
-11.94755,-41.81632,321.16,1.51,1.21,2026-09-10,1851,Aqua,MODIS,70,6.1NRT,305.33,16.26,D
-11.92139,-44.7393,324.85,1.05,1.02,2026-09-10,1851,Aqua,MODIS,71,6.1NRT,311.31,11.42,D
-11.91245,-44.74073,391.62,1.05,1.02,2026-09-10,1851,Aqua,MODIS,100,6.1NRT,320.25,207.62,D
-11.91104,-44.73141,348.64,1.05,1.02,2026-09-10,1851,Aqua,MODIS,94,6.1NRT,312.49,49.88,D
-11.86751,-44.87796,327.11,1.04,1.02,2026-09-10,1851,Aqua,MODIS,46,6.1NRT,311.74,12.59,D
-11.85859,-44.87931,332.23,1.04,1.02,2026-09-10,1851,Aqua,MODIS,80,6.1NRT,312.39,19.46,D
-11.85721,-44.87016,333.7,1.04,1.02,2026-09-10,1851,Aqua,MODIS,82,6.1NRT,313.36,21.28,D
-11.85583,-44.86095,333.33,1.04,1.02,2026-09-10,1851,Aqua,MODIS,64,6.1NRT,313.25,19.91,D
-11.7733,-43.05412,327.51,1.26,1.11,2026-09-10,1851,Aqua,MODIS,76,6.1NRT,309.34,20.25,D
-11.55483,-47.98202,319.47,1.1,1.05,2026-09-10,1851,Aqua,MODIS,53,6.1NRT,305.0,8.76,D
-11.45371,-47.27222,359.18,1.04,1.02,2026-09-10,1851,Aqua,MODIS,99,6.1NRT,311.96,75.05,D
-11.45239,-47.26302,342.02,1.04,1.02,2026-09-10,1851,Aqua,MODIS,89,6.1NRT,310.03,34.93,D
-11.45107,-47.25382,347.48,1.04,1.02,2026-09-10,1851,Aqua,MODIS,93,6.1NRT,310.57,44.93,D
-11.44974,-47.24462,344.0,1.03,1.02,2026-09-10,1851,Aqua,MODIS,91,6.1NRT,311.22,38.24,D
-11.44216,-47.25514,331.55,1.04,1.02,2026-09-10,1851,Aqua,MODIS,76,6.1NRT,310.95,17.13,D
-11.41303,-43.95619,345.4,1.13,1.06,2026-09-10,1851,Aqua,MODIS,92,6.1NRT,310.64,47.34,D
-11.41147,-43.94613,328.08,1.14,1.06,2026-09-10,1851,Aqua,MODIS,42,6.1NRT,308.89,12.93,D
-11.40531,-43.96775,353.11,1.13,1.06,2026-09-10,1851,Aqua,MODIS,96,6.1NRT,309.58,69.03,D
-11.40375,-43.9577,355.88,1.13,1.06,2026-09-10,1851,Aqua,MODIS,98,6.1NRT,315.21,74.19,D
-11.40218,-43.94763,346.65,1.14,1.06,2026-09-10,1851,Aqua,MODIS,92,6.1NRT,314.15,48.55,D
-11.39898,-47.72514,318.94,1.07,1.03,2026-09-10,1851,Aqua,MODIS,56,6.1NRT,303.0,10.81,D
-11.39603,-43.96924,364.37,1.13,1.06,2026-09-10,1851,Aqua,MODIS,100,6.1NRT,311.48,104.52,D
-11.39447,-43.95919,410.8,1.13,1.06,2026-09-10,1851,Aqua,MODIS,100,6.1NRT,321.08,373.76,D
-11.39289,-43.94913,355.36,1.14,1.06,2026-09-10,1851,Aqua,MODIS,97,6.1NRT,314.0,72.72,D
-11.39132,-43.93905,328.86,1.14,1.06,2026-09-10,1851,Aqua,MODIS,45,6.1NRT,311.73,15.97,D
-11.37598,-46.92068,325.07,1.02,1.01,2026-09-10,1851,Aqua,MODIS,71,6.1NRT,306.82,12.97,D
-11.352,-45.81528,332.71,1.0,1.0,2026-09-10,1851,Aqua,MODIS,81,6.1NRT,310.43,20.55,D
-11.35069,-45.80638,323.26,1.0,1.0,2026-09-10,1851,Aqua,MODIS,65,6.1NRT,307.55,9.34,D
-11.34937,-45.79747,320.38,1.0,1.0,2026-09-10,1851,Aqua,MODIS,41,6.1NRT,307.11,6.35,D
-11.34063,-47.64332,316.53,1.06,1.03,2026-09-10,1851,Aqua,MODIS,28,6.1NRT,305.12,5.88,D
-11.33928,-45.78992,330.04,1.0,1.0,2026-09-10,1851,Aqua,MODIS,78,6.1NRT,310.01,16.45,D
-11.33796,-45.78101,333.04,1.0,1.0,2026-09-10,1851,Aqua,MODIS,81,6.1NRT,309.23,20.66,D
-11.28421,-47.69998,321.26,1.07,1.03,2026-09-10,1851,Aqua,MODIS,64,6.1NRT,306.73,11.04,D
-11.27505,-47.69717,320.16,1.07,1.03,2026-09-10,1851,Aqua,MODIS,61,6.1NRT,304.98,11.3,D
-11.21959,-47.69588,327.66,1.06,1.03,2026-09-10,1851,Aqua,MODIS,76,6.1NRT,304.35,19.53,D
-11.21824,-47.68634,362.03,1.06,1.03,2026-09-10,1851,Aqua,MODIS,100,6.1NRT,303.05,91.6,D
-11.19929,-42.79232,344.32,1.33,1.14,2026-09-10,1851,Aqua,MODIS,91,6.1NRT,309.88,59.66,D
-11.19738,-42.78054,321.64,1.33,1.14,2026-09-10,1851,Aqua,MODIS,65,6.1NRT,309.17,11.47,D
-11.18152,-45.03862,324.26,1.04,1.02,2026-09-10,1851,Aqua,MODIS,69,6.1NRT,309.86,10.21,D
-11.18013,-45.02946,325.5,1.04,1.02,2026-09-10,1851,Aqua,MODIS,72,6.1NRT,310.0,12.11,D
-11.1197,-47.06028,357.41,1.02,1.01,2026-09-10,1851,Aqua,MODIS,98,6.1NRT,312.97,68.76,D
-11.1184,-47.05124,332.23,1.02,1.01,2026-09-10,1851,Aqua,MODIS,81,6.1NRT,311.94,19.12,D
-11.11216,-47.07065,351.92,1.02,1.01,2026-09-10,1851,Aqua,MODIS,95,6.1NRT,312.3,55.97,D
-11.11086,-47.06161,339.75,1.02,1.01,2026-09-10,1851,Aqua,MODIS,88,6.1NRT,314.94,30.95,D
-11.06187,-47.62602,341.84,1.06,1.03,2026-09-10,1851,Aqua,MODIS,89,6.1NRT,309.05,39.82,D
-11.06054,-47.61673,320.23,1.05,1.03,2026-09-10,1851,Aqua,MODIS,60,6.1NRT,307.27,8.85,D
-11.04468,-49.68591,336.78,1.34,1.15,2026-09-10,1851,Aqua,MODIS,86,6.1NRT,309.46,39.19,D
-10.95835,-41.98197,325.47,1.53,1.22,2026-09-10,1851,Aqua,MODIS,73,6.1NRT,308.78,21.09,D
-10.95802,-48.32299,328.61,1.12,1.06,2026-09-10,1851,Aqua,MODIS,77,6.1NRT,307.26,18.35,D
-10.95759,-49.64354,321.99,1.33,1.14,2026-09-10,1851,Aqua,MODIS,65,6.1NRT,304.85,13.92,D
-10.95662,-48.313,330.3,1.12,1.06,2026-09-10,1851,Aqua,MODIS,79,6.1NRT,309.8,20.43,D
-10.93829,-45.63916,326.1,1.01,1.0,2026-09-10,1851,Aqua,MODIS,73,6.1NRT,310.3,12.15,D
-10.93695,-45.63021,327.7,1.01,1.01,2026-09-10,1851,Aqua,MODIS,75,6.1NRT,309.04,14.02,D
-10.9258,-47.89952,316.91,1.08,1.04,2026-09-10,1851,Aqua,MODIS,37,6.1NRT,306.27,6.11,D
-10.92443,-47.88995,319.77,1.08,1.04,2026-09-10,1851,Aqua,MODIS,60,6.1NRT,307.3,8.99,D
-10.88884,-50.65199,336.39,1.56,1.23,2026-09-10,1851,Aqua,MODIS,86,6.1NRT,303.03,54.37,D
-10.88701,-50.63818,342.58,1.56,1.23,2026-09-10,1851,Aqua,MODIS,90,6.1NRT,304.8,72.84,D
-10.87622,-50.63968,336.18,1.56,1.23,2026-09-10,1851,Aqua,MODIS,81,6.1NRT,303.34,52.65,D
-10.86544,-50.64117,321.13,1.56,1.23,2026-09-10,1851,Aqua,MODIS,46,6.1NRT,300.24,18.53,D
-10.85999,-50.63469,324.92,1.55,1.23,2026-09-10,1851,Aqua,MODIS,0,6.1NRT,299.15,24.76,D
-10.83514,-54.03776,313.99,2.88,1.62,2026-09-10,1851,Aqua,MODIS,57,6.1NRT,297.83,31.73,D
-10.77553,-45.96854,326.71,1.0,1.0,2026-09-10,1851,Aqua,MODIS,66,6.1NRT,309.04,13.38,D
-10.77421,-45.95966,336.95,1.0,1.0,2026-09-10,1851,Aqua,MODIS,85,6.1NRT,310.07,26.56,D
-10.77289,-45.95077,341.95,1.0,1.0,2026-09-10,1851,Aqua,MODIS,89,6.1NRT,311.47,33.48,D
-10.77157,-45.94187,341.38,1.0,1.0,2026-09-10,1851,Aqua,MODIS,89,6.1NRT,311.3,32.64,D
-10.77025,-45.93296,340.77,1.0,1.0,2026-09-10,1851,Aqua,MODIS,88,6.1NRT,310.4,31.53,D
-10.76016,-45.92543,327.29,1.0,1.0,2026-09-10,1851,Aqua,MODIS,70,6.1NRT,309.43,12.45,D
-10.75801,-45.97125,322.86,1.0,1.0,2026-09-10,1851,Aqua,MODIS,36,6.1NRT,310.87,7.48,D
-10.75688,-46.16833,333.98,1.0,1.0,2026-09-10,1851,Aqua,MODIS,82,6.1NRT,303.75,24.41,D
-10.75557,-46.15947,324.37,1.0,1.0,2026-09-10,1851,Aqua,MODIS,69,6.1NRT,306.11,13.16,D
-10.75426,-46.15062,321.26,1.0,1.0,2026-09-10,1851,Aqua,MODIS,62,6.1NRT,308.53,9.91,D
-10.7514,-45.9268,358.25,1.0,1.0,2026-09-10,1851,Aqua,MODIS,99,6.1NRT,311.27,67.77,D
-10.75074,-46.18739,379.08,1.0,1.0,2026-09-10,1851,Aqua,MODIS,100,6.1NRT,310.96,140.16,D
-10.75008,-45.9179,357.84,1.0,1.0,2026-09-10,1851,Aqua,MODIS,98,6.1NRT,309.85,66.35,D
-10.74943,-46.17854,377.93,1.0,1.0,2026-09-10,1851,Aqua,MODIS,100,6.1NRT,313.47,134.91,D
-10.74852,-45.1756,333.98,1.04,1.02,2026-09-10,1851,Aqua,MODIS,83,6.1NRT,310.47,24.01,D
-10.74813,-46.16968,354.95,1.0,1.0,2026-09-10,1851,Aqua,MODIS,97,6.1NRT,311.92,62.65,D
-10.74712,-45.16637,332.9,1.04,1.02,2026-09-10,1851,Aqua,MODIS,82,6.1NRT,310.04,22.37,D
-10.74682,-46.16082,333.65,1.0,1.0,2026-09-10,1851,Aqua,MODIS,82,6.1NRT,309.52,23.16,D
-10.73963,-45.17695,358.96,1.04,1.02,2026-09-10,1851,Aqua,MODIS,99,6.1NRT,313.19,75.9,D
-10.73823,-45.16775,343.21,1.04,1.02,2026-09-10,1851,Aqua,MODIS,90,6.1NRT,310.55,39.43,D
-10.7364,-45.90837,325.6,1.0,1.0,2026-09-10,1851,Aqua,MODIS,64,6.1NRT,309.04,11.71,D
-10.73602,-44.05326,327.8,1.14,1.07,2026-09-10,1851,Aqua,MODIS,74,6.1NRT,307.11,17.03,D
-10.72826,-44.06493,319.21,1.14,1.06,2026-09-10,1851,Aqua,MODIS,32,6.1NRT,306.78,6.73,D
-10.72671,-44.05478,353.19,1.14,1.07,2026-09-10,1851,Aqua,MODIS,96,6.1NRT,311.61,71.09,D
-10.72517,-44.04466,327.7,1.14,1.07,2026-09-10,1851,Aqua,MODIS,76,6.1NRT,310.11,17.67,D
-10.71313,-46.17508,323.88,1.0,1.0,2026-09-10,1851,Aqua,MODIS,56,6.1NRT,306.88,9.17,D
-10.71182,-46.16621,326.89,1.0,1.0,2026-09-10,1851,Aqua,MODIS,67,6.1NRT,308.57,12.58,D
-10.68908,-46.13347,332.86,1.0,1.0,2026-09-10,1851,Aqua,MODIS,71,6.1NRT,310.7,16.88,D
-10.68777,-46.12461,338.29,1.0,1.0,2026-09-10,1851,Aqua,MODIS,86,6.1NRT,309.68,25.23,D
-10.68427,-45.98008,343.57,1.0,1.0,2026-09-10,1851,Aqua,MODIS,90,6.1NRT,313.43,35.79,D
-10.67683,-45.99031,359.16,1.0,1.0,2026-09-10,1851,Aqua,MODIS,99,6.1NRT,310.64,68.85,D
-10.67551,-45.98143,356.36,1.0,1.0,2026-09-10,1851,Aqua,MODIS,98,6.1NRT,308.98,62.75,D
-10.67476,-50.78562,325.96,1.58,1.24,2026-09-10,1851,Aqua,MODIS,76,6.1NRT,304.6,29.98,D
-10.66939,-46.00053,327.89,1.0,1.0,2026-09-10,1851,Aqua,MODIS,47,6.1NRT,311.08,12.6,D
-10.66389,-50.78712,353.96,1.58,1.24,2026-09-10,1851,Aqua,MODIS,97,6.1NRT,304.48,123.73,D
-10.66059,-46.01663,322.04,1.0,1.0,2026-09-10,1851,Aqua,MODIS,59,6.1NRT,310.56,8.63,D
-10.65928,-46.00776,322.88,1.0,1.0,2026-09-10,1851,Aqua,MODIS,64,6.1NRT,308.48,9.55,D
-10.65486,-46.09909,363.52,1.0,1.0,2026-09-10,1851,Aqua,MODIS,100,6.1NRT,314.1,81.38,D
-10.65355,-46.09023,362.28,1.0,1.0,2026-09-10,1851,Aqua,MODIS,100,6.1NRT,313.85,78.27,D
-10.65264,-46.14475,338.78,1.0,1.0,2026-09-10,1851,Aqua,MODIS,87,6.1NRT,310.48,28.23,D
-10.65134,-46.13589,353.13,1.0,1.0,2026-09-10,1851,Aqua,MODIS,96,6.1NRT,311.73,56.5,D
-10.65003,-46.12703,352.93,1.0,1.0,2026-09-10,1851,Aqua,MODIS,96,6.1NRT,312.07,55.23,D
-10.64939,-45.18742,320.67,1.04,1.02,2026-09-10,1851,Aqua,MODIS,62,6.1NRT,309.35,6.92,D
-10.64872,-46.11816,330.75,1.0,1.0,2026-09-10,1851,Aqua,MODIS,79,6.1NRT,310.68,16.24,D
-10.64651,-46.16381,319.81,1.0,1.0,2026-09-10,1851,Aqua,MODIS,21,6.1NRT,306.62,6.53,D
-10.6452,-46.15495,347.87,1.0,1.0,2026-09-10,1851,Aqua,MODIS,93,6.1NRT,307.55,46.33,D
-10.64389,-46.1461,391.93,1.0,1.0,2026-09-10,1851,Aqua,MODIS,100,6.1NRT,311.52,196.14,D
-10.64258,-46.13723,363.74,1.0,1.0,2026-09-10,1851,Aqua,MODIS,100,6.1NRT,310.7,84.95,D
-10.64128,-46.12837,335.52,1.0,1.0,2026-09-10,1851,Aqua,MODIS,84,6.1NRT,309.05,23.59,D
-10.61949,-48.99035,328.15,1.2,1.09,2026-09-10,1851,Aqua,MODIS,77,6.1NRT,307.38,22.38,D
-10.60805,-55.95506,311.03,4.08,1.87,2026-09-10,1851,Aqua,MODIS,31,6.1NRT,290.81,23.52,D
-10.6067,-45.21951,326.34,1.03,1.02,2026-09-10,1851,Aqua,MODIS,74,6.1NRT,309.43,13.55,D
-10.60553,-50.59854,320.31,1.53,1.22,2026-09-10,1851,Aqua,MODIS,67,6.1NRT,304.17,17.64,D
-10.60372,-50.58498,316.23,1.53,1.22,2026-09-10,1851,Aqua,MODIS,48,6.1NRT,303.66,10.06,D
-10.60162,-49.21383,318.73,1.24,1.11,2026-09-10,1851,Aqua,MODIS,43,6.1NRT,305.83,8.12,D
-10.6001,-49.20283,330.55,1.24,1.11,2026-09-10,1851,Aqua,MODIS,80,6.1NRT,303.54,26.87,D
-10.5978,-45.22087,319.82,1.03,1.02,2026-09-10,1851,Aqua,MODIS,50,6.1NRT,309.05,6.14,D
-10.54679,-47.13443,318.81,1.02,1.01,2026-09-10,1851,Aqua,MODIS,56,6.1NRT,307.18,5.78,D
-10.54547,-47.12542,320.38,1.02,1.01,2026-09-10,1851,Aqua,MODIS,62,6.1NRT,309.31,7.14,D
-10.53358,-51.35378,328.63,1.74,1.29,2026-09-10,1851,Aqua,MODIS,72,6.1NRT,304.23,41.73,D
-10.53147,-51.3379,324.3,1.74,1.29,2026-09-10,1851,Aqua,MODIS,61,6.1NRT,303.27,31.12,D
-10.51429,-47.92637,344.81,1.07,1.03,2026-09-10,1851,Aqua,MODIS,91,6.1NRT,308.23,46.15,D
-10.51295,-47.91694,340.54,1.07,1.03,2026-09-10,1851,Aqua,MODIS,88,6.1NRT,308.4,37.79,D
-10.51161,-47.90749,319.63,1.07,1.03,2026-09-10,1851,Aqua,MODIS,59,6.1NRT,307.91,7.66,D
-10.49807,-45.28894,329.78,1.03,1.01,2026-09-10,1851,Aqua,MODIS,78,6.1NRT,310.14,19.36,D
-10.4967,-45.27983,324.4,1.03,1.02,2026-09-10,1851,Aqua,MODIS,70,6.1NRT,308.95,12.52,D
-10.48791,-51.34962,324.45,1.74,1.29,2026-09-10,1851,Aqua,MODIS,66,6.1NRT,301.6,29.84,D
-10.43947,-42.73499,318.16,1.38,1.16,2026-09-10,1851,Aqua,MODIS,47,6.1NRT,305.08,10.58,D
-10.43669,-45.13609,324.18,1.04,1.02,2026-09-10,1851,Aqua,MODIS,38,6.1NRT,312.23,9.71,D
-10.43531,-45.12685,326.03,1.04,1.02,2026-09-10,1851,Aqua,MODIS,61,6.1NRT,311.5,11.89,D
-10.4309,-42.74331,342.95,1.38,1.16,2026-09-10,1851,Aqua,MODIS,90,6.1NRT,308.4,60.92,D
-10.42776,-45.13747,337.5,1.04,1.02,2026-09-10,1851,Aqua,MODIS,86,6.1NRT,312.22,27.24,D
-10.42638,-45.12823,343.17,1.04,1.02,2026-09-10,1851,Aqua,MODIS,90,6.1NRT,312.61,37.91,D
-10.425,-45.11901,325.85,1.04,1.02,2026-09-10,1851,Aqua,MODIS,58,6.1NRT,311.01,11.85,D
-10.41954,-40.51702,315.57,2.02,1.38,2026-09-10,1851,Aqua,MODIS,48,6.1NRT,302.89,16.53,D
-10.41884,-45.13887,333.0,1.04,1.02,2026-09-10,1851,Aqua,MODIS,78,6.1NRT,312.17,19.9,D
-10.41745,-45.12963,356.46,1.04,1.02,2026-09-10,1851,Aqua,MODIS,98,6.1NRT,312.78,67.21,D
-10.41607,-45.12038,329.94,1.04,1.02,2026-09-10,1851,Aqua,MODIS,65,6.1NRT,309.92,16.3,D
-10.41354,-48.18841,328.7,1.09,1.04,2026-09-10,1851,Aqua,MODIS,77,6.1NRT,307.85,19.8,D
-10.41215,-48.17871,323.25,1.09,1.04,2026-09-10,1851,Aqua,MODIS,68,6.1NRT,306.5,12.81,D
-10.35548,-48.10765,318.84,1.09,1.04,2026-09-10,1851,Aqua,MODIS,53,6.1NRT,306.62,8.12,D
-10.3541,-48.09789,327.2,1.08,1.04,2026-09-10,1851,Aqua,MODIS,75,6.1NRT,306.88,18.0,D
-10.30749,-47.57854,319.06,1.04,1.02,2026-09-10,1851,Aqua,MODIS,52,6.1NRT,307.46,5.49,D
-10.2885,-45.30618,343.71,1.03,1.02,2026-09-10,1851,Aqua,MODIS,91,6.1NRT,306.59,43.27,D
-10.28714,-45.29717,334.39,1.03,1.02,2026-09-10,1851,Aqua,MODIS,83,6.1NRT,309.6,26.81,D
-10.28578,-45.28822,337.08,1.03,1.02,2026-09-10,1851,Aqua,MODIS,82,6.1NRT,309.28,29.39,D
-10.28354,-45.21342,328.73,1.04,1.02,2026-09-10,1851,Aqua,MODIS,17,6.1NRT,309.11,15.91,D
-10.28215,-45.20427,371.98,1.04,1.02,2026-09-10,1851,Aqua,MODIS,100,6.1NRT,315.45,118.68,D
-10.28075,-45.19505,323.58,1.04,1.02,2026-09-10,1851,Aqua,MODIS,26,6.1NRT,307.68,10.35,D
-10.27846,-45.31441,344.14,1.03,1.02,2026-09-10,1851,Aqua,MODIS,77,6.1NRT,309.05,38.59,D
-10.2774,-45.23307,327.17,1.04,1.02,2026-09-10,1851,Aqua,MODIS,21,6.1NRT,309.39,14.01,D
-10.27711,-45.30539,369.76,1.03,1.02,2026-09-10,1851,Aqua,MODIS,100,6.1NRT,314.89,104.25,D
-10.27575,-45.29628,378.84,1.03,1.02,2026-09-10,1851,Aqua,MODIS,100,6.1NRT,313.7,139.68,D
-10.27365,-45.34299,352.44,1.03,1.01,2026-09-10,1851,Aqua,MODIS,96,6.1NRT,307.47,59.48,D
-10.2732,-45.20546,331.84,1.04,1.02,2026-09-10,1851,Aqua,MODIS,50,6.1NRT,310.36,19.3,D
-10.27231,-45.33407,385.34,1.03,1.02,2026-09-10,1851,Aqua,MODIS,100,6.1NRT,315.61,172.58,D
-10.27095,-45.32501,418.74,1.03,1.02,2026-09-10,1851,Aqua,MODIS,100,6.1NRT,322.26,389.07,D
-10.26959,-45.31594,473.27,1.03,1.02,2026-09-10,1851,Aqua,MODIS,100,6.1NRT,335.21,1099.35,D
-10.26823,-45.30679,397.5,1.03,1.02,2026-09-10,1851,Aqua,MODIS,100,6.1NRT,314.75,233.48,D
-10.26685,-45.29755,350.17,1.03,1.02,2026-09-10,1851,Aqua,MODIS,77,6.1NRT,309.79,47.99,D
-10.26548,-45.28839,362.35,1.04,1.02,2026-09-10,1851,Aqua,MODIS,100,6.1NRT,310.07,79.55,D
-10.26477,-45.34437,323.59,1.03,1.01,2026-09-10,1851,Aqua,MODIS,29,6.1NRT,305.82,11.56,D
-10.26342,-45.33537,362.74,1.03,1.02,2026-09-10,1851,Aqua,MODIS,100,6.1NRT,308.45,86.44,D
-10.26207,-45.32639,360.75,1.03,1.02,2026-09-10,1851,Aqua,MODIS,100,6.1NRT,312.76,77.5,D
-10.262,-45.20419,321.75,1.04,1.02,2026-09-10,1851,Aqua,MODIS,64,6.1NRT,310.52,7.92,D
-10.26071,-45.31733,374.96,1.03,1.02,2026-09-10,1851,Aqua,MODIS,100,6.1NRT,317.47,123.73,D
-10.25933,-45.30809,358.48,1.03,1.02,2026-09-10,1851,Aqua,MODIS,99,6.1NRT,311.31,67.6,D
-10.25795,-45.29885,417.11,1.03,1.02,2026-09-10,1851,Aqua,MODIS,100,6.1NRT,322.04,371.13,D
-10.25658,-45.28968,354.4,1.04,1.02,2026-09-10,1851,Aqua,MODIS,97,6.1NRT,308.79,56.44,D
-10.25183,-45.31868,336.09,1.03,1.02,2026-09-10,1851,Aqua,MODIS,85,6.1NRT,307.43,25.54,D
-10.23666,-45.21763,323.87,1.04,1.02,2026-09-10,1851,Aqua,MODIS,48,6.1NRT,308.21,9.52,D
-10.2325,-45.18996,325.0,1.04,1.02,2026-09-10,1851,Aqua,MODIS,63,6.1NRT,309.59,10.88,D
-10.2319,-45.24662,347.48,1.04,1.02,2026-09-10,1851,Aqua,MODIS,93,6.1NRT,310.93,47.21,D
-10.22776,-45.2191,327.38,1.04,1.02,2026-09-10,1851,Aqua,MODIS,52,6.1NRT,307.27,13.46,D
-10.22715,-45.27552,333.75,1.04,1.02,2026-09-10,1851,Aqua,MODIS,77,6.1NRT,310.71,20.78,D
-10.22637,-45.20989,342.66,1.04,1.02,2026-09-10,1851,Aqua,MODIS,90,6.1NRT,310.93,37.1,D
-10.22577,-45.26633,335.78,1.04,1.02,2026-09-10,1851,Aqua,MODIS,83,6.1NRT,311.52,24.26,D
-10.22438,-45.25715,331.15,1.04,1.02,2026-09-10,1851,Aqua,MODIS,80,6.1NRT,309.75,19.22,D
-10.223,-45.24799,325.85,1.04,1.02,2026-09-10,1851,Aqua,MODIS,70,6.1NRT,307.7,12.9,D
-10.22241,-45.30444,343.86,1.03,1.02,2026-09-10,1851,Aqua,MODIS,91,6.1NRT,308.63,39.1,D
-10.22102,-45.29523,373.77,1.04,1.02,2026-09-10,1851,Aqua,MODIS,100,6.1NRT,312.29,122.7,D
-10.19049,-39.69089,317.58,2.37,1.49,2026-09-10,1851,Aqua,MODIS,62,6.1NRT,303.83,19.7,D
-10.15375,-47.28241,322.59,1.02,1.01,2026-09-10,1851,Aqua,MODIS,65,6.1NRT,312.08,8.35,D
-10.14372,-46.33174,325.02,1.0,1.0,2026-09-10,1851,Aqua,MODIS,69,6.1NRT,309.48,11.08,D
-10.14242,-46.3229,332.18,1.0,1.0,2026-09-10,1851,Aqua,MODIS,80,6.1NRT,310.25,20.12,D
-10.11828,-43.49401,319.33,1.25,1.11,2026-09-10,1851,Aqua,MODIS,60,6.1NRT,307.26,9.42,D
-10.09818,-45.46626,330.75,1.03,1.01,2026-09-10,1851,Aqua,MODIS,64,6.1NRT,310.93,16.6,D
-10.0886,-45.52328,333.7,1.02,1.01,2026-09-10,1851,Aqua,MODIS,83,6.1NRT,307.86,23.09,D
-10.086,-46.30439,366.89,1.0,1.0,2026-09-10,1851,Aqua,MODIS,100,6.1NRT,310.16,95.27,D
-10.08526,-45.44046,361.46,1.03,1.01,2026-09-10,1851,Aqua,MODIS,100,6.1NRT,315.7,80.01,D
-10.0847,-46.29556,338.83,1.0,1.0,2026-09-10,1851,Aqua,MODIS,82,6.1NRT,309.57,29.38,D
-10.0839,-45.43137,345.64,1.03,1.01,2026-09-10,1851,Aqua,MODIS,92,6.1NRT,313.15,42.46,D
-10.07976,-45.52464,347.35,1.02,1.01,2026-09-10,1851,Aqua,MODIS,93,6.1NRT,309.01,45.87,D
-10.0784,-45.51561,385.92,1.02,1.01,2026-09-10,1851,Aqua,MODIS,100,6.1NRT,317.16,170.77,D
-10.07705,-45.50659,348.1,1.02,1.01,2026-09-10,1851,Aqua,MODIS,93,6.1NRT,312.29,44.41,D
-10.04839,-45.9295,332.42,1.01,1.0,2026-09-10,1851,Aqua,MODIS,80,6.1NRT,309.5,20.0,D
-10.04706,-45.9206,348.96,1.01,1.0,2026-09-10,1851,Aqua,MODIS,94,6.1NRT,310.94,48.44,D
-10.03082,-45.93214,325.62,1.01,1.0,2026-09-10,1851,Aqua,MODIS,71,6.1NRT,310.9,12.67,D
-10.00098,-46.116,324.19,1.0,1.0,2026-09-10,1851,Aqua,MODIS,62,6.1NRT,312.7,9.99,D
-9.94351,-46.16668,327.71,1.0,1.0,2026-09-10,1851,Aqua,MODIS,74,6.1NRT,311.97,13.81,D
-9.9422,-46.15783,417.13,1.0,1.0,2026-09-10,1851,Aqua,MODIS,100,6.1NRT,326.26,360.57,D
-9.9409,-46.14897,370.19,1.0,1.0,2026-09-10,1851,Aqua,MODIS,100,6.1NRT,315.15,104.38,D
-9.93344,-46.15918,322.04,1.0,1.0,2026-09-10,1851,Aqua,MODIS,37,6.1NRT,310.69,7.0,D
-9.93183,-45.77156,323.95,1.01,1.01,2026-09-10,1851,Aqua,MODIS,67,6.1NRT,310.1,8.99,D
-9.93103,-45.82654,328.95,1.01,1.01,2026-09-10,1851,Aqua,MODIS,76,6.1NRT,311.22,14.35,D
-9.9297,-45.81762,341.0,1.01,1.01,2026-09-10,1851,Aqua,MODIS,88,6.1NRT,312.37,32.22,D
-9.92623,-45.85468,321.35,1.01,1.01,2026-09-10,1851,Aqua,MODIS,60,6.1NRT,309.41,7.05,D
-9.91392,-47.99091,326.01,1.07,1.03,2026-09-10,1851,Aqua,MODIS,73,6.1NRT,307.43,14.08,D
-9.91257,-47.9815,328.17,1.06,1.03,2026-09-10,1851,Aqua,MODIS,76,6.1NRT,307.77,16.77,D
-9.90809,-45.79354,336.78,1.01,1.01,2026-09-10,1851,Aqua,MODIS,85,6.1NRT,310.81,25.77,D
-9.90675,-45.7846,348.99,1.01,1.01,2026-09-10,1851,Aqua,MODIS,94,6.1NRT,312.13,48.14,D
-9.90544,-45.9092,325.98,1.01,1.0,2026-09-10,1851,Aqua,MODIS,68,6.1NRT,307.38,12.5,D
-9.90411,-45.90028,325.07,1.01,1.0,2026-09-10,1851,Aqua,MODIS,66,6.1NRT,307.41,10.94,D
-9.89664,-45.91049,393.25,1.01,1.0,2026-09-10,1851,Aqua,MODIS,100,6.1NRT,319.16,205.04,D
-9.89532,-45.90158,410.37,1.01,1.0,2026-09-10,1851,Aqua,MODIS,100,6.1NRT,324.1,311.91,D
-9.89485,-45.83776,369.02,1.01,1.01,2026-09-10,1851,Aqua,MODIS,100,6.1NRT,315.7,99.67,D
-9.894,-45.89267,348.32,1.01,1.0,2026-09-10,1851,Aqua,MODIS,93,6.1NRT,311.55,45.9,D
-9.89353,-45.82884,335.56,1.01,1.01,2026-09-10,1851,Aqua,MODIS,83,6.1NRT,311.08,21.73,D
-9.88653,-45.90292,332.66,1.01,1.0,2026-09-10,1851,Aqua,MODIS,78,6.1NRT,310.91,19.55,D
-9.88584,-46.58873,322.5,1.0,1.0,2026-09-10,1851,Aqua,MODIS,63,6.1NRT,310.66,7.64,D
-9.88473,-45.83019,329.83,1.01,1.01,2026-09-10,1851,Aqua,MODIS,77,6.1NRT,311.79,14.83,D
-9.87774,-45.9043,344.56,1.01,1.0,2026-09-10,1851,Aqua,MODIS,91,6.1NRT,310.09,39.67,D
-9.83298,-46.10874,320.37,1.0,1.0,2026-09-10,1851,Aqua,MODIS,56,6.1NRT,309.25,7.72,D
-9.81743,-49.18214,320.97,1.21,1.09,2026-09-10,1851,Aqua,MODIS,61,6.1NRT,306.38,10.06,D
-9.80931,-43.50098,353.96,1.26,1.11,2026-09-10,1851,Aqua,MODIS,97,6.1NRT,309.01,83.31,D
-9.80813,-43.55793,409.68,1.25,1.11,2026-09-10,1851,Aqua,MODIS,100,6.1NRT,316.1,424.44,D
-9.80786,-49.18351,331.15,1.21,1.09,2026-09-10,1851,Aqua,MODIS,80,6.1NRT,306.3,25.8,D
-9.80759,-43.48987,353.08,1.26,1.12,2026-09-10,1851,Aqua,MODIS,96,6.1NRT,309.1,79.91,D
-9.80643,-43.5469,400.81,1.25,1.11,2026-09-10,1851,Aqua,MODIS,100,6.1NRT,315.07,343.74,D
-9.80636,-49.17291,325.49,1.21,1.09,2026-09-10,1851,Aqua,MODIS,73,6.1NRT,306.39,16.66,D
-9.80472,-43.53586,333.33,1.25,1.11,2026-09-10,1851,Aqua,MODIS,66,6.1NRT,305.83,29.34,D
-9.79957,-43.50258,336.78,1.26,1.11,2026-09-10,1851,Aqua,MODIS,83,6.1NRT,311.22,34.93,D
-9.79843,-43.55949,326.1,1.25,1.11,2026-09-10,1851,Aqua,MODIS,64,6.1NRT,307.32,18.76,D
-9.79786,-43.49149,346.65,1.26,1.12,2026-09-10,1851,Aqua,MODIS,93,6.1NRT,312.42,57.94,D
-9.79672,-43.54846,363.4,1.25,1.11,2026-09-10,1851,Aqua,MODIS,100,6.1NRT,310.99,116.93,D
-9.79614,-43.48037,337.12,1.26,1.12,2026-09-10,1851,Aqua,MODIS,86,6.1NRT,310.97,34.64,D
-9.795,-43.5374,374.64,1.25,1.11,2026-09-10,1851,Aqua,MODIS,100,6.1NRT,311.92,165.14,D
-9.79441,-43.46922,340.26,1.26,1.12,2026-09-10,1851,Aqua,MODIS,89,6.1NRT,310.27,41.97,D
-9.79328,-43.52633,387.81,1.25,1.11,2026-09-10,1851,Aqua,MODIS,100,6.1NRT,312.68,242.37,D
-9.79268,-43.45806,334.76,1.27,1.12,2026-09-10,1851,Aqua,MODIS,80,6.1NRT,309.36,30.29,D
-9.79156,-43.51527,349.37,1.26,1.11,2026-09-10,1851,Aqua,MODIS,94,6.1NRT,310.68,65.48,D
-9.78568,-47.1054,327.93,1.01,1.0,2026-09-10,1851,Aqua,MODIS,60,6.1NRT,311.8,13.36,D
-9.78438,-47.09649,401.6,1.01,1.0,2026-09-10,1851,Aqua,MODIS,100,6.1NRT,317.8,251.17,D
-9.78308,-47.08758,345.61,1.01,1.0,2026-09-10,1851,Aqua,MODIS,91,6.1NRT,311.88,36.46,D
-9.78118,-43.44846,340.88,1.27,1.12,2026-09-10,1851,Aqua,MODIS,89,6.1NRT,309.91,44.0,D
-9.77688,-47.10673,355.88,1.01,1.0,2026-09-10,1851,Aqua,MODIS,97,6.1NRT,312.24,63.06,D
-9.77658,-47.04302,328.83,1.01,1.0,2026-09-10,1851,Aqua,MODIS,66,6.1NRT,311.54,13.11,D
-9.77558,-47.09781,378.11,1.01,1.0,2026-09-10,1851,Aqua,MODIS,100,6.1NRT,317.01,132.03,D
-9.77429,-47.0889,372.0,1.01,1.0,2026-09-10,1851,Aqua,MODIS,100,6.1NRT,315.43,106.64,D
-9.77298,-47.07998,338.46,1.01,1.0,2026-09-10,1851,Aqua,MODIS,46,6.1NRT,314.6,24.07,D
-9.76809,-47.10806,335.43,1.01,1.0,2026-09-10,1851,Aqua,MODIS,84,6.1NRT,309.78,24.34,D
-9.76679,-47.09912,328.33,1.01,1.0,2026-09-10,1851,Aqua,MODIS,32,6.1NRT,310.13,13.32,D
-9.72163,-43.38922,342.36,1.28,1.12,2026-09-10,1851,Aqua,MODIS,90,6.1NRT,308.97,50.23,D
-9.71361,-43.40199,336.65,1.28,1.12,2026-09-10,1851,Aqua,MODIS,86,6.1NRT,308.95,34.83,D
-9.71321,-48.07121,324.41,1.07,1.03,2026-09-10,1851,Aqua,MODIS,71,6.1NRT,309.81,12.1,D
-9.71155,-43.39625,331.75,1.28,1.12,2026-09-10,1851,Aqua,MODIS,60,6.1NRT,307.16,26.46,D
-9.70346,-43.40906,337.67,1.28,1.12,2026-09-10,1851,Aqua,MODIS,80,6.1NRT,307.14,39.46,D
-9.70065,-43.45583,335.91,1.27,1.12,2026-09-10,1851,Aqua,MODIS,68,6.1NRT,306.16,32.01,D
-9.68861,-45.5636,321.1,1.03,1.01,2026-09-10,1851,Aqua,MODIS,34,6.1NRT,308.99,6.68,D
-9.68778,-40.70731,324.4,2.01,1.38,2026-09-10,1851,Aqua,MODIS,27,6.1NRT,306.16,24.59,D
-9.67976,-45.56498,324.32,1.03,1.01,2026-09-10,1851,Aqua,MODIS,69,6.1NRT,309.5,10.69,D
-9.6793,-43.44756,329.52,1.27,1.12,2026-09-10,1851,Aqua,MODIS,51,6.1NRT,301.27,23.76,D
-9.67839,-45.55593,323.76,1.03,1.01,2026-09-10,1851,Aqua,MODIS,68,6.1NRT,308.95,10.06,D
-9.67545,-44.62081,348.77,1.1,1.05,2026-09-10,1851,Aqua,MODIS,94,6.1NRT,309.27,56.45,D
-9.67397,-44.61116,353.9,1.1,1.05,2026-09-10,1851,Aqua,MODIS,97,6.1NRT,311.37,69.33,D
-9.60974,-46.7749,345.33,1.0,1.0,2026-09-10,1851,Aqua,MODIS,91,6.1NRT,309.28,41.94,D
-9.60845,-46.76608,337.08,1.0,1.0,2026-09-10,1851,Aqua,MODIS,85,6.1NRT,309.73,27.72,D
-9.5984,-46.75858,324.78,1.0,1.0,2026-09-10,1851,Aqua,MODIS,60,6.1NRT,308.35,12.1,D
-9.59711,-46.74974,320.64,1.0,1.0,2026-09-10,1851,Aqua,MODIS,30,6.1NRT,307.6,8.19,D
-9.57927,-45.58358,326.88,1.03,1.01,2026-09-10,1851,Aqua,MODIS,74,6.1NRT,310.99,13.65,D
-9.57792,-45.57453,321.27,1.03,1.01,2026-09-10,1851,Aqua,MODIS,46,6.1NRT,308.03,7.04,D
-9.57643,-43.1899,337.63,1.33,1.14,2026-09-10,1851,Aqua,MODIS,87,6.1NRT,304.31,45.26,D
-9.57462,-43.17819,352.21,1.33,1.14,2026-09-10,1851,Aqua,MODIS,96,6.1NRT,305.98,87.14,D
-9.54986,-45.6897,324.51,1.02,1.01,2026-09-10,1851,Aqua,MODIS,70,6.1NRT,308.14,11.7,D
-9.50702,-48.11357,319.06,1.07,1.03,2026-09-10,1851,Aqua,MODIS,55,6.1NRT,306.56,6.9,D
-9.41019,-49.39653,336.44,1.23,1.1,2026-09-10,1851,Aqua,MODIS,86,6.1NRT,308.04,36.09,D
-9.4087,-49.38568,322.86,1.23,1.1,2026-09-10,1851,Aqua,MODIS,69,6.1NRT,308.22,12.08,D
-9.40054,-49.39784,342.91,1.23,1.1,2026-09-10,1851,Aqua,MODIS,90,6.1NRT,308.37,49.5,D
-9.39905,-49.38704,350.84,1.23,1.1,2026-09-10,1851,Aqua,MODIS,95,6.1NRT,310.58,70.01,D
-9.39587,-49.39393,361.6,1.23,1.1,2026-09-10,1851,Aqua,MODIS,100,6.1NRT,311.35,104.7,D
-9.39433,-49.38316,348.61,1.22,1.1,2026-09-10,1851,Aqua,MODIS,94,6.1NRT,309.23,62.04,D
-9.38876,-49.03277,317.65,1.17,1.08,2026-09-10,1851,Aqua,MODIS,45,6.1NRT,306.33,6.24,D
-9.38731,-49.02246,326.08,1.17,1.08,2026-09-10,1851,Aqua,MODIS,74,6.1NRT,308.01,17.47,D
-9.38624,-49.39539,399.32,1.23,1.1,2026-09-10,1851,Aqua,MODIS,100,6.1NRT,315.1,318.92,D
-9.3847,-49.38459,431.86,1.22,1.1,2026-09-10,1851,Aqua,MODIS,100,6.1NRT,318.57,660.68,D
-9.38318,-49.37384,336.95,1.22,1.1,2026-09-10,1851,Aqua,MODIS,86,6.1NRT,310.3,34.5,D
-9.3766,-49.3968,322.74,1.23,1.1,2026-09-10,1851,Aqua,MODIS,53,6.1NRT,308.88,11.35,D
-9.37508,-49.38603,339.99,1.22,1.1,2026-09-10,1851,Aqua,MODIS,88,6.1NRT,311.14,41.78,D
-9.37466,-46.37188,319.23,1.0,1.0,2026-09-10,1851,Aqua,MODIS,54,6.1NRT,307.14,6.48,D
-9.37089,-48.19411,318.48,1.07,1.03,2026-09-10,1851,Aqua,MODIS,52,6.1NRT,306.57,6.21,D
-9.35009,-48.1778,330.55,1.07,1.03,2026-09-10,1851,Aqua,MODIS,79,6.1NRT,309.04,20.09,D
-9.33233,-45.65289,325.25,1.03,1.01,2026-09-10,1851,Aqua,MODIS,71,6.1NRT,306.98,12.14,D
-9.33096,-45.64382,324.3,1.03,1.01,2026-09-10,1851,Aqua,MODIS,69,6.1NRT,306.01,11.48,D
-9.31523,-41.16847,315.8,1.88,1.34,2026-09-10,1851,Aqua,MODIS,25,6.1NRT,303.23,9.87,D
-9.31191,-44.37342,324.22,1.14,1.07,2026-09-10,1851,Aqua,MODIS,66,6.1NRT,308.97,11.24,D
-9.30546,-44.36988,321.45,1.14,1.07,2026-09-10,1851,Aqua,MODIS,65,6.1NRT,309.35,8.35,D
-9.27902,-47.80824,324.47,1.04,1.02,2026-09-10,1851,Aqua,MODIS,71,6.1NRT,308.93,12.56,D
-9.2777,-47.79904,348.8,1.04,1.02,2026-09-10,1851,Aqua,MODIS,94,6.1NRT,311.61,52.64,D
-9.27009,-47.80953,329.83,1.04,1.02,2026-09-10,1851,Aqua,MODIS,78,6.1NRT,307.86,18.86,D
-9.26878,-47.80037,334.3,1.04,1.02,2026-09-10,1851,Aqua,MODIS,83,6.1NRT,309.16,25.46,D
-9.26809,-48.63481,348.93,1.12,1.05,2026-09-10,1851,Aqua,MODIS,94,6.1NRT,305.19,59.98,D
-9.2667,-48.62508,346.92,1.12,1.05,2026-09-10,1851,Aqua,MODIS,93,6.1NRT,306.28,54.39,D
-9.24852,-48.8305,317.13,1.14,1.06,2026-09-10,1851,Aqua,MODIS,44,6.1NRT,305.9,6.87,D
-9.19938,-51.50171,319.71,1.7,1.28,2026-09-10,1851,Aqua,MODIS,71,6.1NRT,300.85,23.59,D
-9.18863,-45.80681,328.89,1.02,1.01,2026-09-10,1851,Aqua,MODIS,77,6.1NRT,307.63,17.22,D
-9.18729,-45.79784,319.73,1.02,1.01,2026-09-10,1851,Aqua,MODIS,57,6.1NRT,308.54,7.01,D
-9.1811,-45.26051,326.15,1.05,1.03,2026-09-10,1851,Aqua,MODIS,73,6.1NRT,309.29,14.56,D
-9.17973,-49.95699,342.73,1.32,1.14,2026-09-10,1851,Aqua,MODIS,68,6.1NRT,306.64,52.53,D
-9.17803,-47.88231,321.07,1.04,1.02,2026-09-10,1851,Aqua,MODIS,63,6.1NRT,306.92,9.42,D
-9.16975,-49.95841,342.77,1.32,1.14,2026-09-10,1851,Aqua,MODIS,79,6.1NRT,307.4,54.64,D
-9.16812,-49.9468,357.02,1.32,1.14,2026-09-10,1851,Aqua,MODIS,85,6.1NRT,307.66,100.29,D
-9.16302,-49.98311,332.62,1.32,1.14,2026-09-10,1851,Aqua,MODIS,77,6.1NRT,306.0,31.09,D
-9.15977,-49.95984,322.29,1.32,1.14,2026-09-10,1851,Aqua,MODIS,60,6.1NRT,308.26,14.45,D
-9.15816,-49.94824,326.24,1.32,1.14,2026-09-10,1851,Aqua,MODIS,76,6.1NRT,305.88,21.43,D
-9.15464,-49.99622,322.03,1.33,1.14,2026-09-10,1851,Aqua,MODIS,61,6.1NRT,305.32,13.62,D
-9.15302,-49.98454,336.22,1.32,1.14,2026-09-10,1851,Aqua,MODIS,81,6.1NRT,305.44,39.98,D
-9.1174,-46.51094,337.21,1.0,1.0,2026-09-10,1851,Aqua,MODIS,86,6.1NRT,308.3,29.87,D
-9.1161,-46.50213,331.65,1.0,1.0,2026-09-10,1851,Aqua,MODIS,80,6.1NRT,308.1,21.71,D
-9.03638,-47.60192,328.3,1.02,1.01,2026-09-10,1851,Aqua,MODIS,76,6.1NRT,309.09,16.08,D
-9.03507,-47.59291,332.86,1.02,1.01,2026-09-10,1851,Aqua,MODIS,82,6.1NRT,309.06,21.79,D
-9.02229,-47.56717,321.11,1.02,1.01,2026-09-10,1851,Aqua,MODIS,63,6.1NRT,311.02,7.58,D
-9.0175,-45.09711,319.21,1.07,1.03,2026-09-10,1851,Aqua,MODIS,57,6.1NRT,306.74,7.62,D
-9.00413,-44.88515,325.96,1.09,1.04,2026-09-10,1851,Aqua,MODIS,73,6.1NRT,309.85,13.35,D
-8.99416,-45.004,344.95,1.08,1.04,2026-09-10,1851,Aqua,MODIS,91,6.1NRT,309.35,44.09,D
-8.99271,-44.9944,349.09,1.08,1.04,2026-09-10,1851,Aqua,MODIS,94,6.1NRT,310.32,52.9,D
-8.97166,-44.97821,321.7,1.08,1.04,2026-09-10,1851,Aqua,MODIS,24,6.1NRT,308.43,7.44,D
-8.95101,-50.76035,312.84,1.49,1.2,2026-09-10,1851,Aqua,MODIS,31,6.1NRT,297.28,8.81,D
-8.9451,-44.43106,357.28,1.15,1.07,2026-09-10,1851,Aqua,MODIS,98,6.1NRT,309.97,80.64,D
-8.94357,-44.42094,403.73,1.15,1.07,2026-09-10,1851,Aqua,MODIS,100,6.1NRT,315.54,322.52,D
-8.94206,-44.41094,328.07,1.15,1.07,2026-09-10,1851,Aqua,MODIS,77,6.1NRT,307.55,17.03,D
-8.93577,-44.43246,366.17,1.15,1.07,2026-09-10,1851,Aqua,MODIS,94,6.1NRT,311.98,111.21,D
-8.93423,-44.42235,394.65,1.15,1.07,2026-09-10,1851,Aqua,MODIS,100,6.1NRT,315.82,257.1,D
-8.92184,-49.13129,320.12,1.17,1.08,2026-09-10,1851,Aqua,MODIS,61,6.1NRT,306.49,9.26,D
-8.92039,-49.12096,334.44,1.17,1.08,2026-09-10,1851,Aqua,MODIS,83,6.1NRT,307.36,30.9,D
-8.88313,-46.79847,317.05,1.0,1.0,2026-09-10,1851,Aqua,MODIS,26,6.1NRT,306.51,5.84,D
-8.85837,-46.01037,324.09,1.01,1.01,2026-09-10,1851,Aqua,MODIS,38,6.1NRT,306.38,10.19,D
-8.84957,-46.01172,339.51,1.01,1.01,2026-09-10,1851,Aqua,MODIS,87,6.1NRT,307.89,31.74,D
-8.83885,-47.25403,338.83,1.01,1.0,2026-09-10,1851,Aqua,MODIS,87,6.1NRT,308.2,32.0,D
-8.83756,-47.24517,345.54,1.01,1.0,2026-09-10,1851,Aqua,MODIS,92,6.1NRT,309.37,43.8,D
-8.82614,-46.92169,320.03,1.0,1.0,2026-09-10,1851,Aqua,MODIS,58,6.1NRT,306.9,7.78,D
-8.82484,-46.91285,319.84,1.0,1.0,2026-09-10,1851,Aqua,MODIS,56,6.1NRT,306.7,7.7,D
-8.80452,-46.59207,327.11,1.0,1.0,2026-09-10,1851,Aqua,MODIS,75,6.1NRT,308.87,13.82,D
-8.80322,-46.58326,320.76,1.0,1.0,2026-09-10,1851,Aqua,MODIS,61,6.1NRT,308.09,7.02,D
-8.79618,-48.30575,320.81,1.07,1.03,2026-09-10,1851,Aqua,MODIS,61,6.1NRT,307.6,8.66,D
-8.79447,-46.58459,330.95,1.0,1.0,2026-09-10,1851,Aqua,MODIS,79,6.1NRT,310.43,18.28,D
-8.78797,-44.19984,364.21,1.18,1.08,2026-09-10,1851,Aqua,MODIS,100,6.1NRT,311.33,111.59,D
-8.78638,-44.18947,379.18,1.19,1.08,2026-09-10,1851,Aqua,MODIS,100,6.1NRT,305.39,177.26,D
-8.77891,-48.76614,317.43,1.12,1.05,2026-09-10,1851,Aqua,MODIS,45,6.1NRT,306.7,6.2,D
-8.76363,-46.43616,320.81,1.0,1.0,2026-09-10,1851,Aqua,MODIS,42,6.1NRT,307.28,6.82,D
-8.74825,-47.20084,323.29,1.01,1.0,2026-09-10,1851,Aqua,MODIS,68,6.1NRT,309.11,10.45,D
-8.74696,-47.19197,319.82,1.01,1.0,2026-09-10,1851,Aqua,MODIS,58,6.1NRT,308.59,7.36,D
-8.71492,-49.55608,365.01,1.23,1.1,2026-09-10,1851,Aqua,MODIS,100,6.1NRT,308.72,124.47,D
-8.71341,-49.54526,339.23,1.23,1.1,2026-09-10,1851,Aqua,MODIS,83,6.1NRT,306.2,44.59,D
-8.70751,-47.04438,327.61,1.0,1.0,2026-09-10,1851,Aqua,MODIS,75,6.1NRT,306.6,16.91,D
-8.65736,-49.14524,320.96,1.17,1.07,2026-09-10,1851,Aqua,MODIS,66,6.1NRT,305.99,11.42,D
-8.63515,-47.38421,326.9,1.01,1.01,2026-09-10,1851,Aqua,MODIS,49,6.1NRT,309.62,13.09,D
-8.62895,-47.40332,324.31,1.01,1.01,2026-09-10,1851,Aqua,MODIS,47,6.1NRT,307.98,11.57,D
-8.62765,-47.39442,342.4,1.01,1.01,2026-09-10,1851,Aqua,MODIS,90,6.1NRT,310.69,36.31,D
-8.62635,-47.38552,338.17,1.01,1.01,2026-09-10,1851,Aqua,MODIS,86,6.1NRT,308.72,27.45,D
-8.62317,-47.24088,320.85,1.01,1.0,2026-09-10,1851,Aqua,MODIS,62,6.1NRT,308.93,7.67,D
-8.62187,-47.23203,325.29,1.01,1.0,2026-09-10,1851,Aqua,MODIS,72,6.1NRT,309.04,12.21,D
-8.62015,-47.40464,327.55,1.01,1.01,2026-09-10,1851,Aqua,MODIS,60,6.1NRT,306.38,14.53,D
-8.61885,-47.39574,352.06,1.01,1.01,2026-09-10,1851,Aqua,MODIS,96,6.1NRT,307.41,55.42,D
-8.60487,-47.36145,329.99,1.01,1.0,2026-09-10,1851,Aqua,MODIS,39,6.1NRT,312.97,13.84,D
-8.59922,-50.12315,330.3,1.33,1.14,2026-09-10,1851,Aqua,MODIS,81,6.1NRT,305.69,30.15,D
-8.59761,-50.11146,321.06,1.33,1.14,2026-09-10,1851,Aqua,MODIS,67,6.1NRT,304.06,13.93,D
-8.57978,-47.37428,325.46,1.01,1.0,2026-09-10,1851,Aqua,MODIS,49,6.1NRT,309.15,10.84,D
-8.57849,-47.36539,343.06,1.01,1.0,2026-09-10,1851,Aqua,MODIS,90,6.1NRT,309.5,35.68,D
-8.5196,-53.83992,309.07,2.55,1.54,2026-09-10,1851,Aqua,MODIS,55,6.1NRT,295.08,16.46,D
-8.44096,-49.05381,319.57,1.15,1.07,2026-09-10,1851,Aqua,MODIS,63,6.1NRT,306.77,9.62,D
-8.43955,-49.04372,320.05,1.15,1.07,2026-09-10,1851,Aqua,MODIS,64,6.1NRT,307.73,10.19,D
-8.4154,-47.71918,320.68,1.02,1.01,2026-09-10,1851,Aqua,MODIS,63,6.1NRT,309.76,7.31,D
-8.40876,-50.22875,320.24,1.34,1.15,2026-09-10,1851,Aqua,MODIS,70,6.1NRT,303.71,14.97,D
-8.40821,-50.22221,333.28,1.34,1.15,2026-09-10,1851,Aqua,MODIS,84,6.1NRT,303.82,37.75,D
-8.40707,-50.21695,325.58,1.34,1.15,2026-09-10,1851,Aqua,MODIS,77,6.1NRT,303.11,23.54,D
-8.39863,-50.1519,320.72,1.33,1.14,2026-09-10,1851,Aqua,MODIS,70,6.1NRT,302.91,15.05,D
-8.382,-47.61402,341.19,1.02,1.01,2026-09-10,1851,Aqua,MODIS,89,6.1NRT,308.82,33.03,D
-8.3807,-47.60507,324.06,1.02,1.01,2026-09-10,1851,Aqua,MODIS,33,6.1NRT,306.94,8.65,D
-8.28613,-50.29999,321.89,1.35,1.15,2026-09-10,1851,Aqua,MODIS,73,6.1NRT,305.1,16.61,D
-8.28447,-50.28814,324.7,1.35,1.15,2026-09-10,1851,Aqua,MODIS,76,6.1NRT,303.03,21.46,D
-8.2841,-49.49575,314.88,1.21,1.09,2026-09-10,1851,Aqua,MODIS,45,6.1NRT,303.95,5.27,D
-8.25896,-45.65021,325.86,1.04,1.02,2026-09-10,1851,Aqua,MODIS,73,6.1NRT,307.03,13.94,D
-8.2576,-45.64109,332.23,1.04,1.02,2026-09-10,1851,Aqua,MODIS,81,6.1NRT,308.47,22.13,D
-8.23651,-39.83322,320.68,2.52,1.53,2026-09-10,1851,Aqua,MODIS,69,6.1NRT,303.38,35.18,D
-8.1985,-43.11765,316.78,1.41,1.17,2026-09-10,1851,Aqua,MODIS,24,6.1NRT,303.7,10.74,D
-8.16857,-50.70181,321.72,1.43,1.18,2026-09-10,1851,Aqua,MODIS,74,6.1NRT,302.49,20.42,D
-8.16186,-49.4865,327.53,1.2,1.09,2026-09-10,1851,Aqua,MODIS,78,6.1NRT,307.11,20.94,D
-8.16037,-49.47591,322.56,1.2,1.09,2026-09-10,1851,Aqua,MODIS,72,6.1NRT,305.65,13.96,D
-8.1041,-55.62902,314.09,3.51,1.76,2026-09-10,1851,Aqua,MODIS,69,6.1NRT,292.54,49.52,D
-8.10021,-55.62549,312.35,3.51,1.76,2026-09-10,1851,Aqua,MODIS,45,6.1NRT,292.39,39.15,D
-8.0973,-54.86523,342.02,3.05,1.66,2026-09-10,1851,Aqua,MODIS,92,6.1NRT,294.15,205.55,D
-8.09501,-54.87284,336.78,3.05,1.66,2026-09-10,1851,Aqua,MODIS,89,6.1NRT,293.12,160.51,D
-8.09398,-54.83868,337.75,3.03,1.66,2026-09-10,1851,Aqua,MODIS,90,6.1NRT,295.09,165.79,D
-8.09146,-54.84603,351.71,3.03,1.66,2026-09-10,1851,Aqua,MODIS,96,6.1NRT,295.62,297.43,D
-8.08015,-55.33059,350.45,3.32,1.72,2026-09-10,1851,Aqua,MODIS,96,6.1NRT,296.6,319.1,D
-8.07846,-55.32653,355.12,3.32,1.72,2026-09-10,1851,Aqua,MODIS,98,6.1NRT,296.37,374.82,D
-8.077,-54.84811,330.65,3.03,1.66,2026-09-10,1851,Aqua,MODIS,85,6.1NRT,296.5,114.27,D
-8.07625,-55.30132,334.48,3.3,1.72,2026-09-10,1851,Aqua,MODIS,88,6.1NRT,296.31,155.55,D
-8.07543,-47.20971,318.4,1.0,1.0,2026-09-10,1851,Aqua,MODIS,54,6.1NRT,306.34,7.06,D
-8.07478,-55.29723,329.0,3.3,1.72,2026-09-10,1851,Aqua,MODIS,80,6.1NRT,296.11,108.71,D
-8.06586,-48.23299,325.93,1.05,1.02,2026-09-10,1851,Aqua,MODIS,75,6.1NRT,308.85,14.57,D
-8.06512,-55.33259,317.41,3.32,1.72,2026-09-10,1851,Aqua,MODIS,73,6.1NRT,293.07,48.82,D
-8.06342,-55.32853,317.05,3.32,1.72,2026-09-10,1851,Aqua,MODIS,36,6.1NRT,293.11,39.02,D
-8.06126,-55.30336,318.76,3.3,1.72,2026-09-10,1851,Aqua,MODIS,75,6.1NRT,294.72,55.11,D
-8.04431,-47.62745,323.71,1.02,1.01,2026-09-10,1851,Aqua,MODIS,71,6.1NRT,307.75,11.3,D
-8.01181,-45.54077,353.62,1.05,1.02,2026-09-10,1851,Aqua,MODIS,96,6.1NRT,308.98,62.72,D
-8.01011,-47.20712,322.79,1.0,1.0,2026-09-10,1851,Aqua,MODIS,68,6.1NRT,305.58,11.0,D
-8.00491,-45.55695,335.83,1.05,1.02,2026-09-10,1851,Aqua,MODIS,85,6.1NRT,309.59,27.14,D
-8.00354,-45.54776,332.57,1.05,1.02,2026-09-10,1851,Aqua,MODIS,82,6.1NRT,311.56,21.65,D
-8.00216,-45.53854,332.28,1.05,1.02,2026-09-10,1851,Aqua,MODIS,82,6.1NRT,306.81,21.43,D
-7.99733,-45.56757,337.08,1.05,1.02,2026-09-10,1851,Aqua,MODIS,86,6.1NRT,308.26,29.76,D
-7.99595,-45.55834,335.74,1.05,1.02,2026-09-10,1851,Aqua,MODIS,85,6.1NRT,309.69,27.64,D
-7.99458,-45.54915,323.26,1.05,1.02,2026-09-10,1851,Aqua,MODIS,69,6.1NRT,308.23,10.47,D
-7.98721,-49.10961,317.81,1.14,1.06,2026-09-10,1851,Aqua,MODIS,60,6.1NRT,306.38,7.51,D
-7.97969,-47.38952,320.22,1.01,1.0,2026-09-10,1851,Aqua,MODIS,63,6.1NRT,305.96,9.03,D
-7.96924,-50.89812,316.6,1.47,1.2,2026-09-10,1851,Aqua,MODIS,66,6.1NRT,303.35,12.57,D
-7.94542,-49.32834,335.96,1.17,1.08,2026-09-10,1851,Aqua,MODIS,86,6.1NRT,305.53,34.66,D
-7.94397,-49.31809,318.56,1.17,1.08,2026-09-10,1851,Aqua,MODIS,63,6.1NRT,304.5,8.46,D
-7.92826,-44.93323,326.65,1.11,1.05,2026-09-10,1851,Aqua,MODIS,68,6.1NRT,306.45,17.51,D
-7.85914,-44.58263,324.8,1.16,1.07,2026-09-10,1851,Aqua,MODIS,72,6.1NRT,302.96,14.32,D
-7.83798,-47.41641,326.15,1.01,1.0,2026-09-10,1851,Aqua,MODIS,74,6.1NRT,306.74,14.61,D
-7.83602,-55.44068,314.71,3.35,1.73,2026-09-10,1851,Aqua,MODIS,70,6.1NRT,294.42,44.26,D
-7.83464,-55.43375,321.44,3.35,1.73,2026-09-10,1851,Aqua,MODIS,78,6.1NRT,295.0,79.15,D
-7.8321,-55.41158,324.72,3.34,1.72,2026-09-10,1851,Aqua,MODIS,81,6.1NRT,295.13,97.51,D
-7.83091,-55.4045,318.57,3.34,1.72,2026-09-10,1851,Aqua,MODIS,75,6.1NRT,294.77,61.26,D
-7.77532,-46.56295,322.28,1.0,1.0,2026-09-10,1851,Aqua,MODIS,64,6.1NRT,309.05,8.49,D
-7.76786,-46.57308,331.65,1.0,1.0,2026-09-10,1851,Aqua,MODIS,81,6.1NRT,309.22,18.46,D
-7.76733,-45.20327,328.41,1.09,1.04,2026-09-10,1851,Aqua,MODIS,78,6.1NRT,307.17,18.68,D
-7.76656,-46.56427,353.22,1.0,1.0,2026-09-10,1851,Aqua,MODIS,96,6.1NRT,311.01,57.93,D
-7.76526,-46.55547,321.29,1.0,1.0,2026-09-10,1851,Aqua,MODIS,59,6.1NRT,308.45,7.34,D
-7.75458,-46.66507,324.67,1.0,1.0,2026-09-10,1851,Aqua,MODIS,72,6.1NRT,308.52,10.96,D
-7.70691,-47.53874,321.57,1.01,1.0,2026-09-10,1851,Aqua,MODIS,66,6.1NRT,307.88,9.43,D
-7.68986,-47.36069,317.47,1.0,1.0,2026-09-10,1851,Aqua,MODIS,51,6.1NRT,305.36,5.93,D
-7.68858,-47.35188,332.38,1.0,1.0,2026-09-10,1851,Aqua,MODIS,82,6.1NRT,306.31,22.67,D
-7.64657,-47.18731,323.32,1.0,1.0,2026-09-10,1851,Aqua,MODIS,69,6.1NRT,307.54,11.34,D
-7.6238,-50.03819,319.23,1.27,1.12,2026-09-10,1851,Aqua,MODIS,69,6.1NRT,302.25,15.86,D
-7.58864,-45.67419,331.05,1.05,1.02,2026-09-10,1851,Aqua,MODIS,67,6.1NRT,305.03,22.04,D
-7.55588,-49.56345,350.81,1.19,1.09,2026-09-10,1851,Aqua,MODIS,95,6.1NRT,305.06,70.32,D
-7.50129,-45.28255,326.55,1.09,1.04,2026-09-10,1851,Aqua,MODIS,74,6.1NRT,304.14,15.48,D
-7.49988,-45.27312,321.36,1.09,1.04,2026-09-10,1851,Aqua,MODIS,45,6.1NRT,303.13,8.57,D
-7.41802,-45.89025,318.47,1.04,1.02,2026-09-10,1851,Aqua,MODIS,56,6.1NRT,305.21,8.15,D
-7.41665,-45.88116,317.32,1.04,1.02,2026-09-10,1851,Aqua,MODIS,50,6.1NRT,305.68,7.18,D
-7.38902,-46.51078,336.18,1.01,1.0,2026-09-10,1851,Aqua,MODIS,85,6.1NRT,310.03,26.44,D
-7.35367,-44.20454,344.71,1.23,1.1,2026-09-10,1851,Aqua,MODIS,91,6.1NRT,304.22,58.14,D
-7.35197,-44.19368,364.55,1.24,1.1,2026-09-10,1851,Aqua,MODIS,100,6.1NRT,305.45,123.43,D
-7.31583,-44.43499,325.15,1.2,1.09,2026-09-10,1851,Aqua,MODIS,42,6.1NRT,307.93,14.73,D
-7.30793,-44.44688,324.12,1.2,1.09,2026-09-10,1851,Aqua,MODIS,53,6.1NRT,306.02,13.15,D
-7.23161,-46.0765,320.44,1.03,1.01,2026-09-10,1851,Aqua,MODIS,64,6.1NRT,306.82,8.68,D
-7.15445,-45.62049,324.18,1.06,1.03,2026-09-10,1851,Aqua,MODIS,72,6.1NRT,305.45,13.8,D
-7.15306,-45.61118,318.85,1.06,1.03,2026-09-10,1851,Aqua,MODIS,59,6.1NRT,304.83,8.05,D
-7.15079,-46.96109,328.3,1.0,1.0,2026-09-10,1851,Aqua,MODIS,77,6.1NRT,309.66,14.44,D
-7.1495,-46.95233,323.79,1.0,1.0,2026-09-10,1851,Aqua,MODIS,71,6.1NRT,309.8,9.6,D
-7.1482,-46.94357,325.43,1.0,1.0,2026-09-10,1851,Aqua,MODIS,69,6.1NRT,307.95,10.85,D
-7.11866,-46.56163,322.36,1.01,1.0,2026-09-10,1851,Aqua,MODIS,68,6.1NRT,306.86,10.31,D
-7.10715,-42.14792,326.1,1.73,1.29,2026-09-10,1851,Aqua,MODIS,74,6.1NRT,303.31,25.63,D
-7.03116,-45.11348,342.02,1.12,1.05,2026-09-10,1851,Aqua,MODIS,90,6.1NRT,306.74,44.16,D
-7.02967,-45.10376,324.59,1.12,1.05,2026-09-10,1851,Aqua,MODIS,72,6.1NRT,305.51,15.33,D
-7.01987,-47.44996,318.52,1.0,1.0,2026-09-10,1851,Aqua,MODIS,56,6.1NRT,307.53,5.57,D
-6.95428,-45.21127,335.12,1.11,1.05,2026-09-10,1851,Aqua,MODIS,84,6.1NRT,306.5,29.71,D
-6.90705,-51.63416,312.35,1.6,1.25,2026-09-10,1851,Aqua,MODIS,53,6.1NRT,293.66,10.01,D
-6.88011,-47.00175,355.63,1.0,1.0,2026-09-10,1851,Aqua,MODIS,97,6.1NRT,311.63,64.48,D
-6.87882,-46.99299,321.54,1.0,1.0,2026-09-10,1851,Aqua,MODIS,65,6.1NRT,309.12,8.27,D
-6.8707,-47.44859,324.14,1.0,1.0,2026-09-10,1851,Aqua,MODIS,70,6.1NRT,309.91,10.49,D
-6.86192,-43.89134,319.17,1.31,1.14,2026-09-10,1851,Aqua,MODIS,61,6.1NRT,305.56,10.29,D
-6.86014,-43.87989,319.62,1.31,1.14,2026-09-10,1851,Aqua,MODIS,54,6.1NRT,305.47,10.84,D
-6.85994,-55.75312,311.2,3.43,1.74,2026-09-10,1851,Aqua,MODIS,61,6.1NRT,292.69,32.37,D
-6.84617,-47.909,330.45,1.02,1.01,2026-09-10,1851,Aqua,MODIS,80,6.1NRT,310.56,17.97,D
-6.84486,-47.90003,336.91,1.02,1.01,2026-09-10,1851,Aqua,MODIS,86,6.1NRT,310.07,27.47,D
-6.79328,-47.91688,334.71,1.02,1.01,2026-09-10,1851,Aqua,MODIS,84,6.1NRT,309.38,24.69,D
-6.79199,-47.90799,333.65,1.02,1.01,2026-09-10,1851,Aqua,MODIS,83,6.1NRT,309.69,23.2,D
-6.78919,-46.62934,323.57,1.01,1.0,2026-09-10,1851,Aqua,MODIS,70,6.1NRT,311.28,9.6,D
-6.77179,-45.04129,351.71,1.13,1.06,2026-09-10,1851,Aqua,MODIS,96,6.1NRT,310.32,65.95,D
-6.7703,-45.03148,366.24,1.13,1.06,2026-09-10,1851,Aqua,MODIS,100,6.1NRT,312.66,111.8,D
-6.76292,-45.47515,323.84,1.08,1.04,2026-09-10,1851,Aqua,MODIS,50,6.1NRT,307.63,11.25,D
-6.76251,-45.04265,368.42,1.13,1.06,2026-09-10,1851,Aqua,MODIS,100,6.1NRT,310.91,120.51,D
-6.76102,-45.03286,369.02,1.13,1.06,2026-09-10,1851,Aqua,MODIS,100,6.1NRT,312.58,122.92,D
-6.72191,-45.5108,378.69,1.08,1.04,2026-09-10,1851,Aqua,MODIS,100,6.1NRT,311.07,154.01,D
-6.72046,-45.50129,374.71,1.08,1.04,2026-09-10,1851,Aqua,MODIS,100,6.1NRT,310.28,134.46,D
-6.71901,-45.49177,401.94,1.08,1.04,2026-09-10,1851,Aqua,MODIS,100,6.1NRT,315.21,283.08,D
-6.71757,-45.48229,343.75,1.08,1.04,2026-09-10,1851,Aqua,MODIS,91,6.1NRT,308.02,41.66,D
-6.71428,-45.52164,449.31,1.08,1.04,2026-09-10,1851,Aqua,MODIS,100,6.1NRT,327.6,775.15,D
-6.71284,-45.51217,457.4,1.08,1.04,2026-09-10,1851,Aqua,MODIS,100,6.1NRT,335.34,896.84,D
-6.71137,-45.50259,342.21,1.08,1.04,2026-09-10,1851,Aqua,MODIS,90,6.1NRT,307.8,39.14,D
-6.70992,-45.49306,324.27,1.08,1.04,2026-09-10,1851,Aqua,MODIS,31,6.1NRT,308.54,11.83,D
-6.70848,-45.4836,326.63,1.08,1.04,2026-09-10,1851,Aqua,MODIS,72,6.1NRT,308.8,14.88,D
-6.70554,-45.51908,391.98,1.08,1.04,2026-09-10,1851,Aqua,MODIS,100,6.1NRT,315.79,222.62,D
-6.70412,-45.50956,371.22,1.08,1.04,2026-09-10,1851,Aqua,MODIS,100,6.1NRT,308.5,123.05,D
-6.7027,-45.49997,333.98,1.08,1.04,2026-09-10,1851,Aqua,MODIS,84,6.1NRT,306.71,26.64,D
-6.70128,-45.49043,318.85,1.08,1.04,2026-09-10,1851,Aqua,MODIS,61,6.1NRT,307.46,7.17,D
-6.62128,-47.81861,329.42,1.01,1.01,2026-09-10,1851,Aqua,MODIS,79,6.1NRT,311.34,16.81,D
-6.62055,-45.88126,317.93,1.05,1.02,2026-09-10,1851,Aqua,MODIS,55,6.1NRT,307.06,6.64,D
-6.62,-47.80977,330.19,1.01,1.01,2026-09-10,1851,Aqua,MODIS,80,6.1NRT,307.55,17.95,D
-6.61917,-45.87205,317.1,1.05,1.02,2026-09-10,1851,Aqua,MODIS,50,6.1NRT,306.48,6.02,D
-6.6131,-47.63964,327.88,1.01,1.0,2026-09-10,1851,Aqua,MODIS,77,6.1NRT,308.82,14.94,D
-6.57768,-51.10014,327.67,1.45,1.19,2026-09-10,1851,Aqua,MODIS,82,6.1NRT,299.86,35.32,D
-6.57636,-45.8939,333.98,1.05,1.02,2026-09-10,1851,Aqua,MODIS,83,6.1NRT,308.3,26.2,D
-6.57499,-45.88468,323.74,1.05,1.02,2026-09-10,1851,Aqua,MODIS,70,6.1NRT,306.92,12.3,D
-6.57125,-51.20512,338.46,1.47,1.2,2026-09-10,1851,Aqua,MODIS,89,6.1NRT,301.14,59.98,D
-6.56944,-51.19229,332.57,1.47,1.2,2026-09-10,1851,Aqua,MODIS,85,6.1NRT,301.41,44.1,D
-6.56477,-56.03259,312.59,3.57,1.77,2026-09-10,1851,Aqua,MODIS,64,6.1NRT,291.35,40.87,D
-6.56016,-56.02855,314.59,3.57,1.77,2026-09-10,1851,Aqua,MODIS,68,6.1NRT,291.12,54.36,D
-6.5447,-51.09209,346.69,1.45,1.19,2026-09-10,1851,Aqua,MODIS,94,6.1NRT,299.25,85.18,D
-6.54294,-51.07951,321.92,1.44,1.19,2026-09-10,1851,Aqua,MODIS,76,6.1NRT,299.4,23.47,D
-6.50655,-47.6081,323.05,1.0,1.0,2026-09-10,1851,Aqua,MODIS,70,6.1NRT,306.74,10.39,D
-6.50527,-47.59932,366.98,1.0,1.0,2026-09-10,1851,Aqua,MODIS,100,6.1NRT,309.91,97.3,D
-6.50399,-47.59055,322.59,1.0,1.0,2026-09-10,1851,Aqua,MODIS,69,6.1NRT,306.96,9.76,D
-6.49779,-47.60941,338.95,1.0,1.0,2026-09-10,1851,Aqua,MODIS,87,6.1NRT,307.2,31.14,D
-6.49651,-47.60062,368.82,1.0,1.0,2026-09-10,1851,Aqua,MODIS,100,6.1NRT,312.73,102.33,D
-6.49522,-47.59185,334.3,1.0,1.0,2026-09-10,1851,Aqua,MODIS,84,6.1NRT,308.27,23.81,D
-6.49503,-45.17389,319.37,1.12,1.06,2026-09-10,1851,Aqua,MODIS,63,6.1NRT,302.5,10.85,D
-6.46887,-46.1031,321.85,1.04,1.02,2026-09-10,1851,Aqua,MODIS,54,6.1NRT,308.09,7.37,D
-6.46752,-46.09407,321.76,1.04,1.02,2026-09-10,1851,Aqua,MODIS,50,6.1NRT,308.38,7.54,D
-6.43606,-46.00579,340.73,1.04,1.02,2026-09-10,1851,Aqua,MODIS,89,6.1NRT,308.33,35.52,D
-6.43468,-45.9966,346.35,1.04,1.02,2026-09-10,1851,Aqua,MODIS,92,6.1NRT,309.41,46.6,D
-6.41957,-47.51918,330.04,1.0,1.0,2026-09-10,1851,Aqua,MODIS,79,6.1NRT,307.65,17.91,D
-6.41829,-47.51041,334.53,1.0,1.0,2026-09-10,1851,Aqua,MODIS,84,6.1NRT,308.98,24.02,D
-6.4121,-47.52927,319.63,1.0,1.0,2026-09-10,1851,Aqua,MODIS,61,6.1NRT,307.27,6.49,D
-6.41082,-47.5205,345.5,1.0,1.0,2026-09-10,1851,Aqua,MODIS,92,6.1NRT,311.58,42.4,D
-6.40953,-47.51173,340.65,1.0,1.0,2026-09-10,1851,Aqua,MODIS,89,6.1NRT,310.14,33.38,D
-6.40535,-54.9679,316.93,2.91,1.63,2026-09-10,1851,Aqua,MODIS,71,6.1NRT,294.57,41.75,D
-6.40207,-54.97319,313.49,2.91,1.63,2026-09-10,1851,Aqua,MODIS,37,6.1NRT,294.55,27.29,D
-6.34745,-55.2169,314.98,3.05,1.66,2026-09-10,1851,Aqua,MODIS,67,6.1NRT,293.12,32.72,D
-6.34505,-55.22409,316.1,3.05,1.66,2026-09-10,1851,Aqua,MODIS,70,6.1NRT,293.42,38.09,D
-6.32521,-56.07618,311.03,3.57,1.77,2026-09-10,1851,Aqua,MODIS,61,6.1NRT,289.64,42.89,D
-6.32104,-56.04521,308.91,3.55,1.77,2026-09-10,1851,Aqua,MODIS,51,6.1NRT,288.54,33.57,D
-6.31613,-45.87981,319.23,1.06,1.03,2026-09-10,1851,Aqua,MODIS,22,6.1NRT,306.65,5.73,D
-6.31514,-47.38026,372.0,1.0,1.0,2026-09-10,1851,Aqua,MODIS,100,6.1NRT,311.49,110.19,D
-6.31473,-45.87053,324.87,1.06,1.03,2026-09-10,1851,Aqua,MODIS,71,6.1NRT,308.64,11.72,D
-6.31386,-47.37151,342.62,1.0,1.0,2026-09-10,1851,Aqua,MODIS,90,6.1NRT,308.94,34.91,D
-6.3064,-47.38157,325.37,1.0,1.0,2026-09-10,1851,Aqua,MODIS,64,6.1NRT,308.48,10.78,D
-6.30511,-47.37282,331.05,1.0,1.0,2026-09-10,1851,Aqua,MODIS,76,6.1NRT,307.58,17.73,D
-6.29783,-45.88927,326.16,1.06,1.03,2026-09-10,1851,Aqua,MODIS,74,6.1NRT,306.16,16.25,D
-6.28295,-44.87062,319.2,1.17,1.08,2026-09-10,1851,Aqua,MODIS,33,6.1NRT,302.42,10.55,D
-6.25905,-51.68155,312.29,1.58,1.24,2026-09-10,1851,Aqua,MODIS,36,6.1NRT,297.53,6.63,D
-6.25014,-51.69692,312.7,1.58,1.24,2026-09-10,1851,Aqua,MODIS,24,6.1NRT,298.24,7.36,D
-6.24821,-51.68305,327.47,1.58,1.24,2026-09-10,1851,Aqua,MODIS,82,6.1NRT,300.28,36.24,D
-6.24429,-45.22028,327.89,1.12,1.06,2026-09-10,1851,Aqua,MODIS,77,6.1NRT,305.8,20.94,D
-6.23929,-51.69837,326.03,1.58,1.24,2026-09-10,1851,Aqua,MODIS,81,6.1NRT,299.68,32.75,D
-6.2392,-47.5493,316.77,1.0,1.0,2026-09-10,1851,Aqua,MODIS,48,6.1NRT,305.54,5.25,D
-6.23792,-47.54055,331.94,1.0,1.0,2026-09-10,1851,Aqua,MODIS,81,6.1NRT,306.42,22.0,D
-6.23737,-51.68451,339.99,1.58,1.24,2026-09-10,1851,Aqua,MODIS,90,6.1NRT,299.19,70.43,D
-6.21068,-49.59125,327.22,1.16,1.07,2026-09-10,1851,Aqua,MODIS,80,6.1NRT,305.96,20.84,D
-6.20205,-55.27479,335.87,3.06,1.66,2026-09-10,1851,Aqua,MODIS,88,6.1NRT,293.68,161.04,D
-6.20134,-49.59281,319.05,1.16,1.07,2026-09-10,1851,Aqua,MODIS,69,6.1NRT,302.86,10.42,D
-6.18751,-55.27658,315.18,3.06,1.66,2026-09-10,1851,Aqua,MODIS,69,6.1NRT,293.94,41.99,D
-6.1177,-45.12492,324.07,1.14,1.06,2026-09-10,1851,Aqua,MODIS,37,6.1NRT,304.45,13.55,D
-6.11618,-45.11498,331.1,1.14,1.06,2026-09-10,1851,Aqua,MODIS,69,6.1NRT,307.84,23.55,D
-6.1084,-45.12632,329.89,1.14,1.06,2026-09-10,1851,Aqua,MODIS,70,6.1NRT,301.31,21.53,D
-6.10688,-45.11636,337.46,1.14,1.06,2026-09-10,1851,Aqua,MODIS,87,6.1NRT,308.27,33.8,D
-6.10581,-51.74329,316.99,1.59,1.24,2026-09-10,1851,Aqua,MODIS,70,6.1NRT,301.57,14.85,D
-6.09324,-43.49948,316.5,1.43,1.18,2026-09-10,1851,Aqua,MODIS,37,6.1NRT,301.71,10.49,D
-6.07552,-44.46352,319.45,1.24,1.11,2026-09-10,1851,Aqua,MODIS,40,6.1NRT,301.3,15.27,D
-6.07161,-45.23863,350.3,1.13,1.06,2026-09-10,1851,Aqua,MODIS,89,6.1NRT,299.18,63.0,D
-6.06429,-51.76323,317.48,1.59,1.24,2026-09-10,1851,Aqua,MODIS,71,6.1NRT,303.23,12.67,D
-6.05941,-45.22051,328.45,1.13,1.06,2026-09-10,1851,Aqua,MODIS,77,6.1NRT,301.82,21.19,D
-6.04997,-48.40298,327.67,1.03,1.02,2026-09-10,1851,Aqua,MODIS,78,6.1NRT,305.45,16.91,D
-6.04866,-48.39396,323.89,1.03,1.02,2026-09-10,1851,Aqua,MODIS,73,6.1NRT,303.83,12.11,D
-6.01653,-53.72085,311.27,2.27,1.46,2026-09-10,1851,Aqua,MODIS,59,6.1NRT,295.6,20.06,D
-5.90919,-51.16071,333.33,1.43,1.18,2026-09-10,1851,Aqua,MODIS,86,6.1NRT,297.68,47.67,D
-5.90314,-49.75368,321.75,1.17,1.08,2026-09-10,1851,Aqua,MODIS,74,6.1NRT,301.99,16.36,D
-5.89889,-51.16246,326.29,1.43,1.18,2026-09-10,1851,Aqua,MODIS,80,6.1NRT,298.71,32.09,D
-5.87636,-49.76813,319.42,1.17,1.08,2026-09-10,1851,Aqua,MODIS,55,6.1NRT,302.81,10.45,D
-5.87491,-49.75787,320.92,1.17,1.08,2026-09-10,1851,Aqua,MODIS,60,6.1NRT,303.43,12.29,D
-5.86694,-49.76951,325.39,1.17,1.08,2026-09-10,1851,Aqua,MODIS,77,6.1NRT,304.67,17.59,D
-5.86647,-51.66327,336.18,1.55,1.23,2026-09-10,1851,Aqua,MODIS,88,6.1NRT,301.85,56.26,D
-5.8655,-49.75928,322.76,1.17,1.08,2026-09-10,1851,Aqua,MODIS,59,6.1NRT,305.14,13.88,D
-5.86458,-51.64965,316.63,1.55,1.23,2026-09-10,1851,Aqua,MODIS,67,6.1NRT,300.11,11.96,D
-5.79119,-51.70851,318.26,1.56,1.23,2026-09-10,1851,Aqua,MODIS,71,6.1NRT,300.88,17.52,D
-5.77659,-47.48834,319.33,1.0,1.0,2026-09-10,1851,Aqua,MODIS,51,6.1NRT,305.93,9.18,D
-5.7714,-44.21199,323.16,1.3,1.13,2026-09-10,1851,Aqua,MODIS,72,6.1NRT,305.73,15.97,D
-5.77123,-45.09002,334.3,1.15,1.07,2026-09-10,1851,Aqua,MODIS,85,6.1NRT,314.91,25.85,D
-5.77123,-44.20642,320.69,1.3,1.13,2026-09-10,1851,Aqua,MODIS,57,6.1NRT,306.07,12.37,D
-5.76971,-45.07994,331.75,1.16,1.07,2026-09-10,1851,Aqua,MODIS,77,6.1NRT,311.81,22.02,D
-5.75432,-49.9345,329.47,1.19,1.09,2026-09-10,1851,Aqua,MODIS,82,6.1NRT,300.21,27.46,D
-5.74484,-49.93594,317.66,1.19,1.09,2026-09-10,1851,Aqua,MODIS,41,6.1NRT,300.2,10.67,D
-5.68803,-43.40596,324.52,1.47,1.2,2026-09-10,1851,Aqua,MODIS,74,6.1NRT,302.73,22.08,D
-5.66803,-45.56989,337.75,1.1,1.05,2026-09-10,1851,Aqua,MODIS,78,6.1NRT,306.35,34.86,D
-5.6666,-45.56036,364.41,1.1,1.05,2026-09-10,1851,Aqua,MODIS,100,6.1NRT,309.02,101.88,D
-5.66516,-45.55076,352.15,1.1,1.05,2026-09-10,1851,Aqua,MODIS,96,6.1NRT,306.2,65.22,D
-5.66372,-45.54111,333.7,1.1,1.05,2026-09-10,1851,Aqua,MODIS,84,6.1NRT,304.49,27.5,D
-5.65792,-45.50235,320.39,1.11,1.05,2026-09-10,1851,Aqua,MODIS,67,6.1NRT,305.17,9.88,D
-5.65746,-45.56176,339.91,1.1,1.05,2026-09-10,1851,Aqua,MODIS,89,6.1NRT,302.53,38.56,D
-5.65602,-45.55215,353.16,1.1,1.05,2026-09-10,1851,Aqua,MODIS,96,6.1NRT,306.27,67.77,D
-5.65457,-45.54254,336.04,1.1,1.05,2026-09-10,1851,Aqua,MODIS,86,6.1NRT,303.12,31.33,D
-5.63314,-51.66067,331.1,1.54,1.22,2026-09-10,1851,Aqua,MODIS,84,6.1NRT,300.28,44.87,D
-5.63123,-51.64726,335.47,1.54,1.22,2026-09-10,1851,Aqua,MODIS,87,6.1NRT,300.43,56.29,D
-5.59297,-42.72393,319.13,1.66,1.27,2026-09-10,1851,Aqua,MODIS,53,6.1NRT,304.18,14.84,D
-5.51578,-50.33387,315.96,1.25,1.11,2026-09-10,1851,Aqua,MODIS,63,6.1NRT,300.69,9.2,D
-5.50604,-48.16339,321.21,1.02,1.01,2026-09-10,1851,Aqua,MODIS,56,6.1NRT,304.25,10.7,D
-5.50474,-48.15453,318.14,1.01,1.01,2026-09-10,1851,Aqua,MODIS,37,6.1NRT,305.78,7.92,D
-5.48517,-45.70768,325.18,1.09,1.04,2026-09-10,1851,Aqua,MODIS,61,6.1NRT,301.89,17.86,D
-5.46553,-45.70088,343.78,1.09,1.04,2026-09-10,1851,Aqua,MODIS,91,6.1NRT,305.86,47.89,D
-5.43271,-45.72159,314.64,1.09,1.04,2026-09-10,1851,Aqua,MODIS,46,6.1NRT,302.16,5.99,D
-5.38194,-46.31376,321.5,1.04,1.02,2026-09-10,1851,Aqua,MODIS,63,6.1NRT,304.76,10.15,D
-5.38058,-46.30465,341.61,1.04,1.02,2026-09-10,1851,Aqua,MODIS,90,6.1NRT,307.34,38.24,D
-5.37304,-46.31509,324.03,1.04,1.02,2026-09-10,1851,Aqua,MODIS,75,6.1NRT,304.66,13.12,D
-5.37168,-46.306,325.78,1.04,1.02,2026-09-10,1851,Aqua,MODIS,77,6.1NRT,305.51,14.74,D
-5.36453,-49.15181,332.76,1.08,1.04,2026-09-10,1851,Aqua,MODIS,63,6.1NRT,305.32,25.35,D
-5.28918,-47.88379,342.66,1.0,1.0,2026-09-10,1851,Aqua,MODIS,69,6.1NRT,303.72,38.48,D
-5.16889,-48.44702,333.0,1.03,1.01,2026-09-10,1851,Aqua,MODIS,0,6.1NRT,304.16,24.11,D
-5.16261,-48.90763,322.4,1.06,1.03,2026-09-10,1851,Aqua,MODIS,73,6.1NRT,303.59,13.66,D
-5.14077,-44.45604,323.44,1.28,1.12,2026-09-10,1851,Aqua,MODIS,74,6.1NRT,302.69,18.64,D
-4.95819,-45.14515,325.97,1.17,1.08,2026-09-10,1851,Aqua,MODIS,77,6.1NRT,306.2,20.22,D
-4.88766,-45.60973,319.1,1.11,1.05,2026-09-10,1851,Aqua,MODIS,68,6.1NRT,302.34,10.85,D
-4.88619,-45.60009,315.39,1.11,1.05,2026-09-10,1851,Aqua,MODIS,53,6.1NRT,302.36,7.02,D
-5.30752,-55.97559,327.05,3.37,1.73,2026-09-10,1853,Aqua,MODIS,83,6.1NRT,294.82,109.93,D
-5.29239,-55.97764,329.16,3.37,1.73,2026-09-10,1853,Aqua,MODIS,84,6.1NRT,294.89,123.29,D
-5.28837,-55.94813,312.86,3.35,1.73,2026-09-10,1853,Aqua,MODIS,48,6.1NRT,294.37,28.91,D
-5.28792,-56.04265,312.51,3.41,1.74,2026-09-10,1853,Aqua,MODIS,54,6.1NRT,293.3,26.81,D
-5.28518,-56.03827,311.83,3.41,1.74,2026-09-10,1853,Aqua,MODIS,58,6.1NRT,293.52,27.93,D
-5.25881,-50.97376,319.51,1.36,1.15,2026-09-10,1853,Aqua,MODIS,73,6.1NRT,297.71,18.78,D
-5.05654,-49.70505,321.56,1.14,1.06,2026-09-10,1853,Aqua,MODIS,73,6.1NRT,301.67,14.76,D
-5.01366,-48.4637,317.98,1.02,1.01,2026-09-10,1853,Aqua,MODIS,54,6.1NRT,301.93,9.54,D
-4.93418,-48.16723,326.25,1.01,1.0,2026-09-10,1853,Aqua,MODIS,78,6.1NRT,301.85,18.01,D
-4.93288,-48.15837,347.77,1.01,1.0,2026-09-10,1853,Aqua,MODIS,94,6.1NRT,302.72,51.45,D
-4.92903,-49.52996,326.05,1.11,1.05,2026-09-10,1853,Aqua,MODIS,79,6.1NRT,302.47,19.77,D
-4.54846,-54.96699,336.04,2.71,1.58,2026-09-10,1853,Aqua,MODIS,88,6.1NRT,294.77,139.98,D
-4.5453,-54.94355,313.91,2.7,1.57,2026-09-10,1853,Aqua,MODIS,68,6.1NRT,294.12,32.14,D
-4.54245,-54.97249,379.59,2.71,1.58,2026-09-10,1853,Aqua,MODIS,100,6.1NRT,297.27,629.66,D
-4.53914,-54.94916,353.56,2.7,1.57,2026-09-10,1853,Aqua,MODIS,97,6.1NRT,294.78,278.16,D
-4.52868,-54.97441,348.9,2.71,1.58,2026-09-10,1853,Aqua,MODIS,95,6.1NRT,295.53,237.19,D
-4.52539,-54.95102,336.91,2.7,1.57,2026-09-10,1853,Aqua,MODIS,89,6.1NRT,294.49,142.76,D
-4.48428,-54.91699,316.09,2.68,1.57,2026-09-10,1853,Aqua,MODIS,71,6.1NRT,293.6,41.53,D
-4.48105,-54.89474,339.95,2.66,1.57,2026-09-10,1853,Aqua,MODIS,91,6.1NRT,295.73,161.22,D
-4.47792,-54.91131,333.0,2.68,1.57,2026-09-10,1853,Aqua,MODIS,87,6.1NRT,294.64,119.09,D
-4.4748,-54.88857,337.88,2.66,1.57,2026-09-10,1853,Aqua,MODIS,89,6.1NRT,295.06,146.92,D
-4.41995,-45.25313,320.78,1.17,1.08,2026-09-10,1853,Aqua,MODIS,69,6.1NRT,304.33,11.54,D
-4.33892,-46.25781,331.79,1.06,1.03,2026-09-10,1853,Aqua,MODIS,83,6.1NRT,304.16,22.12,D
-4.2813,-45.20752,317.02,1.18,1.08,2026-09-10,1853,Aqua,MODIS,60,6.1NRT,302.53,7.56,D
-4.09128,-45.90353,317.17,1.1,1.05,2026-09-10,1853,Aqua,MODIS,62,6.1NRT,301.62,8.93,D
-4.08982,-45.89395,315.03,1.1,1.05,2026-09-10,1853,Aqua,MODIS,30,6.1NRT,301.41,7.2,D
-4.08004,-48.95673,316.37,1.04,1.02,2026-09-10,1853,Aqua,MODIS,46,6.1NRT,300.88,6.67,D
-4.07068,-45.1028,345.67,1.21,1.09,2026-09-10,1853,Aqua,MODIS,93,6.1NRT,303.11,58.44,D
-4.06908,-45.09229,369.0,1.21,1.09,2026-09-10,1853,Aqua,MODIS,100,6.1NRT,304.32,136.51,D
-4.03688,-50.88813,323.85,1.29,1.13,2026-09-10,1853,Aqua,MODIS,78,6.1NRT,298.98,24.44,D
-4.03495,-51.01526,311.32,1.31,1.14,2026-09-10,1853,Aqua,MODIS,38,6.1NRT,297.27,6.57,D
-4.02861,-50.46046,313.02,1.22,1.1,2026-09-10,1853,Aqua,MODIS,57,6.1NRT,302.38,6.71,D
-4.02407,-46.94618,322.18,1.02,1.01,2026-09-10,1853,Aqua,MODIS,42,6.1NRT,307.74,9.14,D
-4.02276,-46.9373,322.05,1.02,1.01,2026-09-10,1853,Aqua,MODIS,41,6.1NRT,304.63,9.81,D
-4.01787,-46.96522,332.57,1.02,1.01,2026-09-10,1853,Aqua,MODIS,84,6.1NRT,305.64,21.62,D
-4.00679,-51.03139,320.08,1.32,1.14,2026-09-10,1853,Aqua,MODIS,71,6.1NRT,300.49,15.47,D
-4.00561,-51.02541,316.65,1.31,1.14,2026-09-10,1853,Aqua,MODIS,60,6.1NRT,300.12,11.02,D
-3.98583,-51.09887,312.59,1.33,1.14,2026-09-10,1853,Aqua,MODIS,59,6.1NRT,300.63,8.15,D
-3.98416,-51.08736,313.93,1.33,1.14,2026-09-10,1853,Aqua,MODIS,63,6.1NRT,300.54,9.6,D
-3.98302,-47.92211,319.81,1.0,1.0,2026-09-10,1853,Aqua,MODIS,66,6.1NRT,301.72,9.12,D
-3.9579,-46.24468,319.97,1.07,1.03,2026-09-10,1853,Aqua,MODIS,70,6.1NRT,301.05,11.04,D
-3.87835,-50.49445,312.4,1.22,1.1,2026-09-10,1853,Aqua,MODIS,48,6.1NRT,300.52,6.27,D
-3.87077,-45.00449,327.28,1.23,1.1,2026-09-10,1853,Aqua,MODIS,75,6.1NRT,299.45,24.82,D
-3.85894,-49.53412,348.93,1.09,1.04,2026-09-10,1853,Aqua,MODIS,95,6.1NRT,305.23,58.04,D
-3.85755,-49.52464,340.88,1.09,1.04,2026-09-10,1853,Aqua,MODIS,90,6.1NRT,305.81,40.6,D
-3.81725,-47.48046,317.67,1.0,1.0,2026-09-10,1853,Aqua,MODIS,67,6.1NRT,304.45,7.45,D
-3.70897,-57.17482,309.44,3.97,1.85,2026-09-10,1853,Aqua,MODIS,52,6.1NRT,291.5,31.02,D
-3.69347,-45.40237,317.22,1.17,1.08,2026-09-10,1853,Aqua,MODIS,64,6.1NRT,303.3,7.63,D
-3.68173,-54.5417,313.95,2.42,1.5,2026-09-10,1853,Aqua,MODIS,66,6.1NRT,295.63,22.96,D
-3.67959,-54.53526,317.46,2.42,1.5,2026-09-10,1853,Aqua,MODIS,72,6.1NRT,295.56,33.59,D
-3.67875,-54.52131,314.5,2.41,1.5,2026-09-10,1853,Aqua,MODIS,67,6.1NRT,295.05,24.58,D
-3.5513,-48.18555,323.43,1.0,1.0,2026-09-10,1853,Aqua,MODIS,76,6.1NRT,302.46,15.24,D
-3.55002,-48.17682,315.31,1.0,1.0,2026-09-10,1853,Aqua,MODIS,26,6.1NRT,300.5,7.33,D
-3.54255,-48.18685,328.79,1.0,1.0,2026-09-10,1853,Aqua,MODIS,82,6.1NRT,302.32,21.01,D
-3.54127,-48.17812,319.41,1.0,1.0,2026-09-10,1853,Aqua,MODIS,39,6.1NRT,301.06,10.69,D
-3.42742,-52.565,312.26,1.66,1.27,2026-09-10,1853,Aqua,MODIS,60,6.1NRT,297.92,9.06,D
-3.41908,-57.99245,311.5,4.57,1.96,2026-09-10,1853,Aqua,MODIS,25,6.1NRT,288.21,51.3,D
-3.4053,-54.0845,362.0,2.19,1.44,2026-09-10,1853,Aqua,MODIS,100,6.1NRT,297.52,272.79,D
-3.40258,-54.06574,341.46,2.19,1.43,2026-09-10,1853,Aqua,MODIS,91,6.1NRT,297.14,126.64,D
-3.38378,-50.7665,326.39,1.24,1.11,2026-09-10,1853,Aqua,MODIS,80,6.1NRT,301.9,23.64,D
-3.38219,-50.75567,350.93,1.24,1.11,2026-09-10,1853,Aqua,MODIS,96,6.1NRT,302.91,78.11,D
-3.37409,-50.76792,334.89,1.24,1.11,2026-09-10,1853,Aqua,MODIS,87,6.1NRT,301.8,38.32,D
-3.37252,-50.75708,369.08,1.24,1.11,2026-09-10,1853,Aqua,MODIS,100,6.1NRT,304.42,144.81,D
-3.3714,-49.16548,317.37,1.05,1.02,2026-09-10,1853,Aqua,MODIS,64,6.1NRT,302.98,9.72,D
-3.37095,-50.7463,331.2,1.24,1.11,2026-09-10,1853,Aqua,MODIS,84,6.1NRT,301.68,31.04,D
-3.3497,-43.52175,314.82,1.58,1.24,2026-09-10,1853,Aqua,MODIS,56,6.1NRT,300.47,10.78,D
-3.26564,-50.08799,321.07,1.14,1.06,2026-09-10,1853,Aqua,MODIS,73,6.1NRT,304.23,13.27,D
-3.25974,-50.82437,318.44,1.25,1.11,2026-09-10,1853,Aqua,MODIS,70,6.1NRT,300.7,12.54,D
-3.25003,-50.82574,317.36,1.25,1.11,2026-09-10,1853,Aqua,MODIS,69,6.1NRT,299.97,11.34,D
-3.24705,-47.25251,321.42,1.01,1.01,2026-09-10,1853,Aqua,MODIS,59,6.1NRT,304.74,10.42,D
-3.21311,-49.53635,332.09,1.07,1.03,2026-09-10,1853,Aqua,MODIS,84,6.1NRT,298.77,28.33,D
-3.21174,-49.52701,320.06,1.07,1.03,2026-09-10,1853,Aqua,MODIS,72,6.1NRT,298.68,12.94,D
-3.20407,-49.53769,314.21,1.07,1.03,2026-09-10,1853,Aqua,MODIS,39,6.1NRT,298.17,6.84,D
-3.1404,-50.56461,313.02,1.2,1.09,2026-09-10,1853,Aqua,MODIS,59,6.1NRT,299.72,8.02,D
-3.10099,-51.28784,314.58,1.33,1.14,2026-09-10,1853,Aqua,MODIS,45,6.1NRT,299.13,9.93,D
-3.07946,-50.34223,318.86,1.17,1.08,2026-09-10,1853,Aqua,MODIS,71,6.1NRT,301.99,10.87,D
-3.07776,-51.33876,352.73,1.34,1.15,2026-09-10,1853,Aqua,MODIS,97,6.1NRT,300.16,95.45,D
-3.07608,-51.32716,315.56,1.34,1.15,2026-09-10,1853,Aqua,MODIS,67,6.1NRT,297.78,11.62,D
-3.0726,-50.33942,334.71,1.17,1.07,2026-09-10,1853,Aqua,MODIS,87,6.1NRT,303.89,35.66,D
-3.068,-50.57116,316.23,1.2,1.09,2026-09-10,1853,Aqua,MODIS,68,6.1NRT,300.23,12.15,D
-3.06647,-50.56063,315.85,1.2,1.09,2026-09-10,1853,Aqua,MODIS,67,6.1NRT,299.43,11.7,D
-3.02881,-42.68829,326.81,1.86,1.33,2026-09-10,1853,Aqua,MODIS,80,6.1NRT,300.4,43.38,D
-3.02502,-47.81406,317.26,1.0,1.0,2026-09-10,1853,Aqua,MODIS,61,6.1NRT,303.5,5.6,D
-2.95881,-50.32051,314.46,1.16,1.07,2026-09-10,1853,Aqua,MODIS,46,6.1NRT,302.48,7.89,D
-2.94342,-50.47869,318.37,1.18,1.08,2026-09-10,1853,Aqua,MODIS,70,6.1NRT,299.29,13.04,D
-2.94193,-50.46838,319.96,1.18,1.08,2026-09-10,1853,Aqua,MODIS,66,6.1NRT,301.27,15.02,D
-2.88673,-50.46205,321.77,1.18,1.08,2026-09-10,1853,Aqua,MODIS,42,6.1NRT,301.98,14.03,D
-2.87121,-49.10004,312.29,1.03,1.02,2026-09-10,1853,Aqua,MODIS,38,6.1NRT,298.86,4.99,D
-2.86429,-44.93447,313.89,1.28,1.12,2026-09-10,1853,Aqua,MODIS,62,6.1NRT,296.5,9.71,D
-2.86261,-44.92334,311.76,1.28,1.12,2026-09-10,1853,Aqua,MODIS,55,6.1NRT,297.0,7.36,D
-2.82737,-49.23569,320.33,1.04,1.02,2026-09-10,1853,Aqua,MODIS,55,6.1NRT,303.02,15.63,D
-2.77906,-49.47284,324.55,1.06,1.03,2026-09-10,1853,Aqua,MODIS,64,6.1NRT,298.51,17.43,D
-2.77773,-49.46362,344.39,1.06,1.03,2026-09-10,1853,Aqua,MODIS,92,6.1NRT,301.52,48.64,D
-2.77008,-49.47418,318.58,1.06,1.03,2026-09-10,1853,Aqua,MODIS,39,6.1NRT,300.41,11.09,D
-2.76874,-49.46495,324.91,1.06,1.03,2026-09-10,1853,Aqua,MODIS,78,6.1NRT,300.13,17.84,D
-2.75958,-49.47282,315.17,1.06,1.03,2026-09-10,1853,Aqua,MODIS,64,6.1NRT,300.43,9.61,D
-2.74674,-57.63085,312.33,4.17,1.89,2026-09-10,1853,Aqua,MODIS,55,6.1NRT,292.57,42.95,D
-2.73613,-57.62823,331.05,4.17,1.89,2026-09-10,1853,Aqua,MODIS,64,6.1NRT,293.07,192.87,D
-2.73028,-57.63315,330.4,4.17,1.89,2026-09-10,1853,Aqua,MODIS,79,6.1NRT,292.99,184.6,D
-2.45938,-49.37561,319.06,1.05,1.02,2026-09-10,1853,Aqua,MODIS,34,6.1NRT,298.77,12.53,D
-2.43117,-44.65008,318.38,1.36,1.15,2026-09-10,1853,Aqua,MODIS,66,6.1NRT,296.58,17.44,D
-2.30566,-47.88966,318.09,1.0,1.0,2026-09-10,1853,Aqua,MODIS,58,6.1NRT,303.04,9.36,D
-2.29109,-45.84705,316.83,1.16,1.07,2026-09-10,1853,Aqua,MODIS,64,6.1NRT,300.15,9.31,D
-2.26012,-47.76278,322.02,1.0,1.0,2026-09-10,1853,Aqua,MODIS,75,6.1NRT,301.0,12.39,D
-2.25883,-47.75404,330.55,1.0,1.0,2026-09-10,1853,Aqua,MODIS,83,6.1NRT,301.94,22.14,D
-2.25562,-47.99176,376.18,1.0,1.0,2026-09-10,1853,Aqua,MODIS,100,6.1NRT,304.59,131.04,D
-2.25434,-47.98306,352.33,1.0,1.0,2026-09-10,1853,Aqua,MODIS,96,6.1NRT,302.02,59.85,D
-2.17238,-49.25169,312.53,1.03,1.02,2026-09-10,1853,Aqua,MODIS,59,6.1NRT,298.67,4.84,D
-2.10306,-50.15794,311.54,1.12,1.05,2026-09-10,1853,Aqua,MODIS,59,6.1NRT,298.35,6.71,D
-2.09386,-50.15929,325.71,1.12,1.05,2026-09-10,1853,Aqua,MODIS,80,6.1NRT,298.97,21.74,D
-2.06469,-46.0017,316.94,1.14,1.06,2026-09-10,1853,Aqua,MODIS,65,6.1NRT,300.69,9.8,D
-2.01565,-49.56517,312.92,1.05,1.03,2026-09-10,1853,Aqua,MODIS,61,6.1NRT,297.57,6.06,D
-2.0143,-49.556,313.81,1.05,1.03,2026-09-10,1853,Aqua,MODIS,62,6.1NRT,298.77,6.47,D
-1.97034,-44.72049,326.84,1.36,1.16,2026-09-10,1853,Aqua,MODIS,80,6.1NRT,295.67,30.61,D
-1.96199,-44.73395,317.37,1.36,1.16,2026-09-10,1853,Aqua,MODIS,37,6.1NRT,295.84,14.64,D
-1.9588,-48.85312,316.37,1.01,1.01,2026-09-10,1853,Aqua,MODIS,49,6.1NRT,298.23,9.92,D
-1.95382,-48.51408,366.77,1.0,1.0,2026-09-10,1853,Aqua,MODIS,100,6.1NRT,301.0,101.05,D
-1.95254,-48.50537,321.3,1.0,1.0,2026-09-10,1853,Aqua,MODIS,74,6.1NRT,294.93,13.23,D
-1.8388,-45.08305,320.72,1.3,1.13,2026-09-10,1853,Aqua,MODIS,74,6.1NRT,296.37,19.5,D
-1.83875,-45.07742,333.52,1.3,1.13,2026-09-10,1853,Aqua,MODIS,86,6.1NRT,296.95,39.73,D
-1.83715,-45.07177,323.4,1.3,1.13,2026-09-10,1853,Aqua,MODIS,77,6.1NRT,296.96,23.89,D
-1.74541,-54.75691,335.52,2.33,1.48,2026-09-10,1853,Aqua,MODIS,83,6.1NRT,294.31,103.14,D
-1.7263,-49.9837,315.09,1.09,1.04,2026-09-10,1853,Aqua,MODIS,57,6.1NRT,300.17,8.79,D
-1.696,-53.71648,317.32,1.91,1.35,2026-09-10,1853,Aqua,MODIS,69,6.1NRT,296.77,22.02,D
-1.69355,-53.6999,341.11,1.91,1.35,2026-09-10,1853,Aqua,MODIS,91,6.1NRT,297.95,98.72,D
-1.67416,-45.01007,319.36,1.32,1.14,2026-09-10,1853,Aqua,MODIS,73,6.1NRT,297.84,18.16,D
-1.66503,-45.15026,310.8,1.29,1.13,2026-09-10,1853,Aqua,MODIS,41,6.1NRT,294.78,8.53,D
-1.60788,-46.66738,324.42,1.08,1.04,2026-09-10,1853,Aqua,MODIS,74,6.1NRT,297.81,18.44,D
-1.60651,-46.658,314.24,1.08,1.04,2026-09-10,1853,Aqua,MODIS,52,6.1NRT,297.71,8.17,D
-1.591,-47.36462,318.03,1.03,1.01,2026-09-10,1853,Aqua,MODIS,71,6.1NRT,299.8,10.2,D
-1.58103,-45.13406,320.92,1.3,1.13,2026-09-10,1853,Aqua,MODIS,75,6.1NRT,296.66,19.14,D
-1.56842,-47.39527,312.06,1.02,1.01,2026-09-10,1853,Aqua,MODIS,57,6.1NRT,298.24,4.97,D
-1.5424,-46.6003,313.38,1.09,1.04,2026-09-10,1853,Aqua,MODIS,50,6.1NRT,298.21,6.63,D
-1.281,-49.2732,314.4,1.02,1.01,2026-09-10,1853,Aqua,MODIS,63,6.1NRT,298.99,6.94,D
-1.13611,-46.91042,318.83,1.06,1.03,2026-09-10,1853,Aqua,MODIS,73,6.1NRT,299.04,11.31,D
-1.13474,-46.90117,330.5,1.07,1.03,2026-09-10,1853,Aqua,MODIS,84,6.1NRT,299.77,25.34,D
-1.12519,-46.34417,312.83,1.12,1.06,2026-09-10,1853,Aqua,MODIS,63,6.1NRT,297.05,7.68,D
-1.02049,-47.44054,316.4,1.03,1.01,2026-09-10,1853,Aqua,MODIS,71,6.1NRT,296.56,10.59,D
-0.79315,-47.5386,314.72,1.03,1.01,2026-09-10,1853,Aqua,MODIS,66,6.1NRT,300.42,7.47,D
-0.75867,-49.12485,319.3,1.01,1.01,2026-09-10,1853,Aqua,MODIS,74,6.1NRT,296.29,10.6,D
-0.75737,-49.11606,324.4,1.01,1.01,2026-09-10,1853,Aqua,MODIS,79,6.1NRT,298.39,15.98,D
-0.25529,-48.97077,333.0,1.0,1.0,2026-09-10,1853,Aqua,MODIS,86,6.1NRT,300.03,26.12,D
-0.25401,-48.96205,319.98,1.0,1.0,2026-09-10,1853,Aqua,MODIS,74,6.1NRT,300.0,11.11,D
-0.21918,-49.79386,308.9,1.04,1.02,2026-09-10,1853,Aqua,MODIS,51,6.1NRT,295.98,4.05,D
0.2427,-51.48663,328.71,1.23,1.1,2026-09-10,1853,Aqua,MODIS,83,6.1NRT,302.48,26.88,D
0.24427,-51.47594,318.06,1.23,1.1,2026-09-10,1853,Aqua,MODIS,61,6.1NRT,299.8,10.05,D
0.30206,-51.4474,325.06,1.22,1.1,2026-09-10,1853,Aqua,MODIS,80,6.1NRT,300.35,18.24,D
0.89444,-50.13394,310.03,1.05,1.02,2026-09-10,1853,Aqua,MODIS,44,6.1NRT,296.83,5.64,D
1.02327,-51.07237,316.57,1.15,1.07,2026-09-10,1853,Aqua,MODIS,50,6.1NRT,300.76,6.99,D
1.02474,-51.06245,323.03,1.14,1.07,2026-09-10,1853,Aqua,MODIS,78,6.1NRT,301.37,14.98,D
1.25219,-50.71135,314.63,1.1,1.04,2026-09-10,1853,Aqua,MODIS,52,6.1NRT,299.98,6.74,D
1.28374,-50.68694,325.4,1.09,1.04,2026-09-10,1853,Aqua,MODIS,71,6.1NRT,299.02,15.91,D
1.29424,-50.67882,329.99,1.09,1.04,2026-09-10,1853,Aqua,MODIS,84,6.1NRT,300.33,23.0,D
1.6024,-50.90522,342.43,1.11,1.05,2026-09-10,1856,Aqua,MODIS,87,6.1NRT,296.18,48.4,D
2.06552,-50.8393,339.03,1.09,1.04,2026-09-10,1856,Aqua,MODIS,90,6.1NRT,299.69,39.42,D
2.07462,-50.84066,322.05,1.09,1.04,2026-09-10,1856,Aqua,MODIS,61,6.1NRT,299.72,13.5,D
2.08091,-50.86099,329.26,1.09,1.04,2026-09-10,1856,Aqua,MODIS,84,6.1NRT,300.77,20.39,D
2.10051,-50.85423,325.3,1.09,1.04,2026-09-10,1856,Aqua,MODIS,81,6.1NRT,300.28,16.38,D
2.24044,-55.93642,314.74,2.48,1.52,2026-09-10,1856,Aqua,MODIS,56,6.1NRT,297.33,30.59,D
2.31327,-50.97182,324.97,1.1,1.05,2026-09-10,1856,Aqua,MODIS,81,6.1NRT,297.64,20.73,D
2.48321,-51.00947,313.56,1.1,1.05,2026-09-10,1856,Aqua,MODIS,51,6.1NRT,296.78,7.51,D
2.49661,-50.98229,315.14,1.1,1.04,2026-09-10,1856,Aqua,MODIS,59,6.1NRT,297.82,7.44,D
2.65309,-50.86725,312.97,1.08,1.04,2026-09-10,1856,Aqua,MODIS,57,6.1NRT,295.78,7.87,D
-33.84814,-58.76333,304.3,1.85,1.33,2026-09-10,2023,Aqua,MODIS,59,6.1NRT,290.98,13.72,D
-33.71498,-59.49764,305.79,1.67,1.27,2026-09-10,2023,Aqua,MODIS,60,6.1NRT,289.7,14.9,D
-33.62095,-58.91079,302.73,1.83,1.32,2026-09-10,2023,Aqua,MODIS,53,6.1NRT,290.76,11.12,D
-33.05777,-58.25524,301.56,2.08,1.4,2026-09-10,2023,Aqua,MODIS,41,6.1NRT,289.72,14.34,D
-31.90417,-65.92795,310.71,1.0,1.0,2026-09-10,2023,Aqua,MODIS,70,6.1NRT,296.25,7.54,D
-31.90266,-65.91763,311.09,1.0,1.0,2026-09-10,2023,Aqua,MODIS,70,6.1NRT,295.61,7.89,D
-31.08314,-58.65039,328.98,2.19,1.43,2026-09-10,2023,Aqua,MODIS,86,6.1NRT,291.69,84.67,D
-31.08235,-58.64555,331.65,2.19,1.43,2026-09-10,2023,Aqua,MODIS,87,6.1NRT,291.54,94.5,D
-31.07861,-58.62836,303.37,2.19,1.44,2026-09-10,2023,Aqua,MODIS,56,6.1NRT,290.65,14.28,D
-31.07071,-58.65393,306.28,2.19,1.43,2026-09-10,2023,Aqua,MODIS,63,6.1NRT,290.45,20.06,D
-30.69639,-60.23068,308.11,1.75,1.3,2026-09-10,2023,Aqua,MODIS,67,6.1NRT,292.29,16.5,D
-30.60548,-59.04587,303.12,2.11,1.41,2026-09-10,2023,Aqua,MODIS,55,6.1NRT,292.14,12.09,D
-30.30187,-59.40048,307.94,2.03,1.39,2026-09-10,2023,Aqua,MODIS,66,6.1NRT,292.72,19.73,D
-30.23377,-59.44051,302.47,2.02,1.39,2026-09-10,2023,Aqua,MODIS,52,6.1NRT,292.0,10.66,D
-30.23098,-63.02944,313.77,1.22,1.1,2026-09-10,2023,Aqua,MODIS,74,6.1NRT,292.73,15.01,D
-30.22994,-59.44897,307.66,2.02,1.39,2026-09-10,2023,Aqua,MODIS,66,6.1NRT,292.17,19.7,D
-30.03403,-58.99821,316.56,2.19,1.44,2026-09-10,2023,Aqua,MODIS,77,6.1NRT,292.04,43.26,D
-30.03318,-58.99335,316.45,2.19,1.44,2026-09-10,2023,Aqua,MODIS,77,6.1NRT,292.03,40.56,D
-29.95009,-61.84473,314.0,1.44,1.19,2026-09-10,2023,Aqua,MODIS,74,6.1NRT,294.34,17.72,D
-29.94832,-61.85334,327.41,1.43,1.18,2026-09-10,2023,Aqua,MODIS,85,6.1NRT,294.88,38.37,D
-29.85777,-60.71276,308.95,1.7,1.28,2026-09-10,2023,Aqua,MODIS,68,6.1NRT,293.06,16.7,D
-29.84331,-59.42131,311.3,2.07,1.4,2026-09-10,2023,Aqua,MODIS,67,6.1NRT,291.98,26.27,D
-29.84034,-59.4294,305.76,2.07,1.4,2026-09-10,2023,Aqua,MODIS,59,6.1NRT,291.82,16.99,D
-29.83621,-59.40878,303.96,2.08,1.4,2026-09-10,2023,Aqua,MODIS,58,6.1NRT,291.89,13.91,D
-29.80522,-61.4143,307.68,1.54,1.22,2026-09-10,2023,Aqua,MODIS,65,6.1NRT,293.8,11.59,D
-29.78311,-58.69601,302.39,2.33,1.48,2026-09-10,2023,Aqua,MODIS,52,6.1NRT,291.76,12.59,D
-29.76079,-58.70714,302.94,2.33,1.48,2026-09-10,2023,Aqua,MODIS,54,6.1NRT,292.06,13.38,D
-29.59825,-57.71412,332.57,2.75,1.59,2026-09-10,2023,Aqua,MODIS,88,6.1NRT,292.35,138.04,D
-29.57233,-60.986,307.86,1.65,1.26,2026-09-10,2023,Aqua,MODIS,66,6.1NRT,292.67,13.96,D
-29.53245,-59.21976,304.05,2.18,1.43,2026-09-10,2023,Aqua,MODIS,58,6.1NRT,291.45,15.46,D
-29.53194,-59.2149,305.17,2.18,1.43,2026-09-10,2023,Aqua,MODIS,61,6.1NRT,291.45,17.3,D
-29.5107,-62.10114,302.36,1.41,1.18,2026-09-10,2023,Aqua,MODIS,52,6.1NRT,292.25,5.68,D
-29.4258,-60.09795,312.4,1.91,1.35,2026-09-10,2023,Aqua,MODIS,72,6.1NRT,293.49,23.95,D
-29.424,-60.11115,303.54,1.9,1.35,2026-09-10,2023,Aqua,MODIS,35,6.1NRT,293.2,8.13,D
-29.42018,-60.09222,310.05,1.91,1.35,2026-09-10,2023,Aqua,MODIS,59,6.1NRT,293.45,17.94,D
-29.40665,-60.06311,305.78,1.92,1.35,2026-09-10,2023,Aqua,MODIS,58,6.1NRT,293.25,11.51,D
-28.98801,-60.72693,303.58,1.77,1.3,2026-09-10,2023,Aqua,MODIS,56,6.1NRT,292.53,8.88,D
-28.98558,-60.72055,304.59,1.77,1.3,2026-09-10,2023,Aqua,MODIS,41,6.1NRT,292.41,9.66,D
-28.98467,-60.70938,303.92,1.78,1.31,2026-09-10,2023,Aqua,MODIS,57,6.1NRT,292.5,9.42,D
-28.93126,-60.7414,316.65,1.77,1.3,2026-09-10,2023,Aqua,MODIS,77,6.1NRT,293.03,30.63,D
-28.83171,-60.64229,307.76,1.81,1.32,2026-09-10,2023,Aqua,MODIS,65,6.1NRT,292.75,15.82,D
-28.61686,-59.81559,314.52,2.08,1.4,2026-09-10,2023,Aqua,MODIS,65,6.1NRT,294.35,31.69,D
-28.60754,-61.29563,341.53,1.65,1.26,2026-09-10,2023,Aqua,MODIS,92,6.1NRT,292.35,91.83,D
-28.60448,-61.27927,319.87,1.66,1.27,2026-09-10,2023,Aqua,MODIS,61,6.1NRT,290.52,32.13,D
-29.01635,-65.11726,321.84,1.05,1.02,2026-09-10,2025,Aqua,MODIS,58,6.1NRT,291.47,17.62,D
-28.61147,-65.89698,312.44,1.01,1.01,2026-09-10,2025,Aqua,MODIS,72,6.1NRT,294.89,9.28,D
-28.16746,-60.33155,311.29,1.96,1.37,2026-09-10,2025,Aqua,MODIS,62,6.1NRT,293.28,23.32,D
-28.10676,-62.47002,344.95,1.42,1.18,2026-09-10,2025,Aqua,MODIS,89,6.1NRT,287.41,74.57,D
-28.08247,-61.41092,307.66,1.67,1.27,2026-09-10,2025,Aqua,MODIS,64,6.1NRT,293.86,12.87,D
-27.85023,-67.62586,335.52,1.01,1.01,2026-09-10,2025,Aqua,MODIS,90,6.1NRT,299.79,31.41,D
-27.84881,-67.61585,322.46,1.01,1.01,2026-09-10,2025,Aqua,MODIS,82,6.1NRT,299.21,14.88,D
-27.83335,-62.00005,311.24,1.54,1.22,2026-09-10,2025,Aqua,MODIS,69,6.1NRT,295.06,13.16,D
-27.83051,-61.98493,308.53,1.55,1.23,2026-09-10,2025,Aqua,MODIS,54,6.1NRT,295.19,9.28,D
-27.82872,-61.99102,314.75,1.55,1.23,2026-09-10,2025,Aqua,MODIS,73,6.1NRT,295.54,19.3,D
-27.45837,-62.18222,322.99,1.53,1.22,2026-09-10,2025,Aqua,MODIS,80,6.1NRT,294.56,31.06,D
-27.44508,-62.74556,346.55,1.41,1.18,2026-09-10,2025,Aqua,MODIS,71,6.1NRT,292.72,86.54,D
-27.44259,-62.73174,328.68,1.41,1.18,2026-09-10,2025,Aqua,MODIS,85,6.1NRT,294.37,40.74,D
-27.40442,-62.34047,337.08,1.5,1.21,2026-09-10,2025,Aqua,MODIS,90,6.1NRT,297.44,63.21,D
-27.40176,-62.32582,367.04,1.5,1.21,2026-09-10,2025,Aqua,MODIS,100,6.1NRT,299.42,186.91,D
-27.3991,-62.31113,333.65,1.5,1.21,2026-09-10,2025,Aqua,MODIS,88,6.1NRT,295.97,54.83,D
-27.39388,-62.34293,310.62,1.5,1.21,2026-09-10,2025,Aqua,MODIS,65,6.1NRT,295.64,11.95,D
-27.39121,-62.32829,307.62,1.5,1.21,2026-09-10,2025,Aqua,MODIS,59,6.1NRT,295.04,8.34,D
-27.22857,-61.32556,318.19,1.76,1.3,2026-09-10,2025,Aqua,MODIS,76,6.1NRT,297.41,27.53,D
-27.21866,-61.52215,320.72,1.71,1.28,2026-09-10,2025,Aqua,MODIS,78,6.1NRT,296.95,31.41,D
-27.21549,-61.50546,313.39,1.71,1.28,2026-09-10,2025,Aqua,MODIS,70,6.1NRT,296.79,17.72,D
-27.08078,-63.1261,311.69,1.36,1.15,2026-09-10,2025,Aqua,MODIS,31,6.1NRT,296.95,11.32,D
-27.03872,-62.73309,311.86,1.44,1.19,2026-09-10,2025,Aqua,MODIS,63,6.1NRT,290.36,13.49,D
-26.75681,-62.59371,348.16,1.48,1.2,2026-09-10,2025,Aqua,MODIS,82,6.1NRT,293.77,90.99,D
-26.75418,-62.57928,335.52,1.49,1.2,2026-09-10,2025,Aqua,MODIS,88,6.1NRT,293.77,55.21,D
-26.75094,-62.77977,311.57,1.45,1.19,2026-09-10,2025,Aqua,MODIS,65,6.1NRT,297.5,10.28,D
-26.74367,-62.58169,335.87,1.49,1.2,2026-09-10,2025,Aqua,MODIS,89,6.1NRT,295.35,55.06,D
-26.74101,-62.56723,311.54,1.49,1.21,2026-09-10,2025,Aqua,MODIS,28,6.1NRT,297.16,8.97,D
-26.74057,-62.78213,309.86,1.45,1.19,2026-09-10,2025,Aqua,MODIS,60,6.1NRT,297.21,7.84,D
-26.7389,-62.5896,328.94,1.49,1.2,2026-09-10,2025,Aqua,MODIS,79,6.1NRT,295.74,39.65,D
-26.70196,-62.68775,311.16,1.47,1.2,2026-09-10,2025,Aqua,MODIS,64,6.1NRT,297.42,10.32,D
-26.65521,-61.11525,323.48,1.87,1.34,2026-09-10,2025,Aqua,MODIS,80,6.1NRT,297.1,41.94,D
-26.65057,-61.10938,311.33,1.87,1.34,2026-09-10,2025,Aqua,MODIS,66,6.1NRT,296.59,16.37,D
-26.63004,-61.98371,310.34,1.64,1.26,2026-09-10,2025,Aqua,MODIS,27,6.1NRT,297.16,9.43,D
-26.628,-61.96072,309.34,1.64,1.26,2026-09-10,2025,Aqua,MODIS,60,6.1NRT,297.09,9.8,D
-26.62715,-61.9678,316.97,1.64,1.26,2026-09-10,2025,Aqua,MODIS,73,6.1NRT,297.38,20.46,D
-26.50371,-63.01249,312.5,1.41,1.18,2026-09-10,2025,Aqua,MODIS,66,6.1NRT,297.66,10.78,D
-26.50128,-62.99875,307.19,1.42,1.18,2026-09-10,2025,Aqua,MODIS,31,6.1NRT,294.83,4.78,D
-26.37661,-63.00489,374.19,1.42,1.18,2026-09-10,2025,Aqua,MODIS,100,6.1NRT,300.09,209.52,D
-26.37413,-62.9911,414.82,1.42,1.18,2026-09-10,2025,Aqua,MODIS,100,6.1NRT,309.03,585.81,D
-26.37165,-62.97727,334.62,1.43,1.18,2026-09-10,2025,Aqua,MODIS,88,6.1NRT,297.83,50.5,D
-26.37126,-63.0347,316.53,1.42,1.18,2026-09-10,2025,Aqua,MODIS,58,6.1NRT,297.06,15.71,D
-26.36382,-62.9934,349.77,1.42,1.18,2026-09-10,2025,Aqua,MODIS,95,6.1NRT,299.66,94.54,D
-26.34037,-61.11409,310.81,1.9,1.35,2026-09-10,2025,Aqua,MODIS,64,6.1NRT,296.31,14.66,D
-26.33686,-61.0957,312.14,1.91,1.35,2026-09-10,2025,Aqua,MODIS,66,6.1NRT,296.47,17.57,D
-26.3214,-60.7979,338.13,2.0,1.38,2026-09-10,2025,Aqua,MODIS,90,6.1NRT,297.35,101.27,D
-26.31844,-60.80394,328.04,2.0,1.38,2026-09-10,2025,Aqua,MODIS,84,6.1NRT,297.1,61.82,D
-26.31758,-60.77858,332.95,2.01,1.38,2026-09-10,2025,Aqua,MODIS,87,6.1NRT,297.26,80.56,D
-26.31476,-60.78459,350.24,2.01,1.38,2026-09-10,2025,Aqua,MODIS,96,6.1NRT,298.33,163.45,D
-26.06669,-60.91815,333.7,1.99,1.38,2026-09-10,2025,Aqua,MODIS,87,6.1NRT,296.22,80.16,D
-26.05464,-60.88786,316.94,2.0,1.38,2026-09-10,2025,Aqua,MODIS,73,6.1NRT,295.62,30.33,D
-26.04714,-60.88267,328.75,2.0,1.38,2026-09-10,2025,Aqua,MODIS,84,6.1NRT,296.6,63.98,D
-25.99909,-61.89884,315.63,1.71,1.28,2026-09-10,2025,Aqua,MODIS,65,6.1NRT,296.04,19.0,D
-25.996,-61.88235,358.1,1.71,1.28,2026-09-10,2025,Aqua,MODIS,99,6.1NRT,298.29,166.87,D
-25.99291,-61.86584,354.24,1.72,1.29,2026-09-10,2025,Aqua,MODIS,97,6.1NRT,298.32,144.2,D
-25.9898,-61.84926,358.1,1.72,1.29,2026-09-10,2025,Aqua,MODIS,99,6.1NRT,298.35,167.45,D
-25.98668,-61.83265,315.83,1.73,1.29,2026-09-10,2025,Aqua,MODIS,68,6.1NRT,297.4,18.55,D
-25.9817,-61.86845,317.39,1.72,1.29,2026-09-10,2025,Aqua,MODIS,54,6.1NRT,295.82,20.93,D
-25.97858,-61.85189,334.3,1.72,1.29,2026-09-10,2025,Aqua,MODIS,88,6.1NRT,297.03,64.66,D
-25.59344,-61.22749,325.55,1.94,1.36,2026-09-10,2025,Aqua,MODIS,82,6.1NRT,297.26,51.53,D
-25.10119,-64.56653,328.61,1.22,1.1,2026-09-10,2025,Aqua,MODIS,74,6.1NRT,289.64,33.74,D
-24.97413,-60.51177,307.35,2.25,1.45,2026-09-10,2025,Aqua,MODIS,51,6.1NRT,295.36,11.23,D
-24.9615,-60.51482,310.19,2.25,1.45,2026-09-10,2025,Aqua,MODIS,61,6.1NRT,295.39,17.78,D
-24.9351,-59.12412,312.5,2.84,1.61,2026-09-10,2025,Aqua,MODIS,67,6.1NRT,292.24,39.75,D
-24.9254,-59.11871,311.16,2.84,1.61,2026-09-10,2025,Aqua,MODIS,65,6.1NRT,292.22,35.31,D
-24.41509,-60.97284,318.75,2.15,1.42,2026-09-10,2025,Aqua,MODIS,74,6.1NRT,297.34,35.58,D
-24.40983,-59.70424,329.83,2.65,1.56,2026-09-10,2025,Aqua,MODIS,85,6.1NRT,294.57,101.66,D
-24.40461,-59.67914,327.22,2.66,1.57,2026-09-10,2025,Aqua,MODIS,83,6.1NRT,294.76,89.07,D
-24.39958,-59.68534,330.4,2.66,1.57,2026-09-10,2025,Aqua,MODIS,85,6.1NRT,294.41,105.14,D
-24.84039,-65.17223,308.9,1.15,1.07,2026-09-10,2027,Aqua,MODIS,57,6.1NRT,292.87,8.78,D
-24.44604,-62.79177,332.76,1.6,1.24,2026-09-10,2027,Aqua,MODIS,86,6.1NRT,299.45,51.3,D
-24.44541,-62.7976,325.98,1.6,1.24,2026-09-10,2027,Aqua,MODIS,81,6.1NRT,299.31,35.61,D
-24.44269,-62.78236,321.05,1.6,1.25,2026-09-10,2027,Aqua,MODIS,76,6.1NRT,298.45,25.48,D
-24.32129,-61.16999,313.87,2.09,1.41,2026-09-10,2027,Aqua,MODIS,67,6.1NRT,297.18,20.73,D
-24.31985,-61.17576,310.23,2.09,1.41,2026-09-10,2027,Aqua,MODIS,58,6.1NRT,296.95,13.04,D
-24.2265,-61.15621,314.42,2.1,1.41,2026-09-10,2027,Aqua,MODIS,55,6.1NRT,297.17,20.63,D
-23.96195,-60.28718,312.62,2.47,1.51,2026-09-10,2027,Aqua,MODIS,51,6.1NRT,296.67,21.62,D
-23.95664,-60.28329,317.08,2.47,1.51,2026-09-10,2027,Aqua,MODIS,50,6.1NRT,296.26,33.11,D
-23.94882,-60.29036,315.41,2.47,1.51,2026-09-10,2027,Aqua,MODIS,68,6.1NRT,294.89,30.45,D
-23.59583,-61.47568,322.58,2.06,1.4,2026-09-10,2027,Aqua,MODIS,77,6.1NRT,297.16,44.38,D
-23.52676,-61.53929,313.63,2.04,1.39,2026-09-10,2027,Aqua,MODIS,64,6.1NRT,298.04,18.45,D
-23.18459,-64.07478,312.64,1.39,1.17,2026-09-10,2027,Aqua,MODIS,0,6.1NRT,289.06,12.83,D
-22.32031,-68.8805,306.9,1.01,1.0,2026-09-10,2027,Aqua,MODIS,52,6.1NRT,293.88,5.29,D
-22.31121,-61.35256,317.53,2.24,1.45,2026-09-10,2027,Aqua,MODIS,68,6.1NRT,302.32,25.11,D
-22.30989,-61.34755,319.57,2.24,1.45,2026-09-10,2027,Aqua,MODIS,72,6.1NRT,302.34,29.86,D
-22.22033,-62.42952,318.03,1.88,1.34,2026-09-10,2027,Aqua,MODIS,70,6.1NRT,303.15,18.16,D
-22.2171,-62.41192,316.91,1.89,1.34,2026-09-10,2027,Aqua,MODIS,68,6.1NRT,302.88,15.48,D
-21.37765,-61.66799,323.14,2.23,1.45,2026-09-10,2027,Aqua,MODIS,76,6.1NRT,302.44,40.87,D
-21.37697,-61.67542,319.68,2.23,1.45,2026-09-10,2027,Aqua,MODIS,65,6.1NRT,302.35,26.75,D
-21.35784,-62.05436,315.27,2.09,1.41,2026-09-10,2027,Aqua,MODIS,64,6.1NRT,302.01,16.06,D
-20.18258,-65.3788,309.03,1.3,1.13,2026-09-10,2027,Aqua,MODIS,57,6.1NRT,298.57,5.91,D
-20.18051,-65.36665,319.36,1.3,1.13,2026-09-10,2027,Aqua,MODIS,75,6.1NRT,299.24,18.18,D
-19.80107,-61.53897,323.47,2.47,1.51,2026-09-10,2027,Aqua,MODIS,77,6.1NRT,298.61,52.69,D
-19.7923,-61.56458,322.04,2.46,1.51,2026-09-10,2027,Aqua,MODIS,76,6.1NRT,298.48,46.62,D
-19.78795,-61.54197,325.12,2.47,1.51,2026-09-10,2027,Aqua,MODIS,79,6.1NRT,298.2,59.7,D
-19.71857,-65.19778,317.99,1.36,1.15,2026-09-10,2027,Aqua,MODIS,72,6.1NRT,299.6,15.03,D
-19.70846,-65.19922,318.5,1.36,1.15,2026-09-10,2027,Aqua,MODIS,70,6.1NRT,300.68,15.22,D
-19.62844,-60.57537,310.69,2.94,1.63,2026-09-10,2027,Aqua,MODIS,15,6.1NRT,288.55,37.98,D
-18.69006,-65.75474,321.79,1.3,1.13,2026-09-10,2027,Aqua,MODIS,64,6.1NRT,302.42,17.46,D
-17.77479,-67.95248,308.37,1.05,1.02,2026-09-10,2027,Aqua,MODIS,64,6.1NRT,297.55,4.45,D
-17.50707,-59.58791,315.17,3.9,1.84,2026-09-10,2027,Aqua,MODIS,55,6.1NRT,294.43,41.33,D
-17.50006,-59.55267,324.63,3.92,1.84,2026-09-10,2027,Aqua,MODIS,77,6.1NRT,295.88,105.71,D
-17.49045,-59.5496,320.57,3.92,1.84,2026-09-10,2027,Aqua,MODIS,73,6.1NRT,296.03,71.72,D
-17.47705,-64.09019,310.51,1.77,1.3,2026-09-10,2027,Aqua,MODIS,59,6.1NRT,293.75,13.96,D
-17.219,-60.95183,327.76,3.11,1.67,2026-09-10,2027,Aqua,MODIS,81,6.1NRT,298.09,90.93,D
-17.07017,-61.64183,318.03,2.78,1.59,2026-09-10,2027,Aqua,MODIS,69,6.1NRT,298.55,35.34,D
-16.15644,-63.74674,313.45,2.0,1.38,2026-09-10,2029,Aqua,MODIS,61,6.1NRT,294.03,19.15,D
-16.10609,-63.81188,314.51,1.98,1.37,2026-09-10,2029,Aqua,MODIS,64,6.1NRT,295.69,21.16,D
-15.91126,-60.96201,319.04,3.32,1.72,2026-09-10,2029,Aqua,MODIS,46,6.1NRT,294.92,55.31,D
-15.8657,-60.8864,323.35,3.37,1.73,2026-09-10,2029,Aqua,MODIS,63,6.1NRT,294.7,73.33,D
-15.86414,-60.87893,321.52,3.37,1.73,2026-09-10,2029,Aqua,MODIS,74,6.1NRT,295.34,66.68,D
-15.1805,-66.93768,310.98,1.24,1.11,2026-09-10,2029,Aqua,MODIS,59,6.1NRT,293.77,9.86,D
-15.03384,-65.78532,320.47,1.48,1.2,2026-09-10,2029,Aqua,MODIS,67,6.1NRT,297.2,19.37,D
-15.01725,-65.81573,331.2,1.48,1.2,2026-09-10,2029,Aqua,MODIS,85,6.1NRT,298.38,40.97,D
-14.99357,-66.67656,327.3,1.3,1.13,2026-09-10,2029,Aqua,MODIS,82,6.1NRT,299.23,26.79,D
-14.98604,-66.62964,314.16,1.31,1.13,2026-09-10,2029,Aqua,MODIS,63,6.1NRT,298.55,8.59,D
-14.98557,-66.68995,322.09,1.3,1.13,2026-09-10,2029,Aqua,MODIS,77,6.1NRT,298.54,19.83,D
-14.98415,-66.61786,324.35,1.31,1.14,2026-09-10,2029,Aqua,MODIS,79,6.1NRT,299.5,22.83,D
-14.98369,-66.67828,321.86,1.3,1.13,2026-09-10,2029,Aqua,MODIS,76,6.1NRT,298.57,19.35,D
-14.97422,-66.61961,315.07,1.31,1.14,2026-09-10,2029,Aqua,MODIS,19,6.1NRT,299.12,8.49,D
-14.84664,-66.52543,330.5,1.33,1.14,2026-09-10,2029,Aqua,MODIS,84,6.1NRT,299.4,34.83,D
-14.82055,-67.00156,333.98,1.25,1.11,2026-09-10,2029,Aqua,MODIS,87,6.1NRT,297.79,39.19,D
-14.75722,-66.1737,312.65,1.41,1.18,2026-09-10,2029,Aqua,MODIS,60,6.1NRT,297.73,8.42,D
-14.74141,-64.51252,319.32,1.86,1.33,2026-09-10,2029,Aqua,MODIS,72,6.1NRT,299.19,23.85,D
-14.73858,-64.49582,315.06,1.87,1.34,2026-09-10,2029,Aqua,MODIS,65,6.1NRT,299.01,13.9,D
-14.73612,-64.508,319.84,1.86,1.33,2026-09-10,2029,Aqua,MODIS,60,6.1NRT,299.05,23.46,D
-14.7358,-66.8585,316.36,1.28,1.12,2026-09-10,2029,Aqua,MODIS,70,6.1NRT,299.52,11.24,D
-14.73395,-66.84701,312.41,1.28,1.12,2026-09-10,2029,Aqua,MODIS,62,6.1NRT,299.18,6.78,D
-14.678,-65.44141,318.67,1.59,1.24,2026-09-10,2029,Aqua,MODIS,71,6.1NRT,296.25,22.33,D
-14.67561,-65.42712,317.28,1.6,1.24,2026-09-10,2029,Aqua,MODIS,68,6.1NRT,296.5,19.08,D
-14.66715,-65.44336,313.94,1.59,1.24,2026-09-10,2029,Aqua,MODIS,16,6.1NRT,293.69,12.59,D
-14.60709,-65.93311,312.52,1.47,1.2,2026-09-10,2029,Aqua,MODIS,31,6.1NRT,296.23,12.24,D
-14.5967,-66.63734,317.72,1.32,1.14,2026-09-10,2029,Aqua,MODIS,34,6.1NRT,300.62,10.53,D
-14.59477,-66.62544,323.84,1.33,1.14,2026-09-10,2029,Aqua,MODIS,79,6.1NRT,300.46,19.81,D
-14.58479,-66.62718,326.34,1.33,1.14,2026-09-10,2029,Aqua,MODIS,73,6.1NRT,300.92,23.5,D
-14.26445,-67.3218,323.65,1.22,1.1,2026-09-10,2029,Aqua,MODIS,78,6.1NRT,299.63,20.33,D
-14.26272,-67.31084,338.46,1.22,1.1,2026-09-10,2029,Aqua,MODIS,89,6.1NRT,300.72,46.44,D
-14.17933,-67.80155,310.14,1.15,1.07,2026-09-10,2029,Aqua,MODIS,60,6.1NRT,297.51,5.34,D
-14.10553,-67.91479,314.07,1.14,1.06,2026-09-10,2029,Aqua,MODIS,69,6.1NRT,296.82,9.73,D
-14.06619,-72.61366,314.29,1.17,1.07,2026-09-10,2029,Aqua,MODIS,55,6.1NRT,301.39,10.84,D
-13.6748,-67.53704,323.34,1.21,1.09,2026-09-10,2029,Aqua,MODIS,78,6.1NRT,299.12,18.88,D
-13.67285,-63.74107,347.19,2.24,1.45,2026-09-10,2029,Aqua,MODIS,94,6.1NRT,299.79,157.82,D
-13.67198,-63.73605,352.47,2.24,1.45,2026-09-10,2029,Aqua,MODIS,96,6.1NRT,299.98,194.62,D
-13.67102,-67.54446,313.15,1.21,1.09,2026-09-10,2029,Aqua,MODIS,31,6.1NRT,299.14,6.25,D
-13.6694,-63.7211,327.86,2.25,1.45,2026-09-10,2029,Aqua,MODIS,81,6.1NRT,298.58,58.34,D
-13.66933,-67.53365,318.84,1.21,1.09,2026-09-10,2029,Aqua,MODIS,73,6.1NRT,298.59,12.88,D
-13.66838,-63.71611,316.62,2.25,1.45,2026-09-10,2029,Aqua,MODIS,40,6.1NRT,298.07,19.94,D
-13.65048,-65.45557,313.03,1.66,1.27,2026-09-10,2029,Aqua,MODIS,56,6.1NRT,299.08,9.37,D
-13.59174,-63.50356,323.34,2.35,1.48,2026-09-10,2029,Aqua,MODIS,76,6.1NRT,297.6,44.82,D
-13.56706,-63.51567,315.26,2.35,1.48,2026-09-10,2029,Aqua,MODIS,27,6.1NRT,298.11,18.71,D
-13.52753,-66.18452,319.9,1.48,1.2,2026-09-10,2029,Aqua,MODIS,72,6.1NRT,299.04,18.78,D
-13.52538,-66.17132,319.44,1.48,1.2,2026-09-10,2029,Aqua,MODIS,71,6.1NRT,299.22,18.35,D
-13.51987,-65.15556,327.59,1.76,1.3,2026-09-10,2029,Aqua,MODIS,54,6.1NRT,298.81,36.91,D
-13.51118,-65.1732,336.18,1.75,1.3,2026-09-10,2029,Aqua,MODIS,87,6.1NRT,300.2,64.77,D
-13.5025,-65.19082,320.85,1.75,1.3,2026-09-10,2029,Aqua,MODIS,69,6.1NRT,298.91,23.61,D
-13.49985,-65.17524,323.82,1.75,1.3,2026-09-10,2029,Aqua,MODIS,77,6.1NRT,300.21,30.68,D
-13.22691,-61.66104,320.55,3.34,1.72,2026-09-10,2029,Aqua,MODIS,46,6.1NRT,295.81,55.33,D
-13.22184,-65.51665,313.54,1.67,1.27,2026-09-10,2029,Aqua,MODIS,58,6.1NRT,299.18,11.3,D
-13.21194,-64.57605,317.7,1.97,1.37,2026-09-10,2029,Aqua,MODIS,65,6.1NRT,299.21,20.94,D
-13.16916,-65.3392,314.19,1.73,1.29,2026-09-10,2029,Aqua,MODIS,45,6.1NRT,299.03,10.06,D
-13.15006,-65.29493,317.62,1.74,1.29,2026-09-10,2029,Aqua,MODIS,68,6.1NRT,299.72,17.52,D
-13.14743,-65.27943,316.59,1.75,1.3,2026-09-10,2029,Aqua,MODIS,66,6.1NRT,298.81,15.93,D
-12.92988,-66.18923,359.7,1.51,1.21,2026-09-10,2029,Aqua,MODIS,94,6.1NRT,301.13,141.35,D
-12.92765,-66.17577,380.0,1.51,1.21,2026-09-10,2029,Aqua,MODIS,87,6.1NRT,302.56,267.15,D
-12.91929,-66.19107,321.67,1.51,1.21,2026-09-10,2029,Aqua,MODIS,74,6.1NRT,299.84,22.05,D
-12.91704,-66.1776,317.19,1.51,1.21,2026-09-10,2029,Aqua,MODIS,67,6.1NRT,299.99,14.73,D
-12.87431,-69.71544,328.15,1.02,1.01,2026-09-10,2029,Aqua,MODIS,82,6.1NRT,298.03,21.33,D
-12.85183,-70.12087,312.73,1.0,1.0,2026-09-10,2029,Aqua,MODIS,60,6.1NRT,297.46,5.59,D
-12.81941,-70.14428,313.78,1.0,1.0,2026-09-10,2029,Aqua,MODIS,63,6.1NRT,297.59,6.11,D
-12.81808,-70.13532,311.79,1.0,1.0,2026-09-10,2029,Aqua,MODIS,57,6.1NRT,297.46,4.58,D
-12.81479,-70.35538,317.29,1.0,1.0,2026-09-10,2029,Aqua,MODIS,70,6.1NRT,290.92,11.69,D
-12.81389,-69.80476,321.48,1.01,1.01,2026-09-10,2029,Aqua,MODIS,75,6.1NRT,298.14,14.17,D
-12.81255,-69.79573,312.33,1.01,1.01,2026-09-10,2029,Aqua,MODIS,59,6.1NRT,297.46,5.98,D
-12.80698,-64.47982,317.29,2.04,1.39,2026-09-10,2029,Aqua,MODIS,67,6.1NRT,297.77,22.64,D
-12.75857,-69.36893,317.08,1.03,1.02,2026-09-10,2029,Aqua,MODIS,69,6.1NRT,297.94,10.16,D
-12.7563,-69.72121,325.98,1.02,1.01,2026-09-10,2029,Aqua,MODIS,80,6.1NRT,298.09,18.15,D
-12.75494,-69.71215,312.82,1.02,1.01,2026-09-10,2029,Aqua,MODIS,49,6.1NRT,297.14,5.53,D
-12.7308,-66.23627,322.85,1.51,1.21,2026-09-10,2029,Aqua,MODIS,76,6.1NRT,299.71,25.0,D
-12.72856,-66.22284,320.01,1.51,1.21,2026-09-10,2029,Aqua,MODIS,72,6.1NRT,299.55,19.59,D
-12.7237,-66.23028,325.22,1.51,1.21,2026-09-10,2029,Aqua,MODIS,73,6.1NRT,299.91,27.52,D
-12.71096,-72.53613,310.33,1.12,1.05,2026-09-10,2029,Aqua,MODIS,56,6.1NRT,295.94,6.3,D
-12.70962,-72.52657,311.11,1.12,1.05,2026-09-10,2029,Aqua,MODIS,60,6.1NRT,297.29,6.65,D
-12.69244,-70.41413,312.67,1.0,1.0,2026-09-10,2029,Aqua,MODIS,56,6.1NRT,297.19,4.95,D
-12.66441,-70.52804,326.48,1.0,1.0,2026-09-10,2029,Aqua,MODIS,77,6.1NRT,298.57,18.16,D
-12.63566,-69.16582,311.37,1.05,1.02,2026-09-10,2029,Aqua,MODIS,48,6.1NRT,297.76,5.28,D
-12.54642,-69.07135,322.96,1.06,1.03,2026-09-10,2029,Aqua,MODIS,0,6.1NRT,296.58,17.28,D
-12.41339,-72.5168,309.22,1.11,1.05,2026-09-10,2029,Aqua,MODIS,54,6.1NRT,295.72,6.82,D
-12.41206,-72.50726,309.7,1.11,1.05,2026-09-10,2029,Aqua,MODIS,62,6.1NRT,295.22,7.48,D
-12.28481,-69.17014,316.08,1.06,1.03,2026-09-10,2029,Aqua,MODIS,68,6.1NRT,299.26,8.63,D
-12.21432,-65.8539,313.91,1.65,1.26,2026-09-10,2029,Aqua,MODIS,59,6.1NRT,299.24,11.45,D
-12.21186,-65.83929,333.75,1.65,1.26,2026-09-10,2029,Aqua,MODIS,86,6.1NRT,299.21,56.38,D
-12.12915,-69.1206,313.37,1.06,1.03,2026-09-10,2029,Aqua,MODIS,60,6.1NRT,298.18,6.41,D
-12.12772,-69.11116,313.63,1.06,1.03,2026-09-10,2029,Aqua,MODIS,59,6.1NRT,297.87,6.51,D
-11.94613,-69.13316,326.37,1.07,1.03,2026-09-10,2029,Aqua,MODIS,80,6.1NRT,299.71,19.99,D
-11.90512,-69.22672,312.98,1.06,1.03,2026-09-10,2029,Aqua,MODIS,61,6.1NRT,297.27,7.62,D
-11.82247,-65.65498,329.52,1.73,1.29,2026-09-10,2029,Aqua,MODIS,66,6.1NRT,300.55,39.09,D
-11.82148,-65.71796,333.42,1.71,1.28,2026-09-10,2029,Aqua,MODIS,49,6.1NRT,300.42,49.2,D
-11.80942,-65.71005,327.77,1.72,1.29,2026-09-10,2029,Aqua,MODIS,42,6.1NRT,300.2,34.81,D
-11.7358,-69.2084,317.17,1.06,1.03,2026-09-10,2029,Aqua,MODIS,69,6.1NRT,299.77,9.5,D
-11.73474,-68.77486,323.79,1.1,1.05,2026-09-10,2029,Aqua,MODIS,78,6.1NRT,300.27,16.93,D
-11.72679,-69.20983,320.59,1.06,1.03,2026-09-10,2029,Aqua,MODIS,74,6.1NRT,299.72,12.94,D
-11.72557,-68.7764,318.08,1.1,1.05,2026-09-10,2029,Aqua,MODIS,60,6.1NRT,301.33,9.96,D
-11.72534,-69.20038,344.49,1.06,1.03,2026-09-10,2029,Aqua,MODIS,93,6.1NRT,300.66,48.95,D
-11.707,-69.26775,319.75,1.06,1.03,2026-09-10,2029,Aqua,MODIS,73,6.1NRT,299.32,12.57,D
-11.70557,-69.25831,312.35,1.06,1.03,2026-09-10,2029,Aqua,MODIS,59,6.1NRT,299.68,5.46,D
-11.7022,-65.55382,325.78,1.77,1.3,2026-09-10,2029,Aqua,MODIS,78,6.1NRT,299.96,34.94,D
-11.69956,-65.53818,325.0,1.78,1.31,2026-09-10,2029,Aqua,MODIS,78,6.1NRT,299.72,32.43,D
-11.68974,-65.54677,322.36,1.78,1.31,2026-09-10,2029,Aqua,MODIS,12,6.1NRT,300.64,22.83,D
-11.6806,-69.39648,319.44,1.05,1.02,2026-09-10,2029,Aqua,MODIS,73,6.1NRT,297.54,12.82,D
-11.62494,-69.21318,309.08,1.06,1.03,2026-09-10,2029,Aqua,MODIS,37,6.1NRT,296.03,3.46,D
-11.5632,-65.35502,319.42,1.85,1.33,2026-09-10,2029,Aqua,MODIS,59,6.1NRT,298.36,22.97,D
-11.55635,-65.36178,330.3,1.85,1.33,2026-09-10,2029,Aqua,MODIS,83,6.1NRT,298.58,52.51,D
-11.52313,-73.06536,308.37,1.15,1.07,2026-09-10,2029,Aqua,MODIS,27,6.1NRT,292.68,5.74,D
-11.33547,-72.92268,310.72,1.13,1.06,2026-09-10,2029,Aqua,MODIS,62,6.1NRT,297.91,5.44,D
-11.23281,-68.64311,333.0,1.13,1.06,2026-09-10,2029,Aqua,MODIS,85,6.1NRT,298.5,31.02,D
-11.18563,-68.33643,372.11,1.18,1.08,2026-09-10,2029,Aqua,MODIS,94,6.1NRT,303.34,147.32,D
-11.18402,-68.32601,370.06,1.18,1.08,2026-09-10,2029,Aqua,MODIS,100,6.1NRT,302.3,138.21,D
-11.17108,-68.24222,325.16,1.19,1.09,2026-09-10,2029,Aqua,MODIS,75,6.1NRT,302.3,18.53,D
-11.16158,-68.24372,319.89,1.19,1.09,2026-09-10,2029,Aqua,MODIS,65,6.1NRT,300.53,11.7,D
-11.13609,-68.97826,316.81,1.1,1.04,2026-09-10,2029,Aqua,MODIS,68,6.1NRT,301.64,8.23,D
-11.13459,-68.96854,317.58,1.1,1.05,2026-09-10,2029,Aqua,MODIS,69,6.1NRT,301.68,8.6,D
-11.12092,-72.83067,321.47,1.11,1.05,2026-09-10,2029,Aqua,MODIS,77,6.1NRT,298.69,15.92,D
-11.07835,-68.42322,318.0,1.17,1.08,2026-09-10,2029,Aqua,MODIS,69,6.1NRT,301.08,10.7,D
-10.98581,-69.63185,317.14,1.04,1.02,2026-09-10,2029,Aqua,MODIS,68,6.1NRT,299.96,9.17,D
-10.95209,-68.14867,312.88,1.21,1.09,2026-09-10,2029,Aqua,MODIS,56,6.1NRT,300.03,6.35,D
-10.95041,-68.13789,319.01,1.21,1.1,2026-09-10,2029,Aqua,MODIS,71,6.1NRT,300.66,13.2,D
-10.91519,-73.25861,313.45,1.16,1.07,2026-09-10,2029,Aqua,MODIS,67,6.1NRT,299.21,7.67,D
-10.77613,-73.20183,316.21,1.15,1.07,2026-09-10,2029,Aqua,MODIS,71,6.1NRT,298.62,10.43,D
-10.7747,-73.1917,327.14,1.15,1.07,2026-09-10,2029,Aqua,MODIS,82,6.1NRT,298.9,24.16,D
-10.75092,-73.22644,311.65,1.15,1.07,2026-09-10,2029,Aqua,MODIS,63,6.1NRT,298.68,5.93,D
-10.7029,-73.19733,315.74,1.15,1.07,2026-09-10,2029,Aqua,MODIS,70,6.1NRT,297.87,9.96,D
-10.66979,-73.23327,321.06,1.15,1.07,2026-09-10,2029,Aqua,MODIS,77,6.1NRT,298.62,15.17,D
-10.66186,-73.24485,315.98,1.15,1.07,2026-09-10,2029,Aqua,MODIS,45,6.1NRT,298.53,8.99,D
-10.66044,-73.23467,334.44,1.15,1.07,2026-09-10,2029,Aqua,MODIS,87,6.1NRT,299.48,34.72,D
-10.65476,-70.12845,325.89,1.02,1.01,2026-09-10,2029,Aqua,MODIS,80,6.1NRT,300.53,17.87,D
-10.63167,-69.67438,313.61,1.05,1.02,2026-09-10,2029,Aqua,MODIS,57,6.1NRT,298.17,7.07,D
-10.63135,-69.5508,311.61,1.06,1.03,2026-09-10,2029,Aqua,MODIS,53,6.1NRT,297.44,5.0,D
-10.62976,-70.09189,323.72,1.02,1.01,2026-09-10,2029,Aqua,MODIS,78,6.1NRT,300.31,15.67,D
-10.60071,-68.67389,313.57,1.15,1.07,2026-09-10,2029,Aqua,MODIS,57,6.1NRT,299.97,5.44,D
-10.58287,-69.96002,316.74,1.03,1.01,2026-09-10,2029,Aqua,MODIS,68,6.1NRT,299.09,8.76,D
-10.57743,-68.77077,316.07,1.14,1.06,2026-09-10,2029,Aqua,MODIS,64,6.1NRT,300.17,8.85,D
-10.57477,-73.28505,313.87,1.15,1.07,2026-09-10,2029,Aqua,MODIS,68,6.1NRT,299.61,7.54,D
-10.57105,-73.32726,355.98,1.16,1.07,2026-09-10,2029,Aqua,MODIS,98,6.1NRT,301.94,86.2,D
-10.54917,-68.88428,313.7,1.12,1.06,2026-09-10,2029,Aqua,MODIS,58,6.1NRT,300.13,6.44,D
-10.49255,-67.90516,320.93,1.27,1.12,2026-09-10,2029,Aqua,MODIS,64,6.1NRT,299.42,16.07,D
-10.47437,-69.48536,315.94,1.06,1.03,2026-09-10,2029,Aqua,MODIS,66,6.1NRT,296.51,10.87,D
-10.47293,-69.47594,316.96,1.06,1.03,2026-09-10,2029,Aqua,MODIS,68,6.1NRT,296.85,11.36,D
-10.46843,-73.70704,316.27,1.21,1.09,2026-09-10,2029,Aqua,MODIS,72,6.1NRT,296.83,11.87,D
-10.46736,-69.75015,314.62,1.04,1.02,2026-09-10,2029,Aqua,MODIS,64,6.1NRT,300.15,6.29,D
-10.45572,-73.54618,313.83,1.19,1.08,2026-09-10,2029,Aqua,MODIS,69,6.1NRT,297.58,8.91,D
-10.45425,-73.53568,368.68,1.19,1.08,2026-09-10,2029,Aqua,MODIS,100,6.1NRT,299.88,136.82,D
-10.39143,-69.06325,311.61,1.11,1.05,2026-09-10,2029,Aqua,MODIS,50,6.1NRT,299.45,5.03,D
-10.38995,-69.05346,311.66,1.11,1.05,2026-09-10,2029,Aqua,MODIS,50,6.1NRT,299.17,5.05,D
-10.38026,-73.80264,320.16,1.22,1.1,2026-09-10,2029,Aqua,MODIS,77,6.1NRT,301.03,16.48,D
-10.2935,-68.85589,315.92,1.13,1.06,2026-09-10,2029,Aqua,MODIS,49,6.1NRT,300.05,8.1,D
-10.28578,-68.86737,316.84,1.13,1.06,2026-09-10,2029,Aqua,MODIS,49,6.1NRT,299.58,9.08,D
-10.20752,-68.58332,313.1,1.17,1.08,2026-09-10,2029,Aqua,MODIS,55,6.1NRT,299.5,6.53,D
-10.15893,-69.3559,312.88,1.08,1.04,2026-09-10,2029,Aqua,MODIS,58,6.1NRT,299.56,5.84,D
-10.09091,-68.61922,314.52,1.17,1.08,2026-09-10,2029,Aqua,MODIS,60,6.1NRT,299.33,7.99,D
-10.04295,-69.08647,313.56,1.11,1.05,2026-09-10,2029,Aqua,MODIS,59,6.1NRT,298.57,7.12,D
-9.99282,-67.59681,328.04,1.35,1.15,2026-09-10,2029,Aqua,MODIS,80,6.1NRT,301.1,28.17,D
-9.96458,-66.85786,314.56,1.52,1.22,2026-09-10,2029,Aqua,MODIS,56,6.1NRT,297.16,13.1,D
-9.96238,-66.84443,313.05,1.53,1.22,2026-09-10,2029,Aqua,MODIS,51,6.1NRT,298.7,10.37,D
-9.94545,-68.81232,315.11,1.15,1.07,2026-09-10,2029,Aqua,MODIS,63,6.1NRT,299.46,8.73,D
-9.86661,-73.80334,312.83,1.21,1.09,2026-09-10,2029,Aqua,MODIS,65,6.1NRT,297.34,7.46,D
-9.8651,-73.79271,311.64,1.21,1.09,2026-09-10,2029,Aqua,MODIS,62,6.1NRT,297.74,6.29,D
-9.60827,-68.96295,318.12,1.14,1.06,2026-09-10,2029,Aqua,MODIS,69,6.1NRT,300.14,10.03,D
-9.58282,-68.57092,313.63,1.2,1.09,2026-09-10,2029,Aqua,MODIS,59,6.1NRT,298.45,7.45,D
-9.55783,-68.57088,316.26,1.2,1.09,2026-09-10,2029,Aqua,MODIS,65,6.1NRT,299.03,9.68,D
-9.52555,-67.75904,313.64,1.34,1.15,2026-09-10,2029,Aqua,MODIS,59,6.1NRT,297.72,9.42,D
-9.50416,-66.79765,364.15,1.57,1.23,2026-09-10,2029,Aqua,MODIS,100,6.1NRT,302.45,175.19,D
-9.50192,-66.78392,347.87,1.57,1.23,2026-09-10,2029,Aqua,MODIS,94,6.1NRT,300.21,97.81,D
-9.4891,-68.50583,324.05,1.21,1.09,2026-09-10,2029,Aqua,MODIS,77,6.1NRT,300.03,18.25,D
-9.48742,-68.4952,331.99,1.21,1.09,2026-09-10,2029,Aqua,MODIS,84,6.1NRT,301.9,30.67,D
-9.46893,-70.49007,324.4,1.01,1.01,2026-09-10,2029,Aqua,MODIS,78,6.1NRT,299.75,16.02,D
-9.46815,-68.83531,324.06,1.16,1.07,2026-09-10,2029,Aqua,MODIS,73,6.1NRT,299.72,18.54,D
-9.46047,-68.90941,315.68,1.15,1.07,2026-09-10,2029,Aqua,MODIS,64,6.1NRT,299.78,6.68,D
-9.4501,-65.50062,313.6,1.97,1.37,2026-09-10,2029,Aqua,MODIS,51,6.1NRT,294.59,17.33,D
-9.44127,-65.49117,316.18,1.98,1.37,2026-09-10,2029,Aqua,MODIS,64,6.1NRT,294.65,25.0,D
-9.41362,-68.35806,312.97,1.24,1.1,2026-09-10,2029,Aqua,MODIS,56,6.1NRT,299.05,6.72,D
-9.40935,-70.45345,312.57,1.02,1.01,2026-09-10,2029,Aqua,MODIS,59,6.1NRT,299.18,5.03,D
-9.40883,-67.41705,330.75,1.42,1.18,2026-09-10,2029,Aqua,MODIS,83,6.1NRT,298.55,37.48,D
-9.40507,-70.49636,315.28,1.02,1.01,2026-09-10,2029,Aqua,MODIS,66,6.1NRT,298.12,8.03,D
-9.39858,-65.86578,334.85,1.85,1.33,2026-09-10,2029,Aqua,MODIS,86,6.1NRT,297.35,69.39,D
-9.39594,-65.84948,322.1,1.86,1.33,2026-09-10,2029,Aqua,MODIS,71,6.1NRT,296.44,32.53,D
-9.38786,-72.71441,312.16,1.06,1.03,2026-09-10,2029,Aqua,MODIS,62,6.1NRT,298.1,6.03,D
-9.34225,-68.24135,317.59,1.26,1.11,2026-09-10,2029,Aqua,MODIS,68,6.1NRT,299.63,11.32,D
-9.32739,-68.2096,316.22,1.26,1.12,2026-09-10,2029,Aqua,MODIS,55,6.1NRT,298.07,9.22,D
-9.32568,-68.19844,319.81,1.27,1.12,2026-09-10,2029,Aqua,MODIS,71,6.1NRT,299.21,14.38,D
-9.27281,-71.9753,323.16,1.02,1.01,2026-09-10,2029,Aqua,MODIS,78,6.1NRT,296.9,16.09,D
-9.24128,-71.89458,317.37,1.01,1.01,2026-09-10,2029,Aqua,MODIS,52,6.1NRT,294.01,9.98,D
-9.23248,-71.89589,314.63,1.01,1.01,2026-09-10,2029,Aqua,MODIS,29,6.1NRT,295.06,7.27,D
-9.22717,-65.87367,320.03,1.86,1.33,2026-09-10,2029,Aqua,MODIS,66,6.1NRT,296.86,26.55,D
-9.18473,-68.20382,367.97,1.27,1.12,2026-09-10,2029,Aqua,MODIS,100,6.1NRT,301.18,144.7,D
-9.17976,-65.94861,315.32,1.84,1.33,2026-09-10,2029,Aqua,MODIS,63,6.1NRT,297.04,17.21,D
-9.16515,-68.20686,330.5,1.27,1.12,2026-09-10,2029,Aqua,MODIS,71,6.1NRT,299.81,27.96,D
-9.15536,-68.20836,323.15,1.27,1.12,2026-09-10,2029,Aqua,MODIS,57,6.1NRT,300.12,16.24,D
-9.15184,-68.20443,322.99,1.27,1.12,2026-09-10,2029,Aqua,MODIS,75,6.1NRT,300.51,17.24,D
-9.14499,-67.8211,324.76,1.35,1.15,2026-09-10,2029,Aqua,MODIS,22,6.1NRT,300.93,20.43,D
-9.14313,-67.80924,340.14,1.35,1.15,2026-09-10,2029,Aqua,MODIS,90,6.1NRT,302.01,54.08,D
-9.14107,-72.66383,314.16,1.05,1.03,2026-09-10,2029,Aqua,MODIS,57,6.1NRT,298.62,7.42,D
-9.13307,-67.81085,323.42,1.35,1.15,2026-09-10,2029,Aqua,MODIS,46,6.1NRT,299.59,19.45,D
-9.1161,-67.70329,360.72,1.37,1.16,2026-09-10,2029,Aqua,MODIS,100,6.1NRT,301.86,128.14,D
-9.1142,-67.69122,369.1,1.37,1.16,2026-09-10,2029,Aqua,MODIS,100,6.1NRT,302.25,168.37,D
-9.10405,-67.69286,347.42,1.37,1.16,2026-09-10,2029,Aqua,MODIS,94,6.1NRT,301.5,79.88,D
-9.10213,-67.68077,321.84,1.38,1.16,2026-09-10,2029,Aqua,MODIS,74,6.1NRT,299.27,19.97,D
-9.09635,-71.4548,311.82,1.0,1.0,2026-09-10,2029,Aqua,MODIS,58,6.1NRT,297.9,5.14,D
-9.09211,-65.49646,334.8,2.0,1.38,2026-09-10,2029,Aqua,MODIS,86,6.1NRT,300.84,67.73,D
-9.08386,-65.48688,332.86,2.01,1.38,2026-09-10,2029,Aqua,MODIS,85,6.1NRT,300.07,61.87,D
-9.08323,-72.64391,310.56,1.05,1.02,2026-09-10,2029,Aqua,MODIS,55,6.1NRT,297.12,4.47,D
-9.0684,-70.58537,313.28,1.01,1.01,2026-09-10,2029,Aqua,MODIS,62,6.1NRT,298.22,6.08,D
-9.06706,-70.57643,313.56,1.01,1.01,2026-09-10,2029,Aqua,MODIS,63,6.1NRT,298.56,5.95,D
-9.04894,-65.72303,323.25,1.93,1.36,2026-09-10,2029,Aqua,MODIS,76,6.1NRT,299.95,33.25,D
-9.04363,-65.72932,328.47,1.93,1.36,2026-09-10,2029,Aqua,MODIS,64,6.1NRT,301.03,45.07,D
-9.03315,-68.70215,316.54,1.2,1.09,2026-09-10,2029,Aqua,MODIS,66,6.1NRT,300.1,8.72,D
-9.03155,-68.69164,323.95,1.2,1.09,2026-09-10,2029,Aqua,MODIS,77,6.1NRT,299.85,17.99,D
-9.01183,-65.42621,326.81,2.04,1.39,2026-09-10,2029,Aqua,MODIS,33,6.1NRT,300.97,30.59,D
-8.99971,-65.42822,334.03,2.04,1.39,2026-09-10,2029,Aqua,MODIS,58,6.1NRT,301.78,60.21,D
-8.99843,-70.61098,321.66,1.01,1.01,2026-09-10,2029,Aqua,MODIS,76,6.1NRT,297.5,14.45,D
-8.99672,-65.41039,334.71,2.04,1.39,2026-09-10,2029,Aqua,MODIS,54,6.1NRT,300.07,66.18,D
-8.99369,-65.4162,337.67,2.04,1.39,2026-09-10,2029,Aqua,MODIS,88,6.1NRT,300.6,83.02,D
-8.94465,-66.86344,327.91,1.58,1.24,2026-09-10,2029,Aqua,MODIS,50,6.1NRT,299.88,33.35,D
-8.93699,-66.85772,343.64,1.58,1.24,2026-09-10,2029,Aqua,MODIS,92,6.1NRT,300.28,79.77,D
-8.92043,-70.71153,317.65,1.01,1.01,2026-09-10,2029,Aqua,MODIS,70,6.1NRT,297.82,9.92,D
-8.9191,-70.70263,311.69,1.01,1.01,2026-09-10,2029,Aqua,MODIS,57,6.1NRT,298.03,4.74,D
-8.91706,-73.88264,312.92,1.19,1.08,2026-09-10,2029,Aqua,MODIS,62,6.1NRT,298.96,7.1,D
-8.90683,-70.74091,326.09,1.01,1.0,2026-09-10,2029,Aqua,MODIS,80,6.1NRT,297.97,19.44,D
-8.90444,-71.40595,312.39,1.0,1.0,2026-09-10,2029,Aqua,MODIS,60,6.1NRT,298.75,4.9,D
-8.89937,-70.75115,312.33,1.01,1.0,2026-09-10,2029,Aqua,MODIS,50,6.1NRT,296.5,7.32,D
-8.89804,-70.74226,330.55,1.01,1.0,2026-09-10,2029,Aqua,MODIS,84,6.1NRT,297.68,25.24,D
-8.88815,-73.99004,346.49,1.2,1.09,2026-09-10,2029,Aqua,MODIS,94,6.1NRT,299.1,64.39,D
-8.88506,-70.84976,320.57,1.01,1.0,2026-09-10,2029,Aqua,MODIS,74,6.1NRT,299.45,12.07,D
-8.88375,-70.84091,328.77,1.01,1.0,2026-09-10,2029,Aqua,MODIS,83,6.1NRT,298.59,21.12,D
-8.86928,-72.70359,332.28,1.05,1.02,2026-09-10,2029,Aqua,MODIS,85,6.1NRT,298.15,28.52,D
-8.84401,-69.11278,322.13,1.14,1.07,2026-09-10,2029,Aqua,MODIS,75,6.1NRT,299.82,16.34,D
-8.83882,-69.1808,313.67,1.13,1.06,2026-09-10,2029,Aqua,MODIS,61,6.1NRT,299.36,6.77,D
-8.83732,-69.17082,313.51,1.14,1.06,2026-09-10,2029,Aqua,MODIS,60,6.1NRT,299.78,6.72,D
-8.82345,-71.80927,316.3,1.01,1.0,2026-09-10,2029,Aqua,MODIS,68,6.1NRT,299.12,8.63,D
-8.82216,-71.80042,317.67,1.01,1.0,2026-09-10,2029,Aqua,MODIS,71,6.1NRT,296.76,9.79,D
-8.82136,-69.31556,314.12,1.12,1.05,2026-09-10,2029,Aqua,MODIS,62,6.1NRT,299.01,7.06,D
-8.8135,-71.23729,315.37,1.0,1.0,2026-09-10,2029,Aqua,MODIS,66,6.1NRT,297.25,9.02,D
-8.80206,-69.00075,318.9,1.16,1.07,2026-09-10,2029,Aqua,MODIS,71,6.1NRT,300.1,11.38,D
-8.80051,-68.99053,322.87,1.16,1.07,2026-09-10,2029,Aqua,MODIS,76,6.1NRT,300.44,16.25,D
-8.77256,-71.08137,314.46,1.0,1.0,2026-09-10,2029,Aqua,MODIS,57,6.1NRT,299.27,5.99,D
-8.77093,-70.82845,327.78,1.01,1.0,2026-09-10,2029,Aqua,MODIS,82,6.1NRT,298.86,21.47,D
-8.76028,-70.57484,310.19,1.02,1.01,2026-09-10,2029,Aqua,MODIS,48,6.1NRT,297.87,4.07,D
-8.74456,-69.48406,325.9,1.1,1.05,2026-09-10,2029,Aqua,MODIS,80,6.1NRT,300.87,18.68,D
-8.74308,-69.47436,333.47,1.1,1.05,2026-09-10,2029,Aqua,MODIS,81,6.1NRT,300.4,29.57,D
-8.72392,-69.28692,322.74,1.12,1.06,2026-09-10,2029,Aqua,MODIS,76,6.1NRT,299.83,16.34,D
-8.71962,-71.55162,345.19,1.0,1.0,2026-09-10,2029,Aqua,MODIS,93,6.1NRT,298.56,47.31,D
-8.71918,-70.97784,325.72,1.0,1.0,2026-09-10,2029,Aqua,MODIS,80,6.1NRT,298.78,17.61,D
-8.71833,-71.54281,322.8,1.0,1.0,2026-09-10,2029,Aqua,MODIS,77,6.1NRT,295.9,15.09,D
-8.69691,-67.25458,337.29,1.5,1.21,2026-09-10,2029,Aqua,MODIS,88,6.1NRT,298.61,58.59,D
-8.69157,-70.97301,313.35,1.0,1.0,2026-09-10,2029,Aqua,MODIS,58,6.1NRT,298.77,4.65,D
-8.68164,-70.53189,311.52,1.02,1.01,2026-09-10,2029,Aqua,MODIS,55,6.1NRT,298.89,4.7,D
-8.66811,-70.44197,314.05,1.03,1.01,2026-09-10,2029,Aqua,MODIS,63,6.1NRT,298.88,6.68,D
-8.6635,-70.72334,313.45,1.01,1.01,2026-09-10,2029,Aqua,MODIS,61,6.1NRT,299.79,5.16,D
-8.65784,-69.39377,314.77,1.11,1.05,2026-09-10,2029,Aqua,MODIS,64,6.1NRT,298.48,7.77,D
-8.65603,-71.60622,315.67,1.0,1.0,2026-09-10,2029,Aqua,MODIS,67,6.1NRT,298.37,8.12,D
-8.65474,-71.5974,321.5,1.0,1.0,2026-09-10,2029,Aqua,MODIS,76,6.1NRT,298.55,13.5,D
-8.65448,-69.80371,321.74,1.07,1.03,2026-09-10,2029,Aqua,MODIS,73,6.1NRT,300.96,14.43,D
-8.65421,-70.66091,318.07,1.02,1.01,2026-09-10,2029,Aqua,MODIS,71,6.1NRT,300.03,9.66,D
-8.65307,-69.79431,372.45,1.07,1.03,2026-09-10,2029,Aqua,MODIS,100,6.1NRT,307.03,130.87,D
-8.64972,-70.57011,321.21,1.02,1.01,2026-09-10,2029,Aqua,MODIS,75,6.1NRT,300.45,12.43,D
-8.64403,-69.79572,325.22,1.07,1.03,2026-09-10,2029,Aqua,MODIS,79,6.1NRT,300.78,17.68,D
-8.63879,-66.52789,344.74,1.7,1.28,2026-09-10,2029,Aqua,MODIS,87,6.1NRT,302.04,88.86,D
-8.62761,-66.52971,324.47,1.7,1.28,2026-09-10,2029,Aqua,MODIS,55,6.1NRT,300.18,28.92,D
-8.61068,-72.38014,313.2,1.03,1.01,2026-09-10,2029,Aqua,MODIS,63,6.1NRT,298.59,6.09,D
-8.58411,-66.99007,328.13,1.57,1.24,2026-09-10,2029,Aqua,MODIS,81,6.1NRT,297.71,38.85,D
-8.53705,-72.44308,316.01,1.03,1.01,2026-09-10,2029,Aqua,MODIS,69,6.1NRT,298.48,8.66,D
-8.53574,-72.43402,311.32,1.03,1.01,2026-09-10,2029,Aqua,MODIS,58,6.1NRT,298.33,4.76,D
-8.53103,-70.9555,311.23,1.01,1.0,2026-09-10,2029,Aqua,MODIS,55,6.1NRT,298.62,4.83,D
-8.50354,-72.79152,316.67,1.05,1.03,2026-09-10,2029,Aqua,MODIS,70,6.1NRT,298.19,10.0,D
-8.50166,-70.87845,314.07,1.01,1.0,2026-09-10,2029,Aqua,MODIS,64,6.1NRT,298.7,6.38,D
-8.46046,-70.29153,314.91,1.04,1.02,2026-09-10,2029,Aqua,MODIS,65,6.1NRT,298.57,7.29,D
-8.45831,-70.21706,311.51,1.04,1.02,2026-09-10,2029,Aqua,MODIS,55,6.1NRT,298.85,4.63,D
-8.42181,-70.72446,311.81,1.01,1.01,2026-09-10,2029,Aqua,MODIS,58,6.1NRT,298.01,5.41,D
-8.412,-72.60395,315.29,1.04,1.02,2026-09-10,2029,Aqua,MODIS,68,6.1NRT,298.46,8.59,D
-8.39619,-70.23251,324.82,1.04,1.02,2026-09-10,2029,Aqua,MODIS,79,6.1NRT,299.25,17.23,D
-8.39482,-70.22336,314.22,1.04,1.02,2026-09-10,2029,Aqua,MODIS,64,6.1NRT,299.03,6.35,D
-8.36029,-70.11569,315.61,1.05,1.02,2026-09-10,2029,Aqua,MODIS,67,6.1NRT,298.95,8.32,D
-8.3573,-71.03038,314.94,1.01,1.0,2026-09-10,2029,Aqua,MODIS,62,6.1NRT,298.91,6.56,D
-8.356,-71.02155,313.43,1.01,1.0,2026-09-10,2029,Aqua,MODIS,51,6.1NRT,296.61,5.85,D
-8.35232,-73.80028,315.08,1.16,1.07,2026-09-10,2029,Aqua,MODIS,67,6.1NRT,297.59,9.87,D
-8.31394,-70.91936,313.63,1.01,1.0,2026-09-10,2029,Aqua,MODIS,64,6.1NRT,298.55,6.32,D
-8.18959,-68.01952,317.51,1.35,1.15,2026-09-10,2029,Aqua,MODIS,69,6.1NRT,297.5,15.18,D
-8.09959,-70.10854,320.93,1.06,1.03,2026-09-10,2029,Aqua,MODIS,74,6.1NRT,299.76,13.71,D
-8.08674,-71.26155,312.2,1.0,1.0,2026-09-10,2029,Aqua,MODIS,61,6.1NRT,298.09,6.09,D
-8.05758,-72.32446,316.2,1.02,1.01,2026-09-10,2029,Aqua,MODIS,70,6.1NRT,295.05,11.62,D
-8.05704,-72.50822,309.95,1.03,1.01,2026-09-10,2029,Aqua,MODIS,32,6.1NRT,295.19,4.92,D
-8.05574,-72.4992,308.72,1.03,1.01,2026-09-10,2029,Aqua,MODIS,32,6.1NRT,294.9,3.7,D
-8.04245,-70.09463,321.71,1.06,1.03,2026-09-10,2029,Aqua,MODIS,75,6.1NRT,299.07,14.61,D
-8.03232,-69.90832,312.31,1.07,1.03,2026-09-10,2029,Aqua,MODIS,58,6.1NRT,298.78,5.39,D
-8.03087,-69.89887,312.2,1.08,1.04,2026-09-10,2029,Aqua,MODIS,57,6.1NRT,299.18,5.27,D
-7.99407,-71.07394,312.73,1.01,1.0,2026-09-10,2029,Aqua,MODIS,62,6.1NRT,296.83,6.38,D
-7.98586,-69.90199,312.35,1.08,1.04,2026-09-10,2029,Aqua,MODIS,58,6.1NRT,299.07,5.07,D
-7.98297,-70.62386,319.67,1.02,1.01,2026-09-10,2029,Aqua,MODIS,73,6.1NRT,299.7,11.66,D
-7.93693,-70.62742,312.61,1.02,1.01,2026-09-10,2029,Aqua,MODIS,48,6.1NRT,297.51,6.22,D
-7.93147,-69.97482,315.42,1.07,1.03,2026-09-10,2029,Aqua,MODIS,66,6.1NRT,298.38,8.56,D
-7.92332,-72.48499,316.18,1.03,1.01,2026-09-10,2029,Aqua,MODIS,70,6.1NRT,297.93,9.35,D
-7.92201,-72.476,311.37,1.02,1.01,2026-09-10,2029,Aqua,MODIS,58,6.1NRT,297.16,4.93,D
-7.89414,-70.90561,311.19,1.01,1.01,2026-09-10,2029,Aqua,MODIS,44,6.1NRT,297.73,5.6,D
-7.84901,-70.09866,315.02,1.06,1.03,2026-09-10,2029,Aqua,MODIS,62,6.1NRT,298.46,8.85,D
-7.80455,-72.67456,332.76,1.04,1.02,2026-09-10,2029,Aqua,MODIS,86,6.1NRT,296.6,28.5,D
-7.80324,-72.66548,315.68,1.03,1.02,2026-09-10,2029,Aqua,MODIS,64,6.1NRT,297.07,8.45,D
-7.76874,-72.23963,315.78,1.01,1.01,2026-09-10,2029,Aqua,MODIS,70,6.1NRT,298.55,8.2,D
-7.75143,-72.44925,316.16,1.02,1.01,2026-09-10,2029,Aqua,MODIS,66,6.1NRT,299.25,7.41,D
-7.73261,-71.99184,344.07,1.0,1.0,2026-09-10,2029,Aqua,MODIS,93,6.1NRT,299.25,45.08,D
-7.73132,-71.98302,323.28,1.0,1.0,2026-09-10,2029,Aqua,MODIS,79,6.1NRT,297.77,15.36,D
-7.71319,-72.37264,312.24,1.02,1.01,2026-09-10,2029,Aqua,MODIS,61,6.1NRT,296.5,5.64,D
-7.6722,-73.30022,314.72,1.08,1.04,2026-09-10,2029,Aqua,MODIS,69,6.1NRT,297.95,7.93,D
-7.60311,-72.49534,323.49,1.02,1.01,2026-09-10,2029,Aqua,MODIS,79,6.1NRT,298.41,15.89,D
-7.50902,-72.80767,314.59,1.04,1.02,2026-09-10,2029,Aqua,MODIS,69,6.1NRT,297.13,7.61,D
-7.50337,-72.7064,311.56,1.03,1.02,2026-09-10,2029,Aqua,MODIS,41,6.1NRT,294.63,6.1,D
-7.22932,-69.91256,313.35,1.09,1.04,2026-09-10,2029,Aqua,MODIS,49,6.1NRT,298.6,7.11,D
-7.52174,-73.02161,352.53,1.06,1.03,2026-09-10,2032,Aqua,MODIS,91,6.1NRT,296.61,67.19,D
-7.43359,-72.72598,312.76,1.03,1.02,2026-09-10,2032,Aqua,MODIS,57,6.1NRT,296.27,8.83,D
-7.36736,-72.65906,316.25,1.03,1.01,2026-09-10,2032,Aqua,MODIS,71,6.1NRT,300.0,8.32,D
-7.36055,-72.54985,316.55,1.02,1.01,2026-09-10,2032,Aqua,MODIS,72,6.1NRT,297.81,9.24,D
-7.34937,-72.59735,314.94,1.02,1.01,2026-09-10,2032,Aqua,MODIS,69,6.1NRT,298.92,7.87,D
-7.22204,-73.12215,320.34,1.06,1.03,2026-09-10,2032,Aqua,MODIS,77,6.1NRT,297.52,13.83,D
-7.22072,-73.11288,319.27,1.06,1.03,2026-09-10,2032,Aqua,MODIS,75,6.1NRT,297.71,12.51,D
-7.13928,-73.12103,316.18,1.06,1.03,2026-09-10,2032,Aqua,MODIS,71,6.1NRT,295.94,11.07,D
-7.13795,-73.11176,310.34,1.06,1.03,2026-09-10,2032,Aqua,MODIS,52,6.1NRT,296.09,5.49,D
-5.3312,-73.83995,311.63,1.09,1.04,2026-09-10,2032,Aqua,MODIS,62,6.1NRT,296.96,5.27,D
-5.313,-73.84256,310.77,1.09,1.04,2026-09-10,2032,Aqua,MODIS,60,6.1NRT,297.14,4.94,D
-3.47069,-72.60983,316.2,1.0,1.0,2026-09-10,2032,Aqua,MODIS,0,6.1NRT,303.05,8.25,D
-10.00909,-36.49773,304.67,2.43,1.5,2026-09-10,2244,Terra,MODIS,61,6.1NRT,292.41,21.33,N
-9.99912,-36.50426,306.44,2.43,1.5,2026-09-10,2244,Terra,MODIS,67,6.1NRT,292.4,23.8,N
-8.45656,-35.07413,303.03,1.77,1.3,2026-09-10,2244,Terra,MODIS,53,6.1NRT,292.68,10.16,N
-8.45455,-35.05868,306.68,1.76,1.3,2026-09-10,2244,Terra,MODIS,69,6.1NRT,293.02,14.85,N
-8.45438,-35.06813,310.89,1.77,1.3,2026-09-10,2244,Terra,MODIS,81,6.1NRT,293.0,22.03,N
-7.90637,-35.16488,304.38,1.76,1.3,2026-09-10,2244,Terra,MODIS,60,6.1NRT,292.78,12.69,N
-7.90432,-35.15895,307.6,1.76,1.3,2026-09-10,2244,Terra,MODIS,72,6.1NRT,292.61,16.44,N
-7.49671,-34.82678,342.24,1.64,1.26,2026-09-10,2244,Terra,MODIS,100,6.1NRT,294.35,96.13,N
-7.49583,-34.83312,325.11,1.64,1.26,2026-09-10,2244,Terra,MODIS,100,6.1NRT,293.42,46.1,N
-7.28939,-35.00521,307.21,1.68,1.27,2026-09-10,2244,Terra,MODIS,71,6.1NRT,292.89,14.54,N
-7.02108,-35.0578,305.87,1.68,1.27,2026-09-10,2244,Terra,MODIS,66,6.1NRT,292.96,12.77,N
-7.01922,-35.04337,362.2,1.67,1.27,2026-09-10,2244,Terra,MODIS,100,6.1NRT,295.12,195.03,N
-5.53911,-35.5687,308.32,1.74,1.29,2026-09-10,2244,Terra,MODIS,72,6.1NRT,293.68,16.37,N
-5.52776,-35.57036,306.31,1.74,1.29,2026-09-10,2244,Terra,MODIS,64,6.1NRT,293.62,13.08,N
-23.3489,-58.22022,310.87,2.22,1.44,2026-09-11,20,Terra,MODIS,81,6.1NRT,294.14,28.79,N
-23.3361,-58.22164,316.92,2.22,1.44,2026-09-11,20,Terra,MODIS,94,6.1NRT,294.2,44.46,N
-23.33117,-56.08485,302.34,1.55,1.23,2026-09-11,20,Terra,MODIS,35,6.1NRT,288.38,8.11,N
-23.03289,-56.36989,307.3,1.61,1.25,2026-09-11,20,Terra,MODIS,71,6.1NRT,292.72,12.56,N
-22.2774,-55.84868,318.29,1.45,1.19,2026-09-11,20,Terra,MODIS,97,6.1NRT,291.89,27.05,N
-22.27584,-55.83504,307.13,1.45,1.19,2026-09-11,20,Terra,MODIS,70,6.1NRT,291.64,12.1,N
-22.26688,-55.85017,313.17,1.45,1.19,2026-09-11,20,Terra,MODIS,87,6.1NRT,291.44,19.54,N
-22.26533,-55.83643,302.79,1.45,1.19,2026-09-11,20,Terra,MODIS,51,6.1NRT,291.12,7.52,N
-22.07914,-58.64083,310.2,2.29,1.47,2026-09-11,20,Terra,MODIS,79,6.1NRT,295.04,27.27,N
-21.99423,-58.02673,313.0,2.06,1.4,2026-09-11,20,Terra,MODIS,86,6.1NRT,292.82,30.6,N
-21.9915,-58.03272,312.97,2.06,1.4,2026-09-11,20,Terra,MODIS,86,6.1NRT,292.46,31.04,N
-21.30352,-59.07191,309.16,2.42,1.5,2026-09-11,20,Terra,MODIS,60,6.1NRT,295.06,22.9,N
-21.2916,-59.05682,312.47,2.41,1.5,2026-09-11,20,Terra,MODIS,47,6.1NRT,295.39,29.97,N
-21.27834,-59.05825,321.4,2.41,1.5,2026-09-11,20,Terra,MODIS,100,6.1NRT,295.7,60.33,N
-21.27485,-59.05215,318.7,2.41,1.5,2026-09-11,20,Terra,MODIS,97,6.1NRT,295.49,49.31,N
-21.26509,-59.05969,310.43,2.41,1.5,2026-09-11,20,Terra,MODIS,80,6.1NRT,294.67,29.07,N
-21.2616,-59.05362,311.02,2.41,1.5,2026-09-11,20,Terra,MODIS,63,6.1NRT,294.39,28.18,N
-20.48072,-57.46421,305.36,1.78,1.31,2026-09-11,20,Terra,MODIS,64,6.1NRT,292.35,10.87,N
-20.47047,-57.4542,316.9,1.78,1.31,2026-09-11,20,Terra,MODIS,88,6.1NRT,292.6,28.5,N
-20.46915,-57.46564,311.04,1.78,1.31,2026-09-11,20,Terra,MODIS,49,6.1NRT,292.24,17.95,N
-20.46742,-57.44896,313.05,1.78,1.31,2026-09-11,20,Terra,MODIS,68,6.1NRT,292.57,21.36,N
-20.45892,-57.45562,307.47,1.78,1.31,2026-09-11,20,Terra,MODIS,72,6.1NRT,292.35,13.35,N
-20.45708,-57.43901,306.31,1.77,1.3,2026-09-11,20,Terra,MODIS,59,6.1NRT,292.48,11.37,N
-20.18221,-58.38231,307.4,2.07,1.4,2026-09-11,20,Terra,MODIS,57,6.1NRT,286.91,19.68,N
-19.82643,-58.06535,329.1,1.93,1.36,2026-09-11,20,Terra,MODIS,100,6.1NRT,294.72,67.03,N
-19.82456,-58.04736,306.72,1.93,1.36,2026-09-11,20,Terra,MODIS,69,6.1NRT,293.79,12.82,N
-19.82097,-58.07151,322.77,1.93,1.36,2026-09-11,20,Terra,MODIS,100,6.1NRT,294.74,44.98,N
-19.81897,-58.05353,316.44,1.93,1.36,2026-09-11,20,Terra,MODIS,89,6.1NRT,294.33,28.9,N
-19.81629,-58.08484,315.05,1.94,1.36,2026-09-11,20,Terra,MODIS,90,6.1NRT,293.82,26.95,N
-19.81443,-58.06679,336.02,1.93,1.36,2026-09-11,20,Terra,MODIS,100,6.1NRT,295.46,89.07,N
-19.80896,-58.07292,355.02,1.93,1.36,2026-09-11,20,Terra,MODIS,100,6.1NRT,296.44,185.18,N
-19.80427,-58.08627,323.39,1.94,1.36,2026-09-11,20,Terra,MODIS,100,6.1NRT,293.69,47.2,N
-19.80243,-58.06822,375.96,1.93,1.36,2026-09-11,20,Terra,MODIS,100,6.1NRT,297.66,351.51,N
-19.80059,-58.05022,321.81,1.93,1.36,2026-09-11,20,Terra,MODIS,100,6.1NRT,294.81,41.91,N
-19.79696,-58.07433,358.62,1.93,1.36,2026-09-11,20,Terra,MODIS,100,6.1NRT,296.25,208.69,N
-19.79499,-58.05636,357.5,1.93,1.36,2026-09-11,20,Terra,MODIS,100,6.1NRT,296.12,200.0,N
-19.79304,-58.03844,312.14,1.92,1.35,2026-09-11,20,Terra,MODIS,71,6.1NRT,294.04,20.69,N
-19.78301,-58.05778,336.33,1.93,1.36,2026-09-11,20,Terra,MODIS,100,6.1NRT,295.11,91.24,N
-19.78107,-58.03986,306.43,1.92,1.35,2026-09-11,20,Terra,MODIS,41,6.1NRT,293.91,11.22,N
-18.87525,-48.92822,311.01,1.32,1.14,2026-09-11,20,Terra,MODIS,75,6.1NRT,290.57,15.52,N
-18.35269,-62.23209,303.5,3.87,1.83,2026-09-11,22,Terra,MODIS,9,6.1NRT,291.03,19.04,N
-18.34952,-62.19667,306.07,3.85,1.83,2026-09-11,22,Terra,MODIS,53,6.1NRT,294.11,31.25,N
-17.9567,-60.25909,313.26,2.69,1.57,2026-09-11,22,Terra,MODIS,84,6.1NRT,294.76,39.05,N
-17.95429,-60.23445,307.18,2.68,1.57,2026-09-11,22,Terra,MODIS,61,6.1NRT,294.02,20.49,N
-17.95072,-60.26628,305.5,2.69,1.57,2026-09-11,22,Terra,MODIS,50,6.1NRT,294.49,15.42,N
-17.94814,-60.24169,309.59,2.68,1.57,2026-09-11,22,Terra,MODIS,72,6.1NRT,294.23,26.45,N
-17.69697,-61.32816,308.81,3.23,1.7,2026-09-11,22,Terra,MODIS,70,6.1NRT,294.34,30.67,N
-17.6961,-61.32178,307.14,3.23,1.7,2026-09-11,22,Terra,MODIS,63,6.1NRT,294.41,24.57,N
-17.49772,-59.56819,313.5,2.34,1.48,2026-09-11,22,Terra,MODIS,70,6.1NRT,287.69,42.89,N
-17.4974,-59.55316,316.4,2.33,1.48,2026-09-11,22,Terra,MODIS,64,6.1NRT,290.1,50.11,N
-17.21699,-60.9228,321.11,2.96,1.64,2026-09-11,22,Terra,MODIS,100,6.1NRT,296.84,71.81,N
-17.20758,-60.94579,315.09,2.97,1.64,2026-09-11,22,Terra,MODIS,89,6.1NRT,296.32,45.32,N
-17.20496,-60.91875,329.91,2.96,1.64,2026-09-11,22,Terra,MODIS,100,6.1NRT,296.84,119.75,N
-17.20252,-60.92425,325.19,2.96,1.64,2026-09-11,22,Terra,MODIS,100,6.1NRT,296.55,92.48,N
-16.87873,-49.67797,308.53,1.27,1.12,2026-09-11,22,Terra,MODIS,75,6.1NRT,292.61,9.96,N
-16.87636,-49.67227,305.34,1.27,1.12,2026-09-11,22,Terra,MODIS,64,6.1NRT,292.57,6.82,N
-16.75217,-60.23452,306.3,2.57,1.54,2026-09-11,22,Terra,MODIS,49,6.1NRT,294.19,13.72,N
-16.74968,-60.21127,331.73,2.56,1.54,2026-09-11,22,Terra,MODIS,100,6.1NRT,294.93,108.8,N
-16.74604,-60.2296,317.65,2.57,1.54,2026-09-11,22,Terra,MODIS,95,6.1NRT,294.34,47.2,N
-16.74373,-60.20641,328.62,2.56,1.54,2026-09-11,22,Terra,MODIS,100,6.1NRT,294.79,92.12,N
-16.36315,-60.25452,309.59,2.55,1.54,2026-09-11,22,Terra,MODIS,77,6.1NRT,293.94,25.5,N
-16.26613,-61.51167,311.67,3.19,1.69,2026-09-11,22,Terra,MODIS,83,6.1NRT,293.94,47.98,N
-16.26569,-61.50531,309.53,3.19,1.69,2026-09-11,22,Terra,MODIS,77,6.1NRT,293.93,39.4,N
-16.07039,-61.66404,303.96,3.26,1.71,2026-09-11,22,Terra,MODIS,55,6.1NRT,293.77,19.81,N
-16.06738,-61.63451,305.02,3.25,1.7,2026-09-11,22,Terra,MODIS,60,6.1NRT,293.77,23.18,N
-16.06613,-61.62825,307.06,3.25,1.7,2026-09-11,22,Terra,MODIS,58,6.1NRT,293.82,27.42,N
-16.05467,-60.77748,306.66,2.78,1.59,2026-09-11,22,Terra,MODIS,68,6.1NRT,293.48,22.96,N
-15.91311,-60.98173,315.58,2.87,1.62,2026-09-11,22,Terra,MODIS,91,6.1NRT,294.39,50.55,N
-15.91053,-60.95551,307.42,2.86,1.61,2026-09-11,22,Terra,MODIS,7,6.1NRT,294.26,20.5,N
-15.90953,-60.98755,308.21,2.87,1.62,2026-09-11,22,Terra,MODIS,73,6.1NRT,294.27,26.15,N
-15.90676,-60.96127,308.23,2.86,1.61,2026-09-11,22,Terra,MODIS,73,6.1NRT,294.27,24.54,N
-15.89202,-61.40392,303.31,3.09,1.67,2026-09-11,22,Terra,MODIS,51,6.1NRT,293.0,19.55,N
-15.8844,-60.88514,315.24,2.82,1.6,2026-09-11,22,Terra,MODIS,91,6.1NRT,294.26,47.63,N
-15.85615,-60.88868,306.93,2.82,1.6,2026-09-11,22,Terra,MODIS,68,6.1NRT,294.31,18.87,N
-15.14643,-62.52602,303.96,3.71,1.8,2026-09-11,22,Terra,MODIS,55,6.1NRT,293.05,26.12,N
-14.85668,-48.16856,303.48,1.74,1.29,2026-09-11,22,Terra,MODIS,55,6.1NRT,292.93,10.66,N
-14.78701,-48.0891,303.42,1.77,1.3,2026-09-11,22,Terra,MODIS,55,6.1NRT,292.78,10.03,N
-14.61869,-48.85532,307.38,1.56,1.23,2026-09-11,22,Terra,MODIS,71,6.1NRT,296.22,10.9,N
-14.61003,-48.87094,311.76,1.56,1.23,2026-09-11,22,Terra,MODIS,44,6.1NRT,295.94,15.57,N
-14.60789,-48.85722,323.59,1.56,1.23,2026-09-11,22,Terra,MODIS,100,6.1NRT,297.17,36.33,N
-14.60571,-48.84324,307.38,1.57,1.23,2026-09-11,22,Terra,MODIS,21,6.1NRT,295.76,9.85,N
-14.59923,-48.8727,323.31,1.56,1.23,2026-09-11,22,Terra,MODIS,100,6.1NRT,295.43,35.0,N
-14.59708,-48.85899,332.91,1.56,1.23,2026-09-11,22,Terra,MODIS,100,6.1NRT,297.41,57.6,N
-14.58624,-48.86065,308.74,1.56,1.23,2026-09-11,22,Terra,MODIS,75,6.1NRT,295.21,12.31,N
-14.0742,-45.63902,301.82,2.82,1.6,2026-09-11,22,Terra,MODIS,45,6.1NRT,291.03,23.01,N
-13.81281,-62.48912,303.98,3.53,1.77,2026-09-11,22,Terra,MODIS,55,6.1NRT,293.56,22.18,N
-13.77572,-43.63956,307.8,4.08,1.87,2026-09-11,22,Terra,MODIS,73,6.1NRT,292.62,57.64,N
-13.76988,-43.64766,309.8,4.08,1.87,2026-09-11,22,Terra,MODIS,78,6.1NRT,292.81,64.91,N
-13.50536,-44.08448,305.4,3.82,1.83,2026-09-11,22,Terra,MODIS,64,6.1NRT,292.74,43.01,N
-13.50002,-48.55627,306.16,1.72,1.29,2026-09-11,22,Terra,MODIS,67,6.1NRT,294.61,11.32,N
-13.4888,-48.55854,306.79,1.72,1.29,2026-09-11,22,Terra,MODIS,69,6.1NRT,294.73,12.27,N
-13.33383,-61.66307,304.47,2.99,1.64,2026-09-11,22,Terra,MODIS,60,6.1NRT,291.07,22.49,N
-12.3487,-48.20699,317.03,1.91,1.35,2026-09-11,22,Terra,MODIS,94,6.1NRT,292.75,34.96,N
-12.23242,-51.32936,309.8,1.18,1.08,2026-09-11,22,Terra,MODIS,78,6.1NRT,295.95,10.1,N
-12.15468,-64.15157,305.76,4.54,1.96,2026-09-11,22,Terra,MODIS,66,6.1NRT,291.94,45.68,N
-10.78043,-45.94937,317.81,3.09,1.67,2026-09-11,22,Terra,MODIS,96,6.1NRT,293.15,78.47,N
-10.76068,-45.92997,301.96,3.11,1.67,2026-09-11,22,Terra,MODIS,12,6.1NRT,291.56,20.62,N
-10.6919,-50.80901,305.31,1.32,1.14,2026-09-11,22,Terra,MODIS,61,6.1NRT,294.31,7.69,N
-10.69011,-50.79723,320.89,1.33,1.14,2026-09-11,22,Terra,MODIS,100,6.1NRT,295.01,26.7,N
-10.68008,-50.7988,312.57,1.33,1.14,2026-09-11,22,Terra,MODIS,85,6.1NRT,294.09,15.03,N
-10.67932,-50.79311,314.39,1.33,1.14,2026-09-11,22,Terra,MODIS,89,6.1NRT,294.11,17.54,N
-10.66614,-49.07857,305.69,1.76,1.3,2026-09-11,22,Terra,MODIS,65,6.1NRT,294.4,12.89,N
-10.54618,-51.35089,319.32,1.23,1.1,2026-09-11,22,Terra,MODIS,98,6.1NRT,296.84,19.92,N
-10.53644,-51.35209,309.93,1.23,1.1,2026-09-11,22,Terra,MODIS,79,6.1NRT,297.03,9.71,N
-10.50615,-49.53259,305.31,1.64,1.26,2026-09-11,22,Terra,MODIS,64,6.1NRT,294.02,11.33,N
-10.50388,-49.51809,315.23,1.64,1.26,2026-09-11,22,Terra,MODIS,91,6.1NRT,294.47,26.14,N
-9.63163,-49.01904,306.33,1.86,1.33,2026-09-11,22,Terra,MODIS,68,6.1NRT,293.45,16.45,N
-9.67556,-55.11941,303.9,1.01,1.01,2026-09-11,24,Terra,MODIS,57,6.1NRT,292.48,4.06,N
-9.67434,-55.11041,303.79,1.01,1.01,2026-09-11,24,Terra,MODIS,57,6.1NRT,292.96,3.87,N
-9.38835,-49.38615,306.72,1.76,1.3,2026-09-11,24,Terra,MODIS,69,6.1NRT,295.39,13.15,N
-9.37537,-55.96878,307.21,1.06,1.03,2026-09-11,24,Terra,MODIS,62,6.1NRT,291.44,9.17,N
-9.18322,-59.45911,310.22,1.73,1.29,2026-09-11,24,Terra,MODIS,79,6.1NRT,279.74,22.24,N
-9.18176,-59.45352,307.62,1.73,1.29,2026-09-11,24,Terra,MODIS,72,6.1NRT,279.71,17.82,N
-9.17671,-49.95404,309.97,1.6,1.25,2026-09-11,24,Terra,MODIS,79,6.1NRT,294.79,16.54,N
-9.17309,-49.9458,307.43,1.61,1.25,2026-09-11,24,Terra,MODIS,28,6.1NRT,294.69,11.6,N
-8.7331,-50.60017,310.19,1.46,1.2,2026-09-11,24,Terra,MODIS,79,6.1NRT,294.27,15.3,N
-8.71055,-49.62152,328.52,1.73,1.29,2026-09-11,24,Terra,MODIS,100,6.1NRT,296.33,58.75,N
-8.63098,-47.41781,317.57,2.6,1.55,2026-09-11,24,Terra,MODIS,95,6.1NRT,294.6,58.1,N
-8.62735,-47.39507,306.31,2.61,1.55,2026-09-11,24,Terra,MODIS,68,6.1NRT,294.02,24.32,N
-8.51391,-50.15044,309.23,1.59,1.24,2026-09-11,24,Terra,MODIS,77,6.1NRT,295.4,15.84,N
-8.50301,-50.15217,333.22,1.59,1.24,2026-09-11,24,Terra,MODIS,100,6.1NRT,295.93,63.31,N
-8.21251,-55.26788,316.02,1.01,1.0,2026-09-11,24,Terra,MODIS,92,6.1NRT,294.91,11.9,N
-8.2113,-55.25898,318.37,1.01,1.0,2026-09-11,24,Terra,MODIS,97,6.1NRT,294.61,13.98,N
-8.20368,-55.26915,306.78,1.01,1.0,2026-09-11,24,Terra,MODIS,68,6.1NRT,293.83,5.5,N
-8.20247,-55.26023,318.18,1.01,1.0,2026-09-11,24,Terra,MODIS,96,6.1NRT,293.89,14.34,N
-8.08114,-54.85033,318.85,1.0,1.0,2026-09-11,24,Terra,MODIS,75,6.1NRT,294.76,12.85,N
-8.07993,-54.8415,328.84,1.0,1.0,2026-09-11,24,Terra,MODIS,100,6.1NRT,294.57,24.03,N
-8.07229,-55.32717,306.18,1.01,1.0,2026-09-11,24,Terra,MODIS,35,6.1NRT,294.78,4.34,N
-8.07107,-55.31825,308.08,1.01,1.0,2026-09-11,24,Terra,MODIS,63,6.1NRT,294.71,5.48,N
-8.06985,-55.30933,307.28,1.01,1.0,2026-09-11,24,Terra,MODIS,52,6.1NRT,294.47,5.0,N
-8.06863,-55.30041,305.84,1.01,1.0,2026-09-11,24,Terra,MODIS,22,6.1NRT,294.23,4.19,N
-7.84623,-56.58393,307.33,1.09,1.04,2026-09-11,24,Terra,MODIS,71,6.1NRT,291.29,6.59,N
-7.82599,-55.41663,307.02,1.01,1.01,2026-09-11,24,Terra,MODIS,70,6.1NRT,294.12,5.85,N
-6.83768,-51.49297,312.84,1.36,1.15,2026-09-11,24,Terra,MODIS,86,6.1NRT,293.79,16.15,N
-6.63285,-55.30513,305.33,1.0,1.0,2026-09-11,24,Terra,MODIS,64,6.1NRT,292.64,4.54,N
-6.63164,-55.29632,320.13,1.0,1.0,2026-09-11,24,Terra,MODIS,100,6.1NRT,292.7,16.11,N
-6.62285,-55.29756,324.57,1.0,1.0,2026-09-11,24,Terra,MODIS,100,6.1NRT,292.54,20.64,N
-6.50841,-58.2928,300.17,1.31,1.13,2026-09-11,24,Terra,MODIS,20,6.1NRT,274.87,5.85,N
-6.33594,-55.22141,304.7,1.0,1.0,2026-09-11,24,Terra,MODIS,60,6.1NRT,294.01,4.12,N
-6.33069,-55.85955,305.46,1.02,1.01,2026-09-11,24,Terra,MODIS,21,6.1NRT,293.29,4.17,N
-6.31995,-56.05899,310.46,1.03,1.01,2026-09-11,24,Terra,MODIS,80,6.1NRT,293.63,8.0,N
-6.3196,-55.85789,309.55,1.02,1.01,2026-09-11,24,Terra,MODIS,77,6.1NRT,293.53,7.6,N
-6.20428,-55.27902,320.44,1.0,1.0,2026-09-11,24,Terra,MODIS,100,6.1NRT,294.43,16.07,N
-6.19549,-55.28026,307.17,1.0,1.0,2026-09-11,24,Terra,MODIS,68,6.1NRT,294.19,5.52,N
-6.19429,-55.27147,311.78,1.0,1.0,2026-09-11,24,Terra,MODIS,82,6.1NRT,294.43,8.59,N
-6.19308,-55.26268,322.0,1.0,1.0,2026-09-11,24,Terra,MODIS,100,6.1NRT,294.48,17.33,N
-6.19141,-57.76102,302.05,1.2,1.09,2026-09-11,24,Terra,MODIS,46,6.1NRT,281.61,4.77,N
-6.18999,-57.75048,304.02,1.2,1.09,2026-09-11,24,Terra,MODIS,58,6.1NRT,281.05,5.89,N
-6.02663,-51.33146,314.73,1.43,1.18,2026-09-11,24,Terra,MODIS,90,6.1NRT,294.26,20.37,N
-6.01622,-51.33289,312.35,1.43,1.18,2026-09-11,24,Terra,MODIS,85,6.1NRT,293.92,17.21,N
-5.98061,-57.77993,304.27,1.2,1.09,2026-09-11,24,Terra,MODIS,33,6.1NRT,286.38,5.13,N
-5.97923,-57.76952,318.24,1.2,1.09,2026-09-11,24,Terra,MODIS,96,6.1NRT,286.51,18.87,N
-5.82477,-53.8059,308.61,1.06,1.03,2026-09-11,24,Terra,MODIS,73,6.1NRT,295.72,6.93,N
-5.78338,-45.08393,309.85,4.5,1.95,2026-09-11,24,Terra,MODIS,78,6.1NRT,292.07,76.26,N
-5.78048,-45.09116,309.78,4.5,1.95,2026-09-11,24,Terra,MODIS,78,6.1NRT,292.12,72.97,N
-5.76625,-45.08625,304.28,4.5,1.95,2026-09-11,24,Terra,MODIS,57,6.1NRT,292.16,41.77,N
-5.64348,-51.66402,306.58,1.38,1.16,2026-09-11,24,Terra,MODIS,66,6.1NRT,294.14,9.06,N
-5.63568,-51.67142,305.97,1.38,1.16,2026-09-11,24,Terra,MODIS,39,6.1NRT,293.81,8.32,N
-5.63396,-51.65934,327.84,1.38,1.16,2026-09-11,24,Terra,MODIS,100,6.1NRT,294.67,39.76,N
-5.36653,-56.02442,306.48,1.02,1.01,2026-09-11,24,Terra,MODIS,66,6.1NRT,293.45,4.51,N
-5.34836,-55.89116,305.43,1.01,1.0,2026-09-11,24,Terra,MODIS,61,6.1NRT,293.62,4.16,N
-5.28571,-56.04183,303.72,1.02,1.01,2026-09-11,24,Terra,MODIS,54,6.1NRT,287.98,4.01,N
-5.20444,-45.57119,312.35,4.22,1.9,2026-09-11,24,Terra,MODIS,85,6.1NRT,292.78,85.35,N
-5.19944,-45.57691,306.84,4.22,1.9,2026-09-11,24,Terra,MODIS,69,6.1NRT,292.63,53.58,N
-5.19377,-45.53968,302.89,4.25,1.91,2026-09-11,24,Terra,MODIS,52,6.1NRT,292.19,35.79,N
-4.89932,-55.91226,311.67,1.01,1.0,2026-09-11,24,Terra,MODIS,83,6.1NRT,284.38,10.15,N
-4.86592,-56.01274,305.8,1.01,1.0,2026-09-11,24,Terra,MODIS,66,6.1NRT,278.34,6.89,N
-4.86472,-56.00396,311.44,1.01,1.0,2026-09-11,24,Terra,MODIS,83,6.1NRT,279.1,10.71,N
-4.74733,-45.67439,305.36,4.22,1.9,2026-09-11,24,Terra,MODIS,64,6.1NRT,292.55,47.26,N
-4.74233,-45.68252,305.65,4.22,1.9,2026-09-11,24,Terra,MODIS,65,6.1NRT,292.68,50.3,N
-4.53798,-54.96945,320.39,1.01,1.0,2026-09-11,24,Terra,MODIS,100,6.1NRT,295.34,15.83,N
-4.53677,-54.9606,337.42,1.01,1.0,2026-09-11,24,Terra,MODIS,100,6.1NRT,297.5,37.7,N
-4.52917,-54.97069,315.72,1.01,1.0,2026-09-11,24,Terra,MODIS,91,6.1NRT,294.96,11.72,N
-4.52795,-54.96184,339.11,1.01,1.0,2026-09-11,24,Terra,MODIS,100,6.1NRT,296.78,40.32,N
-4.52674,-54.95304,313.25,1.01,1.0,2026-09-11,24,Terra,MODIS,86,6.1NRT,294.71,9.95,N
-4.47407,-54.89728,307.28,1.01,1.0,2026-09-11,24,Terra,MODIS,69,6.1NRT,293.93,5.99,N
-4.36106,-47.79596,312.19,2.9,1.62,2026-09-11,24,Terra,MODIS,84,6.1NRT,293.17,47.65,N
-4.35722,-47.77075,312.82,2.91,1.63,2026-09-11,24,Terra,MODIS,86,6.1NRT,292.61,50.67,N
-4.35712,-54.78444,316.35,1.02,1.01,2026-09-11,24,Terra,MODIS,93,6.1NRT,293.77,12.93,N
-4.35588,-54.77552,321.22,1.02,1.01,2026-09-11,24,Terra,MODIS,100,6.1NRT,294.02,17.51,N
-4.35401,-47.7779,306.94,2.91,1.63,2026-09-11,24,Terra,MODIS,70,6.1NRT,292.7,31.43,N
-4.29878,-49.1208,322.06,2.27,1.46,2026-09-11,24,Terra,MODIS,100,6.1NRT,292.39,68.78,N
-4.29584,-49.10099,327.82,2.28,1.46,2026-09-11,24,Terra,MODIS,100,6.1NRT,293.79,89.56,N
-4.0875,-56.30569,305.9,1.02,1.01,2026-09-11,24,Terra,MODIS,66,6.1NRT,294.27,4.64,N
-3.97355,-53.43484,317.96,1.14,1.06,2026-09-11,24,Terra,MODIS,96,6.1NRT,294.58,17.58,N
-3.70668,-58.51963,312.22,1.24,1.11,2026-09-11,24,Terra,MODIS,84,6.1NRT,292.48,12.08,N
-3.40115,-54.07824,315.09,1.08,1.04,2026-09-11,24,Terra,MODIS,70,6.1NRT,293.8,14.42,N
-3.37968,-50.76655,322.73,1.74,1.29,2026-09-11,24,Terra,MODIS,100,6.1NRT,296.01,42.52,N
-3.37753,-50.7514,313.01,1.75,1.3,2026-09-11,24,Terra,MODIS,85,6.1NRT,296.01,22.99,N
-3.36832,-50.76822,314.16,1.74,1.29,2026-09-11,24,Terra,MODIS,88,6.1NRT,295.31,24.73,N
-3.36615,-50.75301,317.62,1.75,1.3,2026-09-11,24,Terra,MODIS,95,6.1NRT,295.55,31.68,N
-3.24941,-50.82286,309.64,1.73,1.29,2026-09-11,24,Terra,MODIS,76,6.1NRT,295.24,17.06,N
-3.16244,-58.65244,307.62,1.25,1.11,2026-09-11,24,Terra,MODIS,69,6.1NRT,288.72,9.08,N
-3.16096,-58.64154,301.64,1.24,1.11,2026-09-11,24,Terra,MODIS,25,6.1NRT,287.68,4.31,N
-3.07083,-51.33995,315.3,1.59,1.24,2026-09-11,24,Terra,MODIS,90,6.1NRT,295.6,23.56,N
-2.86418,-49.53787,309.19,2.23,1.45,2026-09-11,24,Terra,MODIS,76,6.1NRT,294.45,21.6,N
-2.86397,-49.53219,304.61,2.23,1.45,2026-09-11,24,Terra,MODIS,59,6.1NRT,294.47,13.14,N
-2.73782,-57.63327,316.37,1.09,1.04,2026-09-11,24,Terra,MODIS,93,6.1NRT,285.39,14.24,N
-2.73652,-57.62372,327.4,1.09,1.04,2026-09-11,24,Terra,MODIS,100,6.1NRT,287.72,26.3,N
-2.73523,-57.61419,312.44,1.09,1.04,2026-09-11,24,Terra,MODIS,54,6.1NRT,286.27,9.68,N
-2.72866,-57.63453,323.05,1.09,1.04,2026-09-11,24,Terra,MODIS,100,6.1NRT,285.42,21.34,N
-2.72737,-57.62498,331.64,1.09,1.04,2026-09-11,24,Terra,MODIS,100,6.1NRT,287.39,32.36,N
-2.72607,-57.61545,314.58,1.09,1.04,2026-09-11,24,Terra,MODIS,71,6.1NRT,287.13,11.78,N
-2.71692,-57.61671,305.76,1.09,1.04,2026-09-11,24,Terra,MODIS,61,6.1NRT,285.54,5.64,N
-2.71563,-57.60718,305.13,1.09,1.04,2026-09-11,24,Terra,MODIS,36,6.1NRT,286.93,4.98,N
-2.25272,-47.98785,301.94,3.05,1.66,2026-09-11,24,Terra,MODIS,34,6.1NRT,290.7,22.14,N
-2.25138,-47.99376,301.19,3.05,1.66,2026-09-11,24,Terra,MODIS,20,6.1NRT,290.28,20.51,N
-2.11945,-47.50322,302.27,3.35,1.73,2026-09-11,24,Terra,MODIS,48,6.1NRT,290.85,19.94,N
-1.32045,-49.02129,302.66,2.61,1.55,2026-09-11,24,Terra,MODIS,49,6.1NRT,290.73,12.45,N
-1.03142,-53.73526,303.74,1.18,1.08,2026-09-11,24,Terra,MODIS,54,6.1NRT,293.74,5.11,N
0.21032,-51.38357,304.18,1.79,1.31,2026-09-11,24,Terra,MODIS,43,6.1NRT,293.07,11.56,N
0.99129,-51.12983,306.57,1.93,1.36,2026-09-11,26,Terra,MODIS,68,6.1NRT,294.02,12.33,N
1.28366,-50.69952,304.7,2.11,1.41,2026-09-11,26,Terra,MODIS,59,6.1NRT,292.85,12.77,N
1.28623,-50.68112,308.39,2.12,1.41,2026-09-11,26,Terra,MODIS,73,6.1NRT,292.91,19.61,N
1.28859,-50.68797,311.25,2.12,1.41,2026-09-11,26,Terra,MODIS,81,6.1NRT,292.98,24.4,N
2.74251,-60.2031,303.65,1.31,1.13,2026-09-11,26,Terra,MODIS,56,6.1NRT,283.3,6.12,N
4.70979,-60.84532,308.73,1.35,1.15,2026-09-11,26,Terra,MODIS,75,6.1NRT,291.89,11.72,N
4.75944,-60.43388,302.9,1.27,1.12,2026-09-11,26,Terra,MODIS,52,6.1NRT,289.87,5.14,N
-10.56644,-73.32082,303.43,1.9,1.35,2026-09-11,202,Terra,MODIS,55,6.1NRT,293.38,10.07,N
-9.50969,-40.33339,308.94,3.97,1.85,2026-09-11,538,Aqua,MODIS,76,6.1NRT,291.76,67.52,N
-9.50083,-40.32701,305.22,3.97,1.85,2026-09-11,538,Aqua,MODIS,63,6.1NRT,291.55,46.09,N
1.28064,-50.68048,304.63,1.17,1.08,2026-09-11,712,Aqua,MODIS,51,6.1NRT,293.21,6.1,N
1.29005,-50.67908,307.87,1.17,1.08,2026-09-11,712,Aqua,MODIS,73,6.1NRT,292.82,8.88,N
2.51731,-50.85183,307.14,1.11,1.05,2026-09-11,712,Aqua,MODIS,70,6.1NRT,293.8,7.51,N
-9.63498,-49.0059,307.46,2.27,1.46,2026-09-11,714,Aqua,MODIS,71,6.1NRT,291.04,29.2,N
-8.63421,-47.41172,307.62,2.94,1.63,2026-09-11,714,Aqua,MODIS,72,6.1NRT,291.73,38.77,N
-8.62377,-47.41513,309.54,2.94,1.63,2026-09-11,714,Aqua,MODIS,78,6.1NRT,291.87,44.98,N
-8.07899,-54.84047,306.17,1.0,1.0,2026-09-11,714,Aqua,MODIS,65,6.1NRT,289.11,6.48,N
-6.57491,-51.08988,307.84,1.4,1.17,2026-09-11,714,Aqua,MODIS,73,6.1NRT,293.25,13.32,N
-6.57316,-51.10241,315.05,1.4,1.17,2026-09-11,714,Aqua,MODIS,90,6.1NRT,292.98,21.87,N
-6.24406,-51.68975,301.99,1.27,1.12,2026-09-11,714,Aqua,MODIS,39,6.1NRT,291.98,6.28,N
-6.23425,-51.6884,304.26,1.27,1.12,2026-09-11,714,Aqua,MODIS,59,6.1NRT,292.19,8.14,N
-4.86746,-56.00674,303.48,1.07,1.03,2026-09-11,714,Aqua,MODIS,55,6.1NRT,287.29,5.5,N
-4.85844,-56.00522,300.95,1.07,1.03,2026-09-11,714,Aqua,MODIS,30,6.1NRT,287.62,3.9,N
-4.53815,-54.95567,307.14,1.01,1.01,2026-09-11,714,Aqua,MODIS,70,6.1NRT,292.25,6.91,N
-4.53681,-54.96446,305.42,1.01,1.01,2026-09-11,714,Aqua,MODIS,64,6.1NRT,293.38,5.66,N
-4.52936,-54.95435,310.87,1.01,1.01,2026-09-11,714,Aqua,MODIS,80,6.1NRT,292.2,9.06,N
-4.52801,-54.96317,312.82,1.01,1.01,2026-09-11,714,Aqua,MODIS,86,6.1NRT,293.52,10.41,N
-4.35176,-54.77409,308.06,1.01,1.0,2026-09-11,714,Aqua,MODIS,73,6.1NRT,292.86,7.79,N
-4.30149,-49.09658,321.59,1.82,1.32,2026-09-11,714,Aqua,MODIS,100,6.1NRT,293.91,44.83,N
-4.29924,-49.11245,305.16,1.82,1.32,2026-09-11,714,Aqua,MODIS,55,6.1NRT,293.03,13.17,N
-4.28992,-49.09502,309.15,1.82,1.32,2026-09-11,714,Aqua,MODIS,77,6.1NRT,293.49,20.41,N
-3.37697,-50.75237,305.09,1.33,1.14,2026-09-11,714,Aqua,MODIS,51,6.1NRT,293.21,7.46,N
-3.36697,-50.7509,307.22,1.33,1.14,2026-09-11,714,Aqua,MODIS,71,6.1NRT,293.26,9.66,N
-2.93821,-50.46586,304.15,1.37,1.16,2026-09-11,714,Aqua,MODIS,59,6.1NRT,293.57,6.84,N
-2.85796,-49.53842,311.55,1.6,1.24,2026-09-11,714,Aqua,MODIS,83,6.1NRT,293.31,19.26,N
-2.73963,-57.61371,306.75,1.4,1.17,2026-09-11,714,Aqua,MODIS,69,6.1NRT,293.1,7.81,N
-2.73773,-57.62586,306.64,1.4,1.17,2026-09-11,714,Aqua,MODIS,69,6.1NRT,293.29,8.27,N
-2.71928,-57.61736,318.54,1.4,1.17,2026-09-11,714,Aqua,MODIS,97,6.1NRT,293.58,23.42,N
-2.71916,-57.61062,310.69,1.4,1.17,2026-09-11,714,Aqua,MODIS,16,6.1NRT,293.3,10.77,N
-2.71744,-57.62955,308.59,1.4,1.17,2026-09-11,714,Aqua,MODIS,75,6.1NRT,293.07,10.35,N
-2.71724,-57.62277,317.74,1.4,1.17,2026-09-11,714,Aqua,MODIS,88,6.1NRT,293.23,20.41,N
-1.77387,-54.94281,307.93,1.04,1.02,2026-09-11,714,Aqua,MODIS,73,6.1NRT,286.08,8.46,N
-16.10657,-61.53586,311.5,1.59,1.24,2026-09-11,716,Aqua,MODIS,83,6.1NRT,292.95,19.52,N
-16.00876,-61.83681,365.68,1.68,1.27,2026-09-11,716,Aqua,MODIS,100,6.1NRT,295.48,216.65,N
-16.00606,-61.85207,345.4,1.68,1.27,2026-09-11,716,Aqua,MODIS,100,6.1NRT,293.45,111.5,N
-15.89495,-60.90073,306.8,1.45,1.19,2026-09-11,716,Aqua,MODIS,69,6.1NRT,294.03,9.98,N
-15.88984,-61.39574,312.92,1.57,1.23,2026-09-11,716,Aqua,MODIS,86,6.1NRT,293.41,20.99,N
-15.88815,-61.38862,308.44,1.57,1.23,2026-09-11,716,Aqua,MODIS,75,6.1NRT,293.27,14.67,N
-15.88457,-60.89876,335.25,1.45,1.19,2026-09-11,716,Aqua,MODIS,100,6.1NRT,295.27,58.13,N
-15.8823,-60.91188,314.12,1.45,1.19,2026-09-11,716,Aqua,MODIS,82,6.1NRT,293.97,17.77,N
-15.87795,-60.8919,308.38,1.45,1.19,2026-09-11,716,Aqua,MODIS,74,6.1NRT,294.11,11.44,N
-15.87577,-60.90497,311.31,1.45,1.19,2026-09-11,716,Aqua,MODIS,82,6.1NRT,294.26,15.2,N
-13.26404,-61.59225,309.78,1.81,1.32,2026-09-11,716,Aqua,MODIS,78,6.1NRT,292.51,21.05,N
-13.25966,-61.59843,315.54,1.81,1.32,2026-09-11,716,Aqua,MODIS,91,6.1NRT,292.66,31.65,N
-12.1538,-64.13605,302.41,3.02,1.65,2026-09-11,716,Aqua,MODIS,49,6.1NRT,291.12,21.83,N
-12.15064,-64.13014,302.65,3.02,1.65,2026-09-11,716,Aqua,MODIS,51,6.1NRT,291.12,22.6,N
-11.81295,-60.45683,301.74,1.58,1.24,2026-09-11,716,Aqua,MODIS,44,6.1NRT,290.61,7.6,N
-11.8021,-60.45512,302.63,1.58,1.24,2026-09-11,716,Aqua,MODIS,50,6.1NRT,290.59,8.68,N
-9.03812,-65.41473,301.13,4.41,1.93,2026-09-11,716,Aqua,MODIS,38,6.1NRT,290.55,28.22,N
-8.83011,-62.47599,303.38,2.6,1.55,2026-09-11,716,Aqua,MODIS,28,6.1NRT,288.63,26.53,N
-22.27433,-55.83986,304.72,1.16,1.07,2026-09-11,718,Aqua,MODIS,61,6.1NRT,291.46,6.99,N
-22.26491,-55.83838,310.59,1.16,1.07,2026-09-11,718,Aqua,MODIS,80,6.1NRT,291.39,11.77,N
-21.93635,-61.88739,306.62,1.33,1.14,2026-09-11,718,Aqua,MODIS,69,6.1NRT,294.04,10.63,N
-21.2771,-59.05502,311.93,1.02,1.01,2026-09-11,718,Aqua,MODIS,72,6.1NRT,295.19,11.07,N
-20.69784,-60.18723,303.74,1.12,1.06,2026-09-11,718,Aqua,MODIS,46,6.1NRT,290.97,4.99,N
-20.49315,-57.45936,311.45,1.01,1.0,2026-09-11,718,Aqua,MODIS,83,6.1NRT,294.72,9.16,N
-20.18122,-58.37608,318.96,1.01,1.0,2026-09-11,718,Aqua,MODIS,98,6.1NRT,290.94,16.02,N
-20.17977,-58.38543,317.88,1.01,1.0,2026-09-11,718,Aqua,MODIS,96,6.1NRT,290.91,15.14,N
-20.1721,-58.35912,306.74,1.01,1.0,2026-09-11,718,Aqua,MODIS,69,6.1NRT,292.25,5.96,N
-20.17066,-58.36847,321.55,1.01,1.0,2026-09-11,718,Aqua,MODIS,100,6.1NRT,292.38,18.16,N
-19.97354,-58.03576,320.93,1.0,1.0,2026-09-11,718,Aqua,MODIS,100,6.1NRT,295.57,16.16,N
-19.96475,-58.03428,322.06,1.0,1.0,2026-09-11,718,Aqua,MODIS,100,6.1NRT,295.76,17.37,N
-19.95738,-58.02351,306.0,1.0,1.0,2026-09-11,718,Aqua,MODIS,66,6.1NRT,295.56,4.8,N
-19.95596,-58.03281,307.64,1.0,1.0,2026-09-11,718,Aqua,MODIS,72,6.1NRT,295.53,5.86,N
-19.84675,-58.06874,317.06,1.0,1.0,2026-09-11,718,Aqua,MODIS,94,6.1NRT,295.56,12.67,N
-19.84533,-58.07804,363.43,1.0,1.0,2026-09-11,718,Aqua,MODIS,100,6.1NRT,297.37,93.82,N
-19.83654,-58.07656,349.09,1.0,1.0,2026-09-11,718,Aqua,MODIS,100,6.1NRT,297.58,58.01,N
-19.83512,-58.08586,315.21,1.0,1.0,2026-09-11,718,Aqua,MODIS,83,6.1NRT,293.24,10.97,N
-19.82775,-58.07508,315.93,1.0,1.0,2026-09-11,718,Aqua,MODIS,92,6.1NRT,293.59,11.48,N
-19.81895,-58.0736,310.56,1.0,1.0,2026-09-11,718,Aqua,MODIS,79,6.1NRT,292.3,7.72,N
-18.35497,-62.19948,300.52,1.61,1.25,2026-09-11,718,Aqua,MODIS,29,6.1NRT,288.37,5.45,N
-17.49178,-59.5546,312.1,1.14,1.07,2026-09-11,718,Aqua,MODIS,84,6.1NRT,294.69,11.83,N
-16.74591,-60.19838,308.27,1.26,1.12,2026-09-11,718,Aqua,MODIS,74,6.1NRT,294.77,9.4,N
-16.74397,-60.20981,328.36,1.27,1.12,2026-09-11,718,Aqua,MODIS,100,6.1NRT,295.34,35.91,N
-16.73226,-60.21948,327.78,1.27,1.12,2026-09-11,718,Aqua,MODIS,100,6.1NRT,294.95,34.7,N
-16.73058,-60.21353,313.06,1.27,1.12,2026-09-11,718,Aqua,MODIS,86,6.1NRT,294.57,13.99,N
-16.73032,-60.2309,311.35,1.27,1.12,2026-09-11,718,Aqua,MODIS,82,6.1NRT,293.97,13.09,N
-16.7287,-60.225,332.47,1.27,1.12,2026-09-11,718,Aqua,MODIS,100,6.1NRT,294.89,43.76,N
-26.67974,-60.99516,300.83,1.05,1.03,2026-09-11,720,Aqua,MODIS,17,6.1NRT,287.51,7.3,N
-24.55339,-60.56347,314.93,1.06,1.03,2026-09-11,720,Aqua,MODIS,90,6.1NRT,291.81,14.97,N
-24.54656,-60.55551,305.92,1.06,1.03,2026-09-11,720,Aqua,MODIS,66,6.1NRT,291.85,7.08,N
-24.54492,-60.56572,332.86,1.07,1.03,2026-09-11,720,Aqua,MODIS,100,6.1NRT,292.53,35.73,N
-23.43895,-64.3429,309.89,1.81,1.32,2026-09-11,720,Aqua,MODIS,79,6.1NRT,288.46,27.78,N
-23.26507,-61.52925,310.3,1.21,1.09,2026-09-11,720,Aqua,MODIS,80,6.1NRT,293.34,12.45,N
-28.32255,-66.28625,303.5,1.95,1.36,2026-09-11,722,Aqua,MODIS,55,6.1NRT,279.19,26.86,N
-9.32324,-45.64354,310.5,2.5,1.52,2026-09-11,1108,Terra,MODIS,49,6.1NRT,297.98,14.56,D
-9.21371,-41.03404,312.07,1.17,1.08,2026-09-11,1108,Terra,MODIS,54,6.1NRT,299.37,6.41,D
-8.65103,-36.82045,316.11,1.08,1.04,2026-09-11,1108,Terra,MODIS,72,6.1NRT,298.74,9.65,D
-8.63242,-47.40326,319.78,3.55,1.77,2026-09-11,1108,Terra,MODIS,73,6.1NRT,299.55,72.1,D
-8.62722,-47.43479,315.95,3.57,1.77,2026-09-11,1108,Terra,MODIS,66,6.1NRT,298.91,51.33,D
-8.62715,-47.40974,322.57,3.55,1.77,2026-09-11,1108,Terra,MODIS,75,6.1NRT,299.67,84.46,D
-7.60464,-45.15169,318.6,2.46,1.51,2026-09-11,1108,Terra,MODIS,70,6.1NRT,300.63,34.07,D
-7.4614,-42.11798,318.03,1.44,1.19,2026-09-11,1108,Terra,MODIS,67,6.1NRT,301.16,14.3,D
-7.2895,-42.218,313.68,1.47,1.2,2026-09-11,1108,Terra,MODIS,52,6.1NRT,300.76,8.41,D
-7.12109,-42.11377,316.09,1.46,1.19,2026-09-11,1108,Terra,MODIS,52,6.1NRT,302.33,9.14,D
-6.37832,-39.24895,314.08,1.05,1.02,2026-09-11,1108,Terra,MODIS,63,6.1NRT,299.82,6.5,D
-5.10418,-38.09956,317.99,1.0,1.0,2026-09-11,1108,Terra,MODIS,66,6.1NRT,300.63,7.61,D
-4.76746,-42.6673,326.49,1.75,1.3,2026-09-11,1108,Terra,MODIS,80,6.1NRT,297.33,42.65,D
-14.0662,-45.61845,320.67,2.02,1.39,2026-09-11,1110,Terra,MODIS,74,6.1NRT,298.17,34.98,D
-13.65138,-43.63469,317.61,1.47,1.2,2026-09-11,1110,Terra,MODIS,71,6.1NRT,300.37,14.01,D
-13.46133,-42.62143,319.36,1.27,1.12,2026-09-11,1110,Terra,MODIS,74,6.1NRT,297.65,17.46,D
-13.45956,-42.63296,319.99,1.27,1.12,2026-09-11,1110,Terra,MODIS,75,6.1NRT,297.96,18.55,D
-13.44579,-43.83609,338.11,1.53,1.22,2026-09-11,1110,Terra,MODIS,89,6.1NRT,300.35,63.85,D
-13.44355,-43.85019,313.57,1.53,1.22,2026-09-11,1110,Terra,MODIS,55,6.1NRT,300.58,11.01,D
-12.38018,-43.43409,316.42,1.49,1.21,2026-09-11,1110,Terra,MODIS,70,6.1NRT,299.62,15.01,D
-10.78735,-45.94262,326.69,2.48,1.52,2026-09-11,1110,Terra,MODIS,81,6.1NRT,300.32,71.71,D
-10.78383,-45.96393,311.97,2.49,1.52,2026-09-11,1110,Terra,MODIS,41,6.1NRT,299.39,19.78,D
-10.74054,-46.14139,315.84,2.57,1.54,2026-09-11,1110,Terra,MODIS,67,6.1NRT,298.96,33.98,D
-10.64874,-46.1412,320.33,2.58,1.54,2026-09-11,1110,Terra,MODIS,74,6.1NRT,300.48,44.38,D
-10.63519,-46.13883,332.17,2.58,1.54,2026-09-11,1110,Terra,MODIS,85,6.1NRT,300.4,99.53,D
-20.24257,-40.23666,315.59,1.01,1.01,2026-09-11,1113,Terra,MODIS,44,6.1NRT,296.18,9.12,D
-20.24125,-40.24616,312.65,1.01,1.01,2026-09-11,1113,Terra,MODIS,49,6.1NRT,295.89,6.67,D
-19.4825,-42.54686,310.82,1.08,1.04,2026-09-11,1113,Terra,MODIS,58,6.1NRT,294.51,6.71,D
-17.96095,-40.21409,312.64,1.0,1.0,2026-09-11,1113,Terra,MODIS,68,6.1NRT,295.2,7.78,D
-17.95964,-40.22334,308.4,1.0,1.0,2026-09-11,1113,Terra,MODIS,59,6.1NRT,295.01,4.56,D
-17.88907,-41.28904,315.45,1.02,1.01,2026-09-11,1113,Terra,MODIS,72,6.1NRT,296.34,9.67,D
-17.77687,-43.76128,311.87,1.29,1.13,2026-09-11,1113,Terra,MODIS,66,6.1NRT,293.8,12.1,D
-17.76883,-43.74783,308.06,1.29,1.13,2026-09-11,1113,Terra,MODIS,56,6.1NRT,292.82,7.93,D
-17.76692,-43.75972,340.76,1.29,1.13,2026-09-11,1113,Terra,MODIS,91,6.1NRT,295.39,61.39,D
-15.73933,-45.94652,315.39,1.99,1.38,2026-09-11,1113,Terra,MODIS,40,6.1NRT,301.37,15.94,D
-15.44811,-41.38335,317.09,1.06,1.03,2026-09-11,1113,Terra,MODIS,75,6.1NRT,296.71,13.61,D
-15.44666,-41.39301,310.4,1.06,1.03,2026-09-11,1113,Terra,MODIS,66,6.1NRT,295.05,7.53,D
-15.02403,-41.25674,311.68,1.05,1.03,2026-09-11,1113,Terra,MODIS,70,6.1NRT,296.82,7.02,D
-14.85464,-48.1605,308.74,3.08,1.67,2026-09-11,1113,Terra,MODIS,48,6.1NRT,297.52,20.77,D
1.32292,-60.70794,317.2,1.0,1.0,2026-09-11,1244,Terra,MODIS,72,6.1NRT,297.56,10.4,D
2.86609,-60.78168,323.14,1.0,1.0,2026-09-11,1244,Terra,MODIS,77,6.1NRT,298.2,13.49,D
4.57989,-61.61784,321.99,1.05,1.02,2026-09-11,1244,Terra,MODIS,80,6.1NRT,287.86,17.8,D
-9.54498,-60.8363,311.79,1.17,1.08,2026-09-11,1246,Terra,MODIS,63,6.1NRT,297.49,7.6,D
-9.21926,-65.57104,316.59,1.15,1.07,2026-09-11,1246,Terra,MODIS,70,6.1NRT,298.17,8.99,D
-9.21773,-65.58125,327.5,1.16,1.07,2026-09-11,1246,Terra,MODIS,82,6.1NRT,298.58,23.02,D
-9.21684,-63.64139,312.76,1.0,1.0,2026-09-11,1246,Terra,MODIS,44,6.1NRT,297.67,5.51,D
-9.1437,-64.39673,312.11,1.04,1.02,2026-09-11,1246,Terra,MODIS,61,6.1NRT,296.57,5.93,D
-9.03993,-65.40752,343.7,1.14,1.06,2026-09-11,1246,Terra,MODIS,92,6.1NRT,299.55,49.77,D
-9.03842,-65.41759,324.37,1.14,1.06,2026-09-11,1246,Terra,MODIS,64,6.1NRT,299.27,15.31,D
-9.02066,-60.41512,313.31,1.22,1.1,2026-09-11,1246,Terra,MODIS,56,6.1NRT,295.68,9.16,D
-8.83815,-62.47955,318.54,1.01,1.01,2026-09-11,1246,Terra,MODIS,66,6.1NRT,297.78,9.78,D
-8.83689,-62.48853,321.05,1.01,1.01,2026-09-11,1246,Terra,MODIS,74,6.1NRT,297.78,11.57,D
-8.63801,-66.50286,316.35,1.33,1.14,2026-09-11,1246,Terra,MODIS,26,6.1NRT,295.32,12.61,D
-8.63624,-66.51463,324.26,1.33,1.14,2026-09-11,1246,Terra,MODIS,75,6.1NRT,296.87,23.69,D
-8.46473,-64.05266,310.61,1.03,1.01,2026-09-11,1246,Terra,MODIS,23,6.1NRT,296.0,4.53,D
-8.4558,-64.05138,312.13,1.03,1.01,2026-09-11,1246,Terra,MODIS,49,6.1NRT,296.82,5.67,D
-8.25541,-62.75194,313.7,1.0,1.0,2026-09-11,1246,Terra,MODIS,0,6.1NRT,299.34,6.58,D
-8.08051,-54.83762,307.77,3.13,1.68,2026-09-11,1246,Terra,MODIS,35,6.1NRT,282.98,24.35,D
-6.80688,-58.6518,312.25,1.49,1.21,2026-09-11,1246,Terra,MODIS,29,6.1NRT,295.14,10.28,D
-6.68849,-59.97561,310.23,1.22,1.1,2026-09-11,1246,Terra,MODIS,52,6.1NRT,292.16,7.05,D
-6.55774,-62.8888,308.14,1.0,1.0,2026-09-11,1246,Terra,MODIS,34,6.1NRT,287.57,5.07,D
-6.15168,-57.80893,324.29,1.68,1.28,2026-09-11,1246,Terra,MODIS,81,6.1NRT,293.44,34.54,D
-5.97284,-57.77357,324.21,1.68,1.28,2026-09-11,1246,Terra,MODIS,81,6.1NRT,294.09,37.28,D
-5.36497,-56.01923,313.41,2.27,1.46,2026-09-11,1246,Terra,MODIS,0,6.1NRT,296.76,23.95,D
-4.86984,-56.00663,320.21,2.23,1.45,2026-09-11,1246,Terra,MODIS,79,6.1NRT,294.12,42.24,D
-4.85698,-56.00578,311.17,2.23,1.45,2026-09-11,1246,Terra,MODIS,37,6.1NRT,293.97,15.65,D
-4.53931,-54.95734,312.2,2.69,1.57,2026-09-11,1246,Terra,MODIS,69,6.1NRT,293.16,32.29,D
-4.3664,-54.77668,322.44,2.76,1.59,2026-09-11,1246,Terra,MODIS,80,6.1NRT,292.39,67.67,D
-4.35243,-54.77472,320.76,2.76,1.59,2026-09-11,1246,Terra,MODIS,78,6.1NRT,291.92,60.08,D
-3.74155,-61.75134,315.62,1.0,1.0,2026-09-11,1246,Terra,MODIS,73,6.1NRT,290.81,9.97,D
-3.15961,-58.64634,313.54,1.33,1.14,2026-09-11,1246,Terra,MODIS,68,6.1NRT,295.05,10.36,D
-3.13872,-60.66326,306.74,1.05,1.02,2026-09-11,1246,Terra,MODIS,51,6.1NRT,272.12,6.49,D
-20.85258,-58.08617,314.79,2.63,1.56,2026-09-11,1249,Terra,MODIS,62,6.1NRT,296.93,26.76,D
-19.99592,-55.12076,306.31,4.31,1.92,2026-09-11,1249,Terra,MODIS,29,6.1NRT,287.73,20.81,D
-19.8921,-58.05808,317.27,2.56,1.54,2026-09-11,1249,Terra,MODIS,40,6.1NRT,275.62,48.86,D
-19.84871,-58.07761,311.08,2.55,1.54,2026-09-11,1249,Terra,MODIS,39,6.1NRT,278.55,35.54,D
-19.55459,-64.50473,317.77,1.02,1.01,2026-09-11,1249,Terra,MODIS,76,6.1NRT,295.8,13.74,D
-19.13748,-64.32996,316.23,1.03,1.01,2026-09-11,1249,Terra,MODIS,75,6.1NRT,298.93,12.03,D
-19.13615,-64.33974,308.25,1.03,1.01,2026-09-11,1249,Terra,MODIS,59,6.1NRT,296.32,5.53,D
-17.74428,-60.91338,321.81,1.47,1.2,2026-09-11,1249,Terra,MODIS,60,6.1NRT,298.27,21.86,D
-17.4906,-59.55544,321.87,1.82,1.32,2026-09-11,1249,Terra,MODIS,65,6.1NRT,300.65,26.77,D
-17.21602,-60.91755,314.38,1.44,1.19,2026-09-11,1249,Terra,MODIS,61,6.1NRT,295.5,12.51,D
-17.15004,-63.17566,312.24,1.08,1.04,2026-09-11,1249,Terra,MODIS,60,6.1NRT,297.81,4.78,D
-17.03042,-63.17264,311.86,1.08,1.04,2026-09-11,1249,Terra,MODIS,60,6.1NRT,297.16,6.3,D
-16.75099,-60.21469,321.04,1.59,1.24,2026-09-11,1249,Terra,MODIS,54,6.1NRT,299.41,21.11,D
-16.72726,-60.22676,322.68,1.59,1.24,2026-09-11,1249,Terra,MODIS,67,6.1NRT,299.54,23.24,D
-16.15272,-63.73753,314.38,1.03,1.01,2026-09-11,1249,Terra,MODIS,57,6.1NRT,297.69,7.62,D
-16.14377,-63.73624,326.72,1.03,1.01,2026-09-11,1249,Terra,MODIS,83,6.1NRT,297.91,20.31,D
-16.14247,-63.74562,320.76,1.03,1.01,2026-09-11,1249,Terra,MODIS,78,6.1NRT,297.14,13.64,D
-16.04337,-70.20312,303.07,1.85,1.33,2026-09-11,1249,Terra,MODIS,41,6.1NRT,287.51,8.49,D
-16.02137,-61.83326,316.63,1.22,1.1,2026-09-11,1249,Terra,MODIS,30,6.1NRT,298.41,9.04,D
-16.01994,-61.84436,372.95,1.22,1.1,2026-09-11,1249,Terra,MODIS,100,6.1NRT,300.34,159.45,D
-16.0185,-61.85544,327.82,1.22,1.1,2026-09-11,1249,Terra,MODIS,82,6.1NRT,297.78,24.63,D
-16.01022,-61.84304,362.93,1.22,1.1,2026-09-11,1249,Terra,MODIS,100,6.1NRT,301.97,116.62,D
-16.00879,-61.85413,319.84,1.22,1.1,2026-09-11,1249,Terra,MODIS,73,6.1NRT,298.03,13.3,D
-15.9171,-60.96503,313.28,1.38,1.16,2026-09-11,1249,Terra,MODIS,58,6.1NRT,297.79,8.45,D
-15.89401,-61.39547,312.98,1.29,1.13,2026-09-11,1249,Terra,MODIS,59,6.1NRT,298.66,7.53,D
-15.88558,-60.9036,317.73,1.39,1.17,2026-09-11,1249,Terra,MODIS,69,6.1NRT,299.42,13.29,D
-15.843,-60.6826,321.07,1.43,1.18,2026-09-11,1249,Terra,MODIS,74,6.1NRT,300.5,17.04,D
-15.22977,-61.48746,362.37,1.25,1.11,2026-09-11,1249,Terra,MODIS,100,6.1NRT,299.06,120.67,D
-15.22831,-61.49887,336.29,1.25,1.11,2026-09-11,1249,Terra,MODIS,88,6.1NRT,298.52,43.84,D
-15.14054,-62.52805,312.6,1.11,1.05,2026-09-11,1249,Terra,MODIS,64,6.1NRT,297.98,8.06,D
-14.61123,-65.9279,309.85,1.06,1.03,2026-09-11,1249,Terra,MODIS,55,6.1NRT,297.18,5.06,D
-13.54318,-65.16314,324.97,1.03,1.01,2026-09-11,1249,Terra,MODIS,65,6.1NRT,299.56,17.49,D
-13.54183,-65.1724,323.01,1.03,1.01,2026-09-11,1249,Terra,MODIS,77,6.1NRT,298.57,15.16,D
-13.51364,-65.17764,321.63,1.03,1.01,2026-09-11,1249,Terra,MODIS,75,6.1NRT,299.04,13.2,D
-13.32362,-61.67931,323.12,1.16,1.07,2026-09-11,1249,Terra,MODIS,31,6.1NRT,298.44,14.2,D
-13.29444,-61.82362,333.34,1.14,1.07,2026-09-11,1249,Terra,MODIS,86,6.1NRT,298.57,32.42,D
-13.25871,-61.58468,326.42,1.18,1.08,2026-09-11,1249,Terra,MODIS,80,6.1NRT,297.13,22.96,D
-13.25732,-61.59527,358.43,1.17,1.08,2026-09-11,1249,Terra,MODIS,99,6.1NRT,299.13,95.51,D
-13.24779,-61.59399,314.73,1.17,1.08,2026-09-11,1249,Terra,MODIS,43,6.1NRT,297.33,7.98,D
-13.22581,-61.83528,312.87,1.14,1.06,2026-09-11,1249,Terra,MODIS,22,6.1NRT,297.35,6.3,D
-13.21945,-61.62663,320.91,1.17,1.08,2026-09-11,1249,Terra,MODIS,47,6.1NRT,297.73,13.38,D
-13.21804,-61.63714,327.4,1.17,1.08,2026-09-11,1249,Terra,MODIS,80,6.1NRT,298.99,21.77,D
-13.2164,-61.834,326.98,1.14,1.06,2026-09-11,1249,Terra,MODIS,81,6.1NRT,298.61,22.47,D
-12.94941,-57.24485,310.07,2.37,1.49,2026-09-11,1249,Terra,MODIS,50,6.1NRT,296.62,21.19,D
-12.93074,-66.18117,312.34,1.13,1.06,2026-09-11,1249,Terra,MODIS,51,6.1NRT,298.68,6.34,D
-12.92921,-66.1913,316.34,1.13,1.06,2026-09-11,1249,Terra,MODIS,68,6.1NRT,297.39,10.12,D
-12.8992,-64.64249,315.74,1.01,1.0,2026-09-11,1249,Terra,MODIS,67,6.1NRT,299.98,6.7,D
-12.16248,-64.1343,318.73,1.0,1.0,2026-09-11,1249,Terra,MODIS,72,6.1NRT,300.79,9.45,D
-11.81309,-60.45449,311.92,1.31,1.14,2026-09-11,1249,Terra,MODIS,62,6.1NRT,294.28,11.31,D
-9.75491,-64.94684,312.24,1.07,1.03,2026-09-11,1249,Terra,MODIS,58,6.1NRT,298.37,5.88,D
-9.42441,-65.85369,312.67,1.19,1.08,2026-09-11,1249,Terra,MODIS,63,6.1NRT,295.63,8.84,D
-9.42281,-65.86417,310.93,1.19,1.08,2026-09-11,1249,Terra,MODIS,49,6.1NRT,295.75,6.93,D
-27.97202,-65.21078,313.02,1.11,1.05,2026-09-11,1251,Terra,MODIS,73,6.1NRT,290.2,13.24,D
-26.74254,-62.81283,303.47,1.44,1.19,2026-09-11,1251,Terra,MODIS,40,6.1NRT,287.8,8.28,D
-26.66092,-61.1001,322.33,1.88,1.34,2026-09-11,1251,Terra,MODIS,82,6.1NRT,290.28,44.17,D
-26.65913,-61.11865,345.68,1.87,1.34,2026-09-11,1251,Terra,MODIS,94,6.1NRT,291.71,127.8,D
-26.65328,-61.1113,347.86,1.87,1.34,2026-09-11,1251,Terra,MODIS,94,6.1NRT,291.62,136.71,D
-26.02603,-65.837,308.98,1.03,1.01,2026-09-11,1251,Terra,MODIS,68,6.1NRT,291.38,7.43,D
-26.02469,-65.84703,304.61,1.03,1.01,2026-09-11,1251,Terra,MODIS,54,6.1NRT,290.99,4.52,D
-25.85667,-64.10036,305.22,1.19,1.09,2026-09-11,1251,Terra,MODIS,0,6.1NRT,286.33,6.33,D
-25.31223,-67.49638,304.76,1.01,1.01,2026-09-11,1251,Terra,MODIS,40,6.1NRT,289.05,5.25,D
-24.83715,-65.16723,327.24,1.06,1.03,2026-09-11,1251,Terra,MODIS,85,6.1NRT,291.98,26.84,D
-24.83581,-65.17747,327.08,1.06,1.03,2026-09-11,1251,Terra,MODIS,85,6.1NRT,292.9,26.44,D
-24.40449,-63.74438,308.55,1.2,1.09,2026-09-11,1251,Terra,MODIS,65,6.1NRT,294.64,6.89,D
-23.93532,-60.28661,330.23,1.98,1.37,2026-09-11,1251,Terra,MODIS,85,6.1NRT,295.8,69.09,D
-23.93123,-60.28048,320.22,1.98,1.37,2026-09-11,1251,Terra,MODIS,77,6.1NRT,295.69,38.67,D
-23.84216,-60.05424,313.48,2.05,1.39,2026-09-11,1251,Terra,MODIS,39,6.1NRT,295.94,21.17,D
-23.84027,-60.07399,346.36,2.04,1.39,2026-09-11,1251,Terra,MODIS,94,6.1NRT,296.89,142.24,D
-23.8378,-60.06711,346.81,2.04,1.39,2026-09-11,1251,Terra,MODIS,94,6.1NRT,297.25,146.97,D
-23.83578,-60.08677,321.27,2.04,1.39,2026-09-11,1251,Terra,MODIS,78,6.1NRT,295.75,40.99,D
-23.81638,-63.39079,302.21,1.23,1.1,2026-09-11,1251,Terra,MODIS,19,6.1NRT,290.2,2.7,D
-23.43973,-64.34008,309.88,1.1,1.05,2026-09-11,1251,Terra,MODIS,57,6.1NRT,289.9,6.43,D
-23.33999,-58.22351,309.65,2.76,1.59,2026-09-11,1251,Terra,MODIS,43,6.1NRT,294.49,19.92,D
-23.27085,-61.52594,309.46,1.58,1.24,2026-09-11,1251,Terra,MODIS,48,6.1NRT,295.61,9.22,D
-23.24407,-60.29039,329.81,1.93,1.36,2026-09-11,1251,Terra,MODIS,84,6.1NRT,299.55,55.67,D
-23.24215,-60.3089,334.81,1.93,1.36,2026-09-11,1251,Terra,MODIS,87,6.1NRT,300.01,73.3,D
-23.156,-57.06569,315.8,3.35,1.73,2026-09-11,1251,Terra,MODIS,67,6.1NRT,296.02,49.4,D
-23.15295,-57.07086,314.15,3.35,1.73,2026-09-11,1251,Terra,MODIS,63,6.1NRT,296.01,44.2,D
-22.63518,-60.5448,331.33,1.82,1.32,2026-09-11,1251,Terra,MODIS,84,6.1NRT,300.22,57.14,D
-22.63337,-60.56214,316.57,1.81,1.32,2026-09-11,1251,Terra,MODIS,68,6.1NRT,299.75,18.76,D
-22.5486,-61.97641,316.03,1.44,1.19,2026-09-11,1251,Terra,MODIS,70,6.1NRT,299.08,15.01,D
-22.54706,-61.99017,312.98,1.44,1.19,2026-09-11,1251,Terra,MODIS,64,6.1NRT,298.95,10.36,D
-22.54483,-60.65008,317.08,1.78,1.31,2026-09-11,1251,Terra,MODIS,69,6.1NRT,300.85,18.83,D
-22.54303,-60.66706,319.06,1.78,1.31,2026-09-11,1251,Terra,MODIS,72,6.1NRT,301.03,23.68,D
-22.54201,-61.98298,328.53,1.44,1.19,2026-09-11,1251,Terra,MODIS,83,6.1NRT,299.21,35.84,D
-22.52903,-60.60697,314.63,1.79,1.31,2026-09-11,1251,Terra,MODIS,62,6.1NRT,300.98,13.37,D
-22.34364,-57.75533,312.48,2.91,1.63,2026-09-11,1251,Terra,MODIS,58,6.1NRT,296.88,24.87,D
-22.34117,-57.74949,314.34,2.91,1.63,2026-09-11,1251,Terra,MODIS,63,6.1NRT,296.87,30.59,D
-22.32298,-59.13842,317.63,2.29,1.46,2026-09-11,1251,Terra,MODIS,70,6.1NRT,298.43,29.13,D
-22.32136,-68.88396,305.86,1.19,1.09,2026-09-11,1251,Terra,MODIS,62,6.1NRT,289.58,7.17,D
-22.32104,-59.14508,313.37,2.29,1.46,2026-09-11,1251,Terra,MODIS,61,6.1NRT,298.37,18.93,D
-22.27186,-55.83488,310.36,4.05,1.87,2026-09-11,1251,Terra,MODIS,51,6.1NRT,287.71,46.5,D
-22.18337,-58.31088,317.6,2.63,1.56,2026-09-11,1251,Terra,MODIS,69,6.1NRT,296.75,37.26,D
-22.16954,-58.30946,315.55,2.63,1.56,2026-09-11,1251,Terra,MODIS,66,6.1NRT,296.85,29.39,D
-21.73305,-61.1975,316.54,1.59,1.24,2026-09-11,1251,Terra,MODIS,68,6.1NRT,300.63,15.96,D
-21.73139,-61.21254,315.48,1.58,1.24,2026-09-11,1251,Terra,MODIS,66,6.1NRT,300.81,14.82,D
-21.73006,-61.20596,317.96,1.58,1.24,2026-09-11,1251,Terra,MODIS,70,6.1NRT,300.96,17.22,D
-21.38078,-61.65474,320.5,1.46,1.19,2026-09-11,1251,Terra,MODIS,74,6.1NRT,301.51,20.5,D
-21.37018,-61.65336,349.59,1.46,1.19,2026-09-11,1251,Terra,MODIS,95,6.1NRT,303.38,94.81,D
-21.36343,-62.03995,316.01,1.38,1.16,2026-09-11,1251,Terra,MODIS,17,6.1NRT,300.24,12.55,D
-21.35635,-62.03319,316.26,1.38,1.16,2026-09-11,1251,Terra,MODIS,65,6.1NRT,299.93,13.97,D
-21.35475,-62.04622,317.25,1.38,1.16,2026-09-11,1251,Terra,MODIS,70,6.1NRT,300.06,15.31,D
-20.76279,-64.55711,305.2,1.04,1.02,2026-09-11,1251,Terra,MODIS,55,6.1NRT,294.29,5.42,D
-32.76669,-68.55009,305.65,1.0,1.0,2026-09-11,1253,Terra,MODIS,58,6.1NRT,287.49,5.97,D
-31.96571,-68.60619,303.02,1.0,1.0,2026-09-11,1253,Terra,MODIS,55,6.1NRT,290.36,3.76,D
-11.31411,-37.91915,309.71,2.45,1.51,2026-09-11,1752,Aqua,MODIS,43,6.1NRT,294.95,12.49,D
-11.31132,-37.89773,315.58,2.44,1.51,2026-09-11,1752,Aqua,MODIS,66,6.1NRT,296.5,29.59,D
-11.31121,-37.91269,310.33,2.45,1.51,2026-09-11,1752,Aqua,MODIS,51,6.1NRT,295.2,14.39,D
-10.46078,-39.42735,347.94,3.14,1.68,2026-09-11,1752,Aqua,MODIS,89,6.1NRT,298.78,272.81,D
-10.45737,-39.4002,318.58,3.13,1.68,2026-09-11,1752,Aqua,MODIS,65,6.1NRT,296.49,51.89,D
-8.97594,-38.53378,315.73,2.52,1.53,2026-09-11,1752,Aqua,MODIS,0,6.1NRT,299.69,13.69,D
-8.04561,-40.49045,319.58,3.51,1.76,2026-09-11,1752,Aqua,MODIS,60,6.1NRT,300.84,54.5,D
-7.46279,-42.14899,317.52,4.68,1.98,2026-09-11,1752,Aqua,MODIS,57,6.1NRT,302.15,48.81,D
-7.45516,-42.11704,318.08,4.64,1.97,2026-09-11,1752,Aqua,MODIS,58,6.1NRT,302.84,51.73,D
-7.24759,-39.39821,325.91,2.78,1.59,2026-09-11,1752,Aqua,MODIS,75,6.1NRT,303.52,65.77,D
-6.89572,-39.39606,322.07,2.74,1.58,2026-09-11,1752,Aqua,MODIS,67,6.1NRT,303.79,50.08,D
-6.86525,-40.85302,322.46,3.6,1.78,2026-09-11,1752,Aqua,MODIS,68,6.1NRT,304.58,58.35,D
-6.86456,-40.88058,320.31,3.62,1.78,2026-09-11,1752,Aqua,MODIS,62,6.1NRT,304.78,46.42,D
-6.86055,-40.84952,320.97,3.6,1.78,2026-09-11,1752,Aqua,MODIS,64,6.1NRT,304.6,48.63,D
-6.81985,-38.45566,322.84,2.29,1.46,2026-09-11,1752,Aqua,MODIS,56,6.1NRT,305.37,27.06,D
-6.81984,-38.44865,319.61,2.29,1.46,2026-09-11,1752,Aqua,MODIS,42,6.1NRT,305.72,18.16,D
-6.55263,-35.52095,312.52,1.35,1.15,2026-09-11,1752,Aqua,MODIS,36,6.1NRT,291.78,10.49,D
-6.55096,-35.50923,315.83,1.35,1.15,2026-09-11,1752,Aqua,MODIS,62,6.1NRT,293.2,14.75,D
-6.37876,-39.26033,318.57,2.62,1.55,2026-09-11,1752,Aqua,MODIS,60,6.1NRT,304.28,22.97,D
-6.30257,-41.7137,322.47,4.14,1.88,2026-09-11,1752,Aqua,MODIS,68,6.1NRT,302.65,73.96,D
-6.29578,-41.72186,320.46,4.14,1.88,2026-09-11,1752,Aqua,MODIS,63,6.1NRT,302.9,63.93,D
-6.13901,-42.57741,333.28,4.82,2.0,2026-09-11,1752,Aqua,MODIS,83,6.1NRT,304.35,221.43,D
-6.13838,-42.5817,332.33,4.82,2.0,2026-09-11,1752,Aqua,MODIS,81,6.1NRT,304.35,214.28,D
-5.75199,-38.10609,321.29,2.06,1.4,2026-09-11,1752,Aqua,MODIS,66,6.1NRT,304.14,19.6,D
-5.6366,-38.06135,323.17,2.03,1.39,2026-09-11,1752,Aqua,MODIS,71,6.1NRT,305.07,23.09,D
-5.13499,-41.10751,319.16,3.53,1.77,2026-09-11,1752,Aqua,MODIS,62,6.1NRT,304.5,37.73,D
-5.13169,-41.10053,323.03,3.53,1.77,2026-09-11,1752,Aqua,MODIS,70,6.1NRT,304.56,57.6,D
-5.1307,-41.07663,321.11,3.51,1.76,2026-09-11,1752,Aqua,MODIS,67,6.1NRT,304.13,52.6,D
-3.32916,-42.29313,316.01,4.11,1.88,2026-09-11,1754,Aqua,MODIS,58,6.1NRT,297.05,49.01,D
-30.53225,-57.72342,301.17,2.01,1.38,2026-09-11,1923,Aqua,MODIS,13,6.1NRT,288.38,8.06,D
-30.44296,-59.4646,313.92,2.65,1.56,2026-09-11,1923,Aqua,MODIS,56,6.1NRT,289.08,49.59,D
-29.71473,-61.30542,306.56,3.51,1.76,2026-09-11,1923,Aqua,MODIS,60,6.1NRT,292.14,35.95,D
-29.5558,-60.95136,315.68,3.3,1.72,2026-09-11,1923,Aqua,MODIS,76,6.1NRT,291.78,73.42,D
-29.55499,-60.92511,340.73,3.28,1.71,2026-09-11,1923,Aqua,MODIS,87,6.1NRT,292.76,242.3,D
-29.55327,-60.91811,345.47,3.28,1.71,2026-09-11,1923,Aqua,MODIS,89,6.1NRT,292.11,295.3,D
-28.83031,-57.28819,302.15,1.78,1.31,2026-09-11,1923,Aqua,MODIS,51,6.1NRT,291.86,8.9,D
-28.79892,-57.55061,306.16,1.85,1.33,2026-09-11,1923,Aqua,MODIS,63,6.1NRT,292.24,13.63,D
-28.797,-57.53202,306.51,1.85,1.33,2026-09-11,1923,Aqua,MODIS,64,6.1NRT,292.4,14.05,D
-28.41645,-58.01743,304.17,1.97,1.37,2026-09-11,1925,Aqua,MODIS,58,6.1NRT,293.25,11.55,D
-27.70448,-57.94255,304.97,1.9,1.35,2026-09-11,1925,Aqua,MODIS,59,6.1NRT,293.26,11.82,D
-27.70218,-59.34059,302.87,2.4,1.49,2026-09-11,1925,Aqua,MODIS,50,6.1NRT,292.56,12.48,D
-27.58302,-59.29497,308.08,2.37,1.49,2026-09-11,1925,Aqua,MODIS,65,6.1NRT,293.95,22.59,D
-27.5807,-59.27159,319.23,2.36,1.48,2026-09-11,1925,Aqua,MODIS,78,6.1NRT,294.05,53.53,D
-27.58053,-59.28828,316.95,2.37,1.49,2026-09-11,1925,Aqua,MODIS,76,6.1NRT,294.02,46.78,D
-27.57837,-59.26487,309.49,2.36,1.48,2026-09-11,1925,Aqua,MODIS,67,6.1NRT,293.56,25.81,D
-27.38906,-59.32287,319.32,2.37,1.49,2026-09-11,1925,Aqua,MODIS,68,6.1NRT,292.65,52.02,D
-27.37838,-59.33094,304.83,2.37,1.49,2026-09-11,1925,Aqua,MODIS,27,6.1NRT,293.77,13.84,D
-26.73577,-61.55028,309.66,3.37,1.73,2026-09-11,1925,Aqua,MODIS,65,6.1NRT,295.37,36.23,D
-26.67117,-61.13815,310.34,3.14,1.68,2026-09-11,1925,Aqua,MODIS,46,6.1NRT,296.18,31.2,D
-26.67104,-61.14566,307.86,3.14,1.68,2026-09-11,1925,Aqua,MODIS,31,6.1NRT,295.97,22.15,D
-26.6686,-61.1074,308.62,3.13,1.68,2026-09-11,1925,Aqua,MODIS,21,6.1NRT,296.12,24.84,D
-26.66828,-61.11491,315.18,3.13,1.68,2026-09-11,1925,Aqua,MODIS,73,6.1NRT,296.36,50.74,D
-26.65629,-61.13969,314.08,3.14,1.68,2026-09-11,1925,Aqua,MODIS,72,6.1NRT,295.83,47.12,D
-26.65376,-61.10893,309.76,3.13,1.68,2026-09-11,1925,Aqua,MODIS,61,6.1NRT,295.15,29.72,D
-26.65343,-61.11642,313.13,3.13,1.68,2026-09-11,1925,Aqua,MODIS,69,6.1NRT,295.4,42.07,D
-26.34272,-62.47612,306.48,3.9,1.84,2026-09-11,1925,Aqua,MODIS,58,6.1NRT,293.18,32.62,D
-26.33578,-62.48126,305.5,3.9,1.84,2026-09-11,1925,Aqua,MODIS,55,6.1NRT,292.99,27.57,D
-26.2541,-60.40246,305.99,2.74,1.58,2026-09-11,1925,Aqua,MODIS,57,6.1NRT,294.43,16.44,D
-26.24551,-60.39619,307.84,2.74,1.58,2026-09-11,1925,Aqua,MODIS,62,6.1NRT,294.6,22.0,D
-26.07396,-57.11668,308.37,1.58,1.24,2026-09-11,1925,Aqua,MODIS,65,6.1NRT,293.24,12.12,D
-26.07185,-57.12385,307.36,1.58,1.24,2026-09-11,1925,Aqua,MODIS,63,6.1NRT,293.32,11.57,D
-25.99821,-61.88027,319.24,3.49,1.76,2026-09-11,1925,Aqua,MODIS,78,6.1NRT,295.4,82.32,D
-25.99704,-61.90761,308.8,3.51,1.76,2026-09-11,1925,Aqua,MODIS,25,6.1NRT,294.27,25.0,D
-25.99529,-61.84639,341.15,3.47,1.75,2026-09-11,1925,Aqua,MODIS,92,6.1NRT,297.14,255.01,D
-25.99434,-61.87352,332.04,3.49,1.76,2026-09-11,1925,Aqua,MODIS,87,6.1NRT,295.93,166.24,D
-25.99164,-61.83963,341.95,3.47,1.75,2026-09-11,1925,Aqua,MODIS,92,6.1NRT,297.17,257.91,D
-25.98266,-61.88178,328.62,3.49,1.76,2026-09-11,1925,Aqua,MODIS,85,6.1NRT,294.63,141.15,D
-25.97977,-61.84791,331.94,3.47,1.75,2026-09-11,1925,Aqua,MODIS,87,6.1NRT,294.73,166.87,D
-25.97879,-61.87506,329.94,3.49,1.76,2026-09-11,1925,Aqua,MODIS,86,6.1NRT,294.07,153.09,D
-25.97613,-61.84117,313.43,3.47,1.75,2026-09-11,1925,Aqua,MODIS,65,6.1NRT,293.51,50.06,D
-25.73647,-57.7866,308.62,1.74,1.29,2026-09-11,1925,Aqua,MODIS,56,6.1NRT,293.11,15.45,D
-25.64984,-59.17733,303.09,2.19,1.43,2026-09-11,1925,Aqua,MODIS,34,6.1NRT,290.19,11.02,D
-25.59538,-61.22892,316.47,3.09,1.67,2026-09-11,1925,Aqua,MODIS,75,6.1NRT,293.93,62.37,D
-25.59454,-61.23616,314.33,3.09,1.67,2026-09-11,1925,Aqua,MODIS,72,6.1NRT,294.08,52.89,D
-25.49945,-58.11649,304.92,1.82,1.32,2026-09-11,1925,Aqua,MODIS,54,6.1NRT,293.4,9.72,D
-25.44799,-56.67838,305.41,1.45,1.19,2026-09-11,1925,Aqua,MODIS,57,6.1NRT,293.4,7.68,D
-25.14117,-57.08449,305.16,1.53,1.22,2026-09-11,1925,Aqua,MODIS,53,6.1NRT,293.8,7.52,D
-25.03089,-57.49274,309.76,1.62,1.25,2026-09-11,1925,Aqua,MODIS,65,6.1NRT,293.61,14.51,D
-25.02789,-57.48408,310.39,1.62,1.25,2026-09-11,1925,Aqua,MODIS,66,6.1NRT,293.64,14.58,D
-25.02623,-60.61483,308.65,2.74,1.58,2026-09-11,1925,Aqua,MODIS,62,6.1NRT,294.43,23.82,D
-24.92859,-57.11167,305.82,1.53,1.22,2026-09-11,1925,Aqua,MODIS,45,6.1NRT,294.46,6.23,D
-24.91393,-55.97537,319.65,1.29,1.13,2026-09-11,1925,Aqua,MODIS,78,6.1NRT,293.01,21.89,D
-24.79567,-57.03181,307.22,1.5,1.21,2026-09-11,1925,Aqua,MODIS,59,6.1NRT,294.51,9.05,D
-24.794,-57.01733,312.71,1.5,1.21,2026-09-11,1925,Aqua,MODIS,70,6.1NRT,294.54,16.07,D
-24.78951,-57.02458,315.1,1.5,1.21,2026-09-11,1925,Aqua,MODIS,73,6.1NRT,294.44,18.58,D
-24.55645,-60.59257,311.61,2.69,1.57,2026-09-11,1928,Aqua,MODIS,67,6.1NRT,294.82,31.64,D
-24.554,-60.56675,322.98,2.68,1.57,2026-09-11,1928,Aqua,MODIS,80,6.1NRT,295.01,73.81,D
-24.5485,-60.57224,313.89,2.68,1.57,2026-09-11,1928,Aqua,MODIS,31,6.1NRT,294.4,33.56,D
-24.40695,-59.71941,312.08,2.3,1.47,2026-09-11,1928,Aqua,MODIS,68,6.1NRT,294.24,27.68,D
-24.40467,-59.69732,316.24,2.29,1.47,2026-09-11,1928,Aqua,MODIS,73,6.1NRT,294.89,38.91,D
-24.3818,-56.53738,314.39,1.38,1.16,2026-09-11,1928,Aqua,MODIS,72,6.1NRT,294.58,15.14,D
-24.38019,-56.52401,311.52,1.37,1.16,2026-09-11,1928,Aqua,MODIS,68,6.1NRT,295.37,11.52,D
-24.34658,-56.5762,306.82,1.38,1.16,2026-09-11,1928,Aqua,MODIS,57,6.1NRT,294.41,5.61,D
-24.28037,-58.22036,306.74,1.78,1.31,2026-09-11,1928,Aqua,MODIS,54,6.1NRT,294.22,11.78,D
-24.27961,-56.6868,311.79,1.4,1.17,2026-09-11,1928,Aqua,MODIS,68,6.1NRT,293.88,12.47,D
-24.26309,-56.89827,310.78,1.45,1.19,2026-09-11,1928,Aqua,MODIS,66,6.1NRT,294.62,11.86,D
-24.23612,-56.76213,318.01,1.42,1.18,2026-09-11,1928,Aqua,MODIS,76,6.1NRT,293.98,19.35,D
-24.20336,-56.81533,314.4,1.42,1.18,2026-09-11,1928,Aqua,MODIS,71,6.1NRT,293.6,16.33,D
-24.17715,-58.22377,308.64,1.78,1.31,2026-09-11,1928,Aqua,MODIS,60,6.1NRT,294.19,14.83,D
-24.11732,-57.03095,318.78,1.47,1.2,2026-09-11,1928,Aqua,MODIS,76,6.1NRT,293.98,23.83,D
-24.11561,-57.01687,309.59,1.46,1.2,2026-09-11,1928,Aqua,MODIS,63,6.1NRT,293.78,10.57,D
-24.09902,-56.79414,306.06,1.42,1.18,2026-09-11,1928,Aqua,MODIS,52,6.1NRT,294.32,6.04,D
-23.99861,-58.84489,316.95,1.96,1.37,2026-09-11,1928,Aqua,MODIS,74,6.1NRT,294.16,33.97,D
-23.99301,-58.85963,308.46,1.96,1.37,2026-09-11,1928,Aqua,MODIS,59,6.1NRT,294.0,16.62,D
-23.99102,-58.84082,311.64,1.96,1.37,2026-09-11,1928,Aqua,MODIS,66,6.1NRT,294.17,22.51,D
-23.8647,-56.63559,309.03,1.37,1.16,2026-09-11,1928,Aqua,MODIS,60,6.1NRT,293.85,7.91,D
-23.8631,-56.62255,310.83,1.37,1.16,2026-09-11,1928,Aqua,MODIS,65,6.1NRT,293.66,10.31,D
-23.84737,-60.08053,326.9,2.41,1.5,2026-09-11,1928,Aqua,MODIS,83,6.1NRT,294.17,79.03,D
-23.84674,-60.09712,311.06,2.42,1.5,2026-09-11,1928,Aqua,MODIS,65,6.1NRT,293.31,25.09,D
-23.84447,-60.07402,327.9,2.41,1.5,2026-09-11,1928,Aqua,MODIS,84,6.1NRT,294.78,83.49,D
-23.83415,-60.08207,307.81,2.41,1.5,2026-09-11,1928,Aqua,MODIS,57,6.1NRT,293.56,17.33,D
-23.80549,-57.39201,313.59,1.54,1.22,2026-09-11,1928,Aqua,MODIS,69,6.1NRT,291.95,16.94,D
-23.7236,-58.4527,312.11,1.82,1.32,2026-09-11,1928,Aqua,MODIS,66,6.1NRT,295.09,18.81,D
-23.71195,-58.45426,308.61,1.82,1.32,2026-09-11,1928,Aqua,MODIS,55,6.1NRT,294.46,12.55,D
-23.58197,-57.42036,309.55,1.53,1.22,2026-09-11,1928,Aqua,MODIS,62,6.1NRT,294.53,10.46,D
-23.4752,-57.5774,315.74,1.57,1.23,2026-09-11,1928,Aqua,MODIS,72,6.1NRT,294.87,19.02,D
-23.47349,-57.56248,309.01,1.56,1.23,2026-09-11,1928,Aqua,MODIS,28,6.1NRT,294.61,8.95,D
-23.47332,-57.58302,307.73,1.57,1.23,2026-09-11,1928,Aqua,MODIS,56,6.1NRT,294.64,9.06,D
-23.47151,-57.56813,317.67,1.56,1.23,2026-09-11,1928,Aqua,MODIS,74,6.1NRT,294.84,23.78,D
-23.43335,-57.61901,307.38,1.57,1.24,2026-09-11,1928,Aqua,MODIS,54,6.1NRT,294.36,9.12,D
-23.41487,-56.62564,310.79,1.35,1.15,2026-09-11,1928,Aqua,MODIS,57,6.1NRT,292.13,9.92,D
-23.41326,-56.61269,315.22,1.35,1.15,2026-09-11,1928,Aqua,MODIS,70,6.1NRT,292.4,14.7,D
-23.34499,-58.2345,325.15,1.73,1.29,2026-09-11,1928,Aqua,MODIS,81,6.1NRT,294.94,44.68,D
-23.34307,-58.21799,321.78,1.73,1.29,2026-09-11,1928,Aqua,MODIS,78,6.1NRT,294.94,36.46,D
-23.28708,-57.07631,308.12,1.44,1.19,2026-09-11,1928,Aqua,MODIS,57,6.1NRT,294.63,6.23,D
-23.24922,-60.30933,327.88,2.46,1.51,2026-09-11,1928,Aqua,MODIS,83,6.1NRT,296.07,80.57,D
-23.24694,-60.32853,309.12,2.47,1.51,2026-09-11,1928,Aqua,MODIS,56,6.1NRT,295.16,16.62,D
-23.24461,-60.30508,325.83,2.46,1.51,2026-09-11,1928,Aqua,MODIS,81,6.1NRT,296.03,72.65,D
-23.16695,-59.08236,310.83,1.98,1.37,2026-09-11,1928,Aqua,MODIS,61,6.1NRT,294.86,17.94,D
-23.16485,-59.06351,311.22,1.98,1.37,2026-09-11,1928,Aqua,MODIS,62,6.1NRT,294.5,18.78,D
-23.14143,-57.66293,312.95,1.57,1.23,2026-09-11,1928,Aqua,MODIS,58,6.1NRT,297.12,13.06,D
-23.10333,-57.6432,309.63,1.56,1.23,2026-09-11,1928,Aqua,MODIS,0,6.1NRT,293.53,8.99,D
-23.08181,-57.55608,317.15,1.54,1.22,2026-09-11,1928,Aqua,MODIS,73,6.1NRT,297.18,18.59,D
-23.05563,-57.34003,310.73,1.49,1.2,2026-09-11,1928,Aqua,MODIS,51,6.1NRT,293.82,9.54,D
-22.48843,-57.77103,323.26,1.56,1.23,2026-09-11,1928,Aqua,MODIS,78,6.1NRT,300.32,23.32,D
-22.45565,-57.86661,328.18,1.58,1.24,2026-09-11,1928,Aqua,MODIS,77,6.1NRT,299.91,33.08,D
-22.45387,-57.85165,338.78,1.58,1.24,2026-09-11,1928,Aqua,MODIS,0,6.1NRT,299.35,61.89,D
-22.44472,-57.86813,320.3,1.58,1.24,2026-09-11,1928,Aqua,MODIS,70,6.1NRT,300.77,18.54,D
-22.44296,-57.85315,316.13,1.58,1.24,2026-09-11,1928,Aqua,MODIS,0,6.1NRT,299.19,10.84,D
-22.16129,-57.7888,314.56,1.55,1.23,2026-09-11,1928,Aqua,MODIS,54,6.1NRT,297.77,7.67,D
-22.15955,-57.77415,322.31,1.55,1.23,2026-09-11,1928,Aqua,MODIS,76,6.1NRT,298.98,21.41,D
-22.15699,-57.94021,317.44,1.59,1.24,2026-09-11,1928,Aqua,MODIS,49,6.1NRT,296.78,13.65,D
-22.13863,-58.5634,316.13,1.76,1.3,2026-09-11,1928,Aqua,MODIS,63,6.1NRT,301.31,12.21,D
-21.72898,-61.20819,316.41,2.74,1.58,2026-09-11,1928,Aqua,MODIS,62,6.1NRT,298.05,28.04,D
-21.71093,-60.15892,324.73,2.28,1.46,2026-09-11,1928,Aqua,MODIS,24,6.1NRT,300.24,42.22,D
-21.70864,-60.13754,368.8,2.27,1.46,2026-09-11,1928,Aqua,MODIS,100,6.1NRT,302.17,339.07,D
-21.35884,-61.59908,319.91,2.9,1.62,2026-09-11,1928,Aqua,MODIS,69,6.1NRT,299.05,44.46,D
-21.3473,-61.59611,326.22,2.9,1.62,2026-09-11,1928,Aqua,MODIS,77,6.1NRT,299.29,74.2,D
-21.34452,-61.6007,316.81,2.9,1.62,2026-09-11,1928,Aqua,MODIS,56,6.1NRT,299.23,28.97,D
-21.30449,-59.07372,391.37,1.86,1.33,2026-09-11,1928,Aqua,MODIS,100,6.1NRT,304.38,487.06,D
-21.30251,-59.05627,407.95,1.86,1.33,2026-09-11,1928,Aqua,MODIS,100,6.1NRT,305.39,727.88,D
-21.29273,-59.07527,376.09,1.86,1.33,2026-09-11,1928,Aqua,MODIS,100,6.1NRT,302.26,315.85,D
-21.29076,-59.05781,388.52,1.86,1.33,2026-09-11,1928,Aqua,MODIS,100,6.1NRT,304.1,445.26,D
-21.2888,-59.04042,325.25,1.85,1.33,2026-09-11,1928,Aqua,MODIS,74,6.1NRT,300.03,29.65,D
-21.28619,-59.08118,319.62,1.86,1.33,2026-09-11,1928,Aqua,MODIS,41,6.1NRT,300.19,17.23,D
-21.28411,-59.06375,343.02,1.86,1.33,2026-09-11,1928,Aqua,MODIS,91,6.1NRT,302.91,93.33,D
-21.28203,-59.04638,343.24,1.85,1.33,2026-09-11,1928,Aqua,MODIS,91,6.1NRT,301.2,93.34,D
-21.27901,-59.05935,368.3,1.86,1.33,2026-09-11,1928,Aqua,MODIS,100,6.1NRT,304.03,246.08,D
-21.27707,-59.04196,336.57,1.85,1.33,2026-09-11,1928,Aqua,MODIS,87,6.1NRT,300.49,65.84,D
-21.27236,-59.06527,335.12,1.86,1.33,2026-09-11,1928,Aqua,MODIS,86,6.1NRT,302.44,62.45,D
-21.2703,-59.0479,328.01,1.85,1.33,2026-09-11,1928,Aqua,MODIS,73,6.1NRT,300.72,40.35,D
-20.9918,-54.71755,323.76,1.04,1.02,2026-09-11,1928,Aqua,MODIS,77,6.1NRT,297.06,16.4,D
-20.48399,-57.47212,326.92,1.4,1.17,2026-09-11,1928,Aqua,MODIS,69,6.1NRT,298.05,24.41,D
-20.45178,-54.94069,315.27,1.05,1.02,2026-09-11,1928,Aqua,MODIS,63,6.1NRT,299.31,7.46,D
-20.18175,-58.3801,321.36,1.6,1.24,2026-09-11,1928,Aqua,MODIS,51,6.1NRT,300.12,21.36,D
-19.99592,-58.05872,321.32,1.51,1.21,2026-09-11,1928,Aqua,MODIS,49,6.1NRT,290.51,18.38,D
-19.92825,-47.04241,308.26,2.19,1.44,2026-09-11,1928,Aqua,MODIS,44,6.1NRT,294.49,14.38,D
-19.87748,-58.1105,322.53,1.51,1.21,2026-09-11,1928,Aqua,MODIS,47,6.1NRT,300.14,15.8,D
-19.87579,-58.09643,338.38,1.51,1.21,2026-09-11,1928,Aqua,MODIS,88,6.1NRT,302.16,52.42,D
-19.87447,-61.56949,317.0,2.75,1.59,2026-09-11,1928,Aqua,MODIS,62,6.1NRT,297.12,28.16,D
-19.87228,-58.10228,340.85,1.51,1.21,2026-09-11,1928,Aqua,MODIS,90,6.1NRT,302.21,59.62,D
-19.82783,-58.09417,326.4,1.51,1.21,2026-09-11,1928,Aqua,MODIS,62,6.1NRT,301.3,23.58,D
-19.81716,-58.09565,322.7,1.51,1.21,2026-09-11,1928,Aqua,MODIS,70,6.1NRT,300.56,18.57,D
-19.62343,-60.579,325.38,2.29,1.46,2026-09-11,1928,Aqua,MODIS,77,6.1NRT,297.0,45.93,D
-19.62201,-60.57436,330.04,2.29,1.46,2026-09-11,1928,Aqua,MODIS,82,6.1NRT,297.82,64.88,D
-19.62099,-60.55788,327.51,2.28,1.46,2026-09-11,1928,Aqua,MODIS,79,6.1NRT,298.68,54.21,D
-19.61973,-60.55321,324.47,2.28,1.46,2026-09-11,1928,Aqua,MODIS,76,6.1NRT,298.74,42.47,D
-19.59935,-52.64419,320.09,1.03,1.02,2026-09-11,1928,Aqua,MODIS,72,6.1NRT,300.83,10.41,D
-19.10452,-57.37474,324.89,1.32,1.14,2026-09-11,1928,Aqua,MODIS,74,6.1NRT,303.72,13.34,D
-18.87707,-48.93956,314.26,1.67,1.27,2026-09-11,1928,Aqua,MODIS,53,6.1NRT,297.82,12.64,D
-18.87631,-48.93396,319.9,1.67,1.27,2026-09-11,1928,Aqua,MODIS,72,6.1NRT,298.13,21.54,D
-18.23914,-55.39646,314.71,1.05,1.02,2026-09-11,1928,Aqua,MODIS,46,6.1NRT,300.16,6.31,D
-17.7064,-61.34273,318.92,2.46,1.51,2026-09-11,1928,Aqua,MODIS,67,6.1NRT,295.02,31.76,D
-17.70377,-61.32033,317.81,2.45,1.51,2026-09-11,1928,Aqua,MODIS,57,6.1NRT,299.61,27.63,D
-17.50296,-59.57166,323.08,1.78,1.31,2026-09-11,1928,Aqua,MODIS,67,6.1NRT,301.39,26.42,D
-17.50182,-59.58339,339.47,1.79,1.31,2026-09-11,1928,Aqua,MODIS,89,6.1NRT,300.11,76.76,D
-17.49988,-59.56705,338.83,1.78,1.31,2026-09-11,1928,Aqua,MODIS,88,6.1NRT,301.66,74.65,D
-17.49031,-59.58501,329.42,1.79,1.31,2026-09-11,1928,Aqua,MODIS,81,6.1NRT,287.36,43.26,D
-17.4884,-59.56879,333.23,1.78,1.31,2026-09-11,1928,Aqua,MODIS,84,6.1NRT,296.43,55.58,D
-17.40889,-59.46953,328.52,1.75,1.3,2026-09-11,1928,Aqua,MODIS,79,6.1NRT,304.41,33.4,D
-17.40132,-59.50312,326.63,1.76,1.3,2026-09-11,1928,Aqua,MODIS,77,6.1NRT,303.72,29.65,D
-17.40097,-59.49401,326.26,1.75,1.3,2026-09-11,1928,Aqua,MODIS,73,6.1NRT,304.45,27.78,D
-17.39944,-59.48732,323.43,1.75,1.3,2026-09-11,1928,Aqua,MODIS,70,6.1NRT,303.69,20.98,D
-17.32542,-59.99995,328.07,1.91,1.35,2026-09-11,1928,Aqua,MODIS,74,6.1NRT,298.36,47.9,D
-17.32327,-59.98225,320.92,1.9,1.35,2026-09-11,1928,Aqua,MODIS,57,6.1NRT,298.17,28.93,D
-17.18339,-47.29503,314.37,2.4,1.49,2026-09-11,1928,Aqua,MODIS,40,6.1NRT,301.18,18.58,D
-16.91897,-48.86133,332.42,1.85,1.33,2026-09-11,1928,Aqua,MODIS,84,6.1NRT,300.86,62.69,D
-16.91612,-48.8448,357.79,1.85,1.33,2026-09-11,1928,Aqua,MODIS,99,6.1NRT,301.91,181.5,D
-16.91564,-48.85505,357.82,1.85,1.33,2026-09-11,1928,Aqua,MODIS,99,6.1NRT,301.74,180.45,D
-16.91451,-53.47642,325.75,1.02,1.01,2026-09-11,1928,Aqua,MODIS,77,6.1NRT,303.85,15.02,D
-16.9131,-53.46709,344.53,1.02,1.01,2026-09-11,1928,Aqua,MODIS,92,6.1NRT,303.52,43.74,D
-16.91267,-48.83857,336.09,1.85,1.33,2026-09-11,1928,Aqua,MODIS,86,6.1NRT,299.78,73.67,D
-16.55761,-49.9104,317.58,1.57,1.23,2026-09-11,1928,Aqua,MODIS,53,6.1NRT,300.64,13.4,D
-16.55431,-49.91784,318.66,1.57,1.23,2026-09-11,1928,Aqua,MODIS,64,6.1NRT,301.18,16.13,D
-16.55193,-49.90351,324.64,1.57,1.24,2026-09-11,1928,Aqua,MODIS,76,6.1NRT,299.91,27.61,D
-16.54682,-49.91227,322.45,1.57,1.23,2026-09-11,1928,Aqua,MODIS,73,6.1NRT,301.66,23.32,D
-16.25624,-48.69674,316.89,1.96,1.37,2026-09-11,1928,Aqua,MODIS,62,6.1NRT,304.05,18.05,D
-16.00392,-52.72686,362.93,1.09,1.04,2026-09-11,1928,Aqua,MODIS,100,6.1NRT,311.77,94.64,D
-16.00241,-52.71723,401.31,1.1,1.04,2026-09-11,1928,Aqua,MODIS,100,6.1NRT,316.13,285.45,D
-16.00083,-52.7072,319.67,1.1,1.04,2026-09-11,1928,Aqua,MODIS,58,6.1NRT,304.53,6.96,D
-15.99482,-52.72857,354.07,1.09,1.04,2026-09-11,1928,Aqua,MODIS,97,6.1NRT,309.82,67.6,D
-15.99329,-52.71887,375.54,1.1,1.04,2026-09-11,1928,Aqua,MODIS,100,6.1NRT,312.6,141.66,D
-15.87424,-52.30759,320.97,1.15,1.07,2026-09-11,1928,Aqua,MODIS,63,6.1NRT,301.03,10.45,D
-15.6713,-48.28886,319.82,2.16,1.43,2026-09-11,1928,Aqua,MODIS,68,6.1NRT,303.62,30.84,D
-15.58477,-49.92107,325.38,1.63,1.26,2026-09-11,1928,Aqua,MODIS,75,6.1NRT,303.77,29.37,D
-15.57381,-49.92309,322.42,1.63,1.26,2026-09-11,1928,Aqua,MODIS,70,6.1NRT,303.87,23.52,D
-15.14044,-48.19329,319.16,2.25,1.45,2026-09-11,1928,Aqua,MODIS,66,6.1NRT,304.27,25.34,D
-15.13676,-48.17311,317.39,2.26,1.46,2026-09-11,1928,Aqua,MODIS,61,6.1NRT,304.51,20.01,D
-16.97168,-60.65401,318.44,2.12,1.41,2026-09-11,1930,Aqua,MODIS,30,6.1NRT,298.84,20.46,D
-16.96157,-60.67492,323.55,2.12,1.42,2026-09-11,1930,Aqua,MODIS,69,6.1NRT,301.97,35.19,D
-16.95924,-60.65552,337.5,2.12,1.41,2026-09-11,1930,Aqua,MODIS,87,6.1NRT,300.88,88.34,D
-16.73659,-60.22763,331.89,1.95,1.36,2026-09-11,1930,Aqua,MODIS,83,6.1NRT,301.78,58.18,D
-16.63379,-61.20913,315.01,2.31,1.47,2026-09-11,1930,Aqua,MODIS,46,6.1NRT,298.38,26.04,D
-16.60915,-61.5465,313.85,2.46,1.51,2026-09-11,1930,Aqua,MODIS,54,6.1NRT,296.23,19.79,D
-16.43436,-63.89251,313.25,3.73,1.81,2026-09-11,1930,Aqua,MODIS,43,6.1NRT,294.09,45.05,D
-16.40162,-60.02558,322.27,1.86,1.33,2026-09-11,1930,Aqua,MODIS,73,6.1NRT,303.46,26.45,D
-16.2307,-60.99441,317.53,2.19,1.44,2026-09-11,1930,Aqua,MODIS,66,6.1NRT,298.0,25.8,D
-16.18952,-62.48174,334.07,2.87,1.62,2026-09-11,1930,Aqua,MODIS,85,6.1NRT,298.47,127.12,D
-16.18665,-62.45525,333.33,2.86,1.61,2026-09-11,1930,Aqua,MODIS,85,6.1NRT,297.77,121.41,D
-16.18612,-62.48694,326.99,2.87,1.62,2026-09-11,1930,Aqua,MODIS,79,6.1NRT,298.42,85.01,D
-16.18306,-62.46053,338.54,2.86,1.61,2026-09-11,1930,Aqua,MODIS,89,6.1NRT,298.14,157.31,D
-16.15668,-63.73487,318.45,3.6,1.78,2026-09-11,1930,Aqua,MODIS,68,6.1NRT,294.89,65.26,D
-16.14637,-63.74023,319.54,3.6,1.78,2026-09-11,1930,Aqua,MODIS,71,6.1NRT,294.62,72.8,D
-15.99158,-63.8358,310.69,3.64,1.79,2026-09-11,1930,Aqua,MODIS,34,6.1NRT,293.89,29.03,D
-15.97511,-62.77378,312.35,3.0,1.65,2026-09-11,1930,Aqua,MODIS,28,6.1NRT,292.08,34.09,D
-15.91651,-60.9723,334.76,2.16,1.43,2026-09-11,1930,Aqua,MODIS,83,6.1NRT,300.75,73.12,D
-15.91463,-60.97937,324.92,2.16,1.43,2026-09-11,1930,Aqua,MODIS,71,6.1NRT,300.61,38.81,D
-15.90973,-60.91348,351.74,2.14,1.42,2026-09-11,1930,Aqua,MODIS,96,6.1NRT,301.91,163.05,D
-15.90749,-60.89408,396.66,2.13,1.42,2026-09-11,1930,Aqua,MODIS,100,6.1NRT,303.4,673.25,D
-15.90741,-60.92059,331.15,2.14,1.42,2026-09-11,1930,Aqua,MODIS,59,6.1NRT,300.48,54.08,D
-15.90525,-60.87476,328.85,2.12,1.42,2026-09-11,1930,Aqua,MODIS,81,6.1NRT,299.13,54.06,D
-15.90503,-60.90118,399.25,2.13,1.42,2026-09-11,1930,Aqua,MODIS,100,6.1NRT,304.83,717.12,D
-15.90265,-60.88189,361.49,2.12,1.42,2026-09-11,1930,Aqua,MODIS,100,6.1NRT,299.73,240.65,D
-15.89493,-60.9222,339.15,2.14,1.42,2026-09-11,1930,Aqua,MODIS,89,6.1NRT,297.94,90.34,D
-15.89255,-60.90266,350.42,2.13,1.42,2026-09-11,1930,Aqua,MODIS,95,6.1NRT,297.05,155.86,D
-15.62889,-53.83183,329.05,1.02,1.01,2026-09-11,1930,Aqua,MODIS,79,6.1NRT,305.95,17.87,D
-15.6275,-53.82265,382.53,1.02,1.01,2026-09-11,1930,Aqua,MODIS,100,6.1NRT,309.48,158.9,D
-15.61866,-53.82407,328.9,1.02,1.01,2026-09-11,1930,Aqua,MODIS,79,6.1NRT,305.31,17.77,D
-15.60058,-53.83272,365.33,1.02,1.01,2026-09-11,1930,Aqua,MODIS,100,6.1NRT,311.56,92.98,D
-15.5992,-53.82352,341.0,1.02,1.01,2026-09-11,1930,Aqua,MODIS,89,6.1NRT,306.78,34.91,D
-15.59174,-53.83415,320.43,1.02,1.01,2026-09-11,1930,Aqua,MODIS,66,6.1NRT,306.5,7.95,D
-15.56523,-53.83844,324.28,1.02,1.01,2026-09-11,1930,Aqua,MODIS,70,6.1NRT,305.57,11.86,D
-15.56076,-54.24866,321.88,1.01,1.0,2026-09-11,1930,Aqua,MODIS,57,6.1NRT,304.5,9.58,D
-15.55639,-53.83988,324.09,1.02,1.01,2026-09-11,1930,Aqua,MODIS,73,6.1NRT,305.4,12.35,D
-15.55562,-63.74537,312.18,3.53,1.77,2026-09-11,1930,Aqua,MODIS,54,6.1NRT,294.67,34.06,D
-15.5554,-53.95307,325.42,1.02,1.01,2026-09-11,1930,Aqua,MODIS,75,6.1NRT,306.06,13.15,D
-15.55215,-63.71354,314.14,3.51,1.76,2026-09-11,1930,Aqua,MODIS,61,6.1NRT,294.03,42.98,D
-15.52538,-61.31672,314.49,2.27,1.46,2026-09-11,1930,Aqua,MODIS,56,6.1NRT,297.0,19.66,D
-15.52319,-53.93676,319.66,1.02,1.01,2026-09-11,1930,Aqua,MODIS,64,6.1NRT,305.24,7.12,D
-15.52181,-53.92754,317.52,1.02,1.01,2026-09-11,1930,Aqua,MODIS,53,6.1NRT,304.59,5.21,D
-15.37082,-52.81558,319.08,1.1,1.05,2026-09-11,1930,Aqua,MODIS,58,6.1NRT,306.37,6.65,D
-15.36166,-52.81709,319.51,1.1,1.05,2026-09-11,1930,Aqua,MODIS,61,6.1NRT,306.45,7.02,D
-15.31588,-53.90744,391.33,1.02,1.01,2026-09-11,1930,Aqua,MODIS,100,6.1NRT,313.61,197.72,D
-15.31449,-53.89824,357.87,1.02,1.01,2026-09-11,1930,Aqua,MODIS,99,6.1NRT,306.27,69.69,D
-15.30843,-53.91808,343.46,1.02,1.01,2026-09-11,1930,Aqua,MODIS,91,6.1NRT,310.87,37.04,D
-15.30704,-53.90887,407.2,1.02,1.01,2026-09-11,1930,Aqua,MODIS,100,6.1NRT,319.69,293.96,D
-15.30565,-53.89967,357.48,1.02,1.01,2026-09-11,1930,Aqua,MODIS,98,6.1NRT,307.91,68.76,D
-15.29959,-53.91951,322.13,1.02,1.01,2026-09-11,1930,Aqua,MODIS,67,6.1NRT,308.42,7.95,D
-15.29821,-53.91032,340.88,1.02,1.01,2026-09-11,1930,Aqua,MODIS,89,6.1NRT,309.28,34.06,D
-15.26007,-53.89767,340.03,1.02,1.01,2026-09-11,1930,Aqua,MODIS,88,6.1NRT,306.21,33.19,D
-15.25867,-53.88847,349.74,1.02,1.01,2026-09-11,1930,Aqua,MODIS,94,6.1NRT,309.64,51.55,D
-15.25599,-53.39087,326.09,1.05,1.02,2026-09-11,1930,Aqua,MODIS,74,6.1NRT,308.51,13.65,D
-15.25123,-53.89913,318.4,1.02,1.01,2026-09-11,1930,Aqua,MODIS,44,6.1NRT,304.88,5.26,D
-15.24983,-53.88993,331.65,1.02,1.01,2026-09-11,1930,Aqua,MODIS,81,6.1NRT,307.38,20.47,D
-15.22509,-64.42574,314.93,3.95,1.85,2026-09-11,1930,Aqua,MODIS,64,6.1NRT,293.91,52.92,D
-15.13632,-48.18042,321.17,2.26,1.46,2026-09-11,1930,Aqua,MODIS,69,6.1NRT,304.76,30.78,D
-15.12112,-49.44316,372.34,1.81,1.32,2026-09-11,1930,Aqua,MODIS,100,6.1NRT,307.84,272.18,D
-15.10962,-49.44514,321.95,1.81,1.32,2026-09-11,1930,Aqua,MODIS,69,6.1NRT,305.62,23.41,D
-15.07912,-48.52377,317.34,2.13,1.42,2026-09-11,1930,Aqua,MODIS,52,6.1NRT,302.54,21.03,D
-15.04048,-48.44988,325.06,2.16,1.43,2026-09-11,1930,Aqua,MODIS,68,6.1NRT,304.8,37.71,D
-14.98388,-53.96082,328.62,1.02,1.01,2026-09-11,1930,Aqua,MODIS,78,6.1NRT,304.69,16.99,D
-14.98248,-53.95163,318.28,1.02,1.01,2026-09-11,1930,Aqua,MODIS,43,6.1NRT,305.28,5.67,D
-14.83672,-59.52665,315.6,1.61,1.25,2026-09-11,1930,Aqua,MODIS,59,6.1NRT,298.28,12.76,D
-14.82956,-59.53552,320.48,1.62,1.25,2026-09-11,1930,Aqua,MODIS,74,6.1NRT,297.92,21.46,D
-14.82777,-59.52116,317.95,1.61,1.25,2026-09-11,1930,Aqua,MODIS,70,6.1NRT,297.73,16.96,D
-14.82575,-59.52823,321.68,1.61,1.25,2026-09-11,1930,Aqua,MODIS,75,6.1NRT,297.93,24.51,D
-14.80217,-48.07704,315.5,2.34,1.48,2026-09-11,1930,Aqua,MODIS,52,6.1NRT,304.0,16.91,D
-14.6707,-52.36856,320.72,1.18,1.08,2026-09-11,1930,Aqua,MODIS,52,6.1NRT,307.48,7.33,D
-14.66127,-52.37021,341.04,1.18,1.08,2026-09-11,1930,Aqua,MODIS,89,6.1NRT,309.68,41.53,D
-14.61066,-48.85411,321.5,2.05,1.39,2026-09-11,1930,Aqua,MODIS,62,6.1NRT,306.05,24.65,D
-14.60794,-48.85977,321.95,2.05,1.39,2026-09-11,1930,Aqua,MODIS,58,6.1NRT,307.05,23.83,D
-14.6073,-48.83532,333.04,2.06,1.4,2026-09-11,1930,Aqua,MODIS,83,6.1NRT,306.02,63.85,D
-14.60482,-48.84154,350.93,2.06,1.4,2026-09-11,1930,Aqua,MODIS,95,6.1NRT,307.54,152.32,D
-14.60395,-52.01366,320.42,1.23,1.1,2026-09-11,1930,Aqua,MODIS,44,6.1NRT,308.13,8.29,D
-14.59851,-48.85633,336.31,2.05,1.39,2026-09-11,1930,Aqua,MODIS,86,6.1NRT,308.62,73.59,D
-14.59527,-48.83832,341.0,2.06,1.4,2026-09-11,1930,Aqua,MODIS,89,6.1NRT,307.57,95.11,D
-14.59301,-63.52145,324.34,3.28,1.71,2026-09-11,1930,Aqua,MODIS,78,6.1NRT,294.84,88.26,D
-14.59277,-48.84444,332.28,2.06,1.4,2026-09-11,1930,Aqua,MODIS,82,6.1NRT,307.74,57.66,D
-14.59219,-63.51456,322.69,3.28,1.71,2026-09-11,1930,Aqua,MODIS,76,6.1NRT,294.82,79.3,D
-14.58185,-52.67416,336.65,1.14,1.06,2026-09-11,1930,Aqua,MODIS,85,6.1NRT,308.5,33.25,D
-14.58026,-52.66391,326.45,1.14,1.06,2026-09-11,1930,Aqua,MODIS,73,6.1NRT,306.74,16.36,D
-14.57254,-52.67568,322.01,1.14,1.06,2026-09-11,1930,Aqua,MODIS,59,6.1NRT,307.07,11.35,D
-14.57095,-52.66545,326.85,1.14,1.06,2026-09-11,1930,Aqua,MODIS,75,6.1NRT,307.04,17.31,D
-14.55128,-63.5563,319.0,3.3,1.72,2026-09-11,1930,Aqua,MODIS,72,6.1NRT,295.08,58.83,D
-14.53064,-52.18937,322.86,1.21,1.09,2026-09-11,1930,Aqua,MODIS,68,6.1NRT,307.82,11.35,D
-14.50648,-53.14357,321.28,1.09,1.04,2026-09-11,1930,Aqua,MODIS,65,6.1NRT,305.63,10.65,D
-14.43957,-64.31704,353.9,3.78,1.82,2026-09-11,1930,Aqua,MODIS,97,6.1NRT,296.16,438.62,D
-14.43087,-64.32256,347.12,3.78,1.82,2026-09-11,1930,Aqua,MODIS,94,6.1NRT,296.06,336.55,D
-14.23753,-51.97535,328.22,1.25,1.11,2026-09-11,1930,Aqua,MODIS,77,6.1NRT,305.71,22.13,D
-14.23572,-51.96409,365.49,1.25,1.11,2026-09-11,1930,Aqua,MODIS,100,6.1NRT,306.49,127.39,D
-13.77362,-63.37739,326.93,3.11,1.67,2026-09-11,1930,Aqua,MODIS,81,6.1NRT,296.29,97.99,D
-13.77324,-63.38266,315.37,3.11,1.67,2026-09-11,1930,Aqua,MODIS,65,6.1NRT,296.08,37.14,D
-13.77044,-63.34966,348.16,3.09,1.67,2026-09-11,1930,Aqua,MODIS,94,6.1NRT,296.68,270.12,D
-13.76986,-63.355,344.53,3.09,1.67,2026-09-11,1930,Aqua,MODIS,92,6.1NRT,296.85,233.25,D
-13.73235,-51.83432,332.81,1.3,1.13,2026-09-11,1930,Aqua,MODIS,77,6.1NRT,308.04,30.0,D
-13.72247,-51.83604,322.5,1.3,1.13,2026-09-11,1930,Aqua,MODIS,36,6.1NRT,308.14,11.72,D
-13.69427,-63.74092,315.33,3.32,1.72,2026-09-11,1930,Aqua,MODIS,37,6.1NRT,296.58,34.4,D
-13.69194,-63.71806,320.41,3.3,1.72,2026-09-11,1930,Aqua,MODIS,72,6.1NRT,296.54,58.75,D
-13.69099,-63.71142,317.25,3.3,1.72,2026-09-11,1930,Aqua,MODIS,59,6.1NRT,295.91,41.06,D
-13.64515,-65.11079,313.67,4.25,1.91,2026-09-11,1930,Aqua,MODIS,35,6.1NRT,295.48,46.32,D
-13.6397,-65.11919,314.44,4.25,1.91,2026-09-11,1930,Aqua,MODIS,54,6.1NRT,295.53,53.45,D
-13.6272,-58.28428,320.86,1.28,1.12,2026-09-11,1930,Aqua,MODIS,66,6.1NRT,290.72,18.6,D
-13.54305,-65.2114,318.95,4.31,1.92,2026-09-11,1930,Aqua,MODIS,0,6.1NRT,295.75,76.62,D
-13.53884,-65.17322,332.38,4.28,1.91,2026-09-11,1930,Aqua,MODIS,64,6.1NRT,296.32,198.1,D
-13.53361,-65.18159,331.35,4.28,1.91,2026-09-11,1930,Aqua,MODIS,84,6.1NRT,296.7,180.74,D
-13.52208,-65.17515,321.56,4.28,1.91,2026-09-11,1930,Aqua,MODIS,57,6.1NRT,296.45,92.73,D
-13.51684,-65.18348,320.18,4.28,1.91,2026-09-11,1930,Aqua,MODIS,62,6.1NRT,296.4,82.34,D
-13.47166,-48.54831,319.02,2.29,1.46,2026-09-11,1930,Aqua,MODIS,62,6.1NRT,304.27,25.48,D
-13.43253,-51.38459,320.22,1.4,1.17,2026-09-11,1930,Aqua,MODIS,40,6.1NRT,304.73,11.77,D
-13.40774,-57.038,326.47,1.1,1.04,2026-09-11,1930,Aqua,MODIS,74,6.1NRT,303.2,17.18,D
-13.40605,-54.61111,324.49,1.01,1.0,2026-09-11,1930,Aqua,MODIS,34,6.1NRT,307.07,11.65,D
-13.39591,-54.60347,324.4,1.01,1.0,2026-09-11,1930,Aqua,MODIS,44,6.1NRT,307.54,11.56,D
-13.39153,-51.69961,340.14,1.34,1.15,2026-09-11,1930,Aqua,MODIS,88,6.1NRT,308.59,48.64,D
-13.3896,-51.68763,331.7,1.34,1.15,2026-09-11,1930,Aqua,MODIS,81,6.1NRT,307.35,29.7,D
-13.37957,-51.68942,324.66,1.34,1.15,2026-09-11,1930,Aqua,MODIS,71,6.1NRT,308.41,17.79,D
-13.37763,-51.67735,321.73,1.35,1.15,2026-09-11,1930,Aqua,MODIS,63,6.1NRT,306.51,13.13,D
-13.37698,-51.80044,339.43,1.32,1.14,2026-09-11,1930,Aqua,MODIS,88,6.1NRT,308.24,44.87,D
-13.37088,-51.82584,340.73,1.32,1.14,2026-09-11,1930,Aqua,MODIS,88,6.1NRT,307.87,49.43,D
-13.36925,-51.75286,324.9,1.33,1.14,2026-09-11,1930,Aqua,MODIS,27,6.1NRT,308.64,15.36,D
-13.36894,-51.81396,336.91,1.32,1.14,2026-09-11,1930,Aqua,MODIS,85,6.1NRT,307.93,40.42,D
-13.36122,-51.76662,324.17,1.33,1.14,2026-09-11,1930,Aqua,MODIS,47,6.1NRT,307.75,14.41,D
-13.359,-51.81575,328.75,1.32,1.14,2026-09-11,1930,Aqua,MODIS,76,6.1NRT,307.24,23.53,D
-13.34354,-51.6584,332.28,1.35,1.15,2026-09-11,1930,Aqua,MODIS,77,6.1NRT,308.27,30.12,D
-13.3315,-51.64814,324.45,1.35,1.15,2026-09-11,1930,Aqua,MODIS,30,6.1NRT,307.67,14.74,D
-13.32161,-51.33162,323.33,1.42,1.18,2026-09-11,1930,Aqua,MODIS,52,6.1NRT,309.2,18.2,D
-13.31234,-51.65834,326.98,1.35,1.15,2026-09-11,1930,Aqua,MODIS,62,6.1NRT,309.4,17.8,D
-13.31043,-51.64637,327.24,1.36,1.15,2026-09-11,1930,Aqua,MODIS,63,6.1NRT,307.97,19.52,D
-13.17076,-64.18586,314.4,3.53,1.77,2026-09-11,1930,Aqua,MODIS,46,6.1NRT,295.26,24.51,D
-13.15527,-64.18771,317.97,3.53,1.77,2026-09-11,1930,Aqua,MODIS,70,6.1NRT,297.38,44.51,D
-12.86552,-64.27777,326.72,3.55,1.77,2026-09-11,1930,Aqua,MODIS,80,6.1NRT,296.5,109.45,D
-12.86519,-64.30247,314.76,3.57,1.77,2026-09-11,1930,Aqua,MODIS,60,6.1NRT,296.17,37.07,D
-12.86161,-64.27082,326.74,3.55,1.77,2026-09-11,1930,Aqua,MODIS,80,6.1NRT,296.43,112.06,D
-12.85322,-44.83415,320.33,4.61,1.97,2026-09-11,1930,Aqua,MODIS,68,6.1NRT,298.01,105.31,D
-12.84999,-64.27962,317.34,3.55,1.77,2026-09-11,1930,Aqua,MODIS,68,6.1NRT,296.18,53.65,D
-12.64083,-51.43352,330.9,1.44,1.19,2026-09-11,1930,Aqua,MODIS,81,6.1NRT,307.72,28.99,D
-12.63878,-51.42064,326.67,1.44,1.19,2026-09-11,1930,Aqua,MODIS,76,6.1NRT,306.42,19.77,D
-12.63811,-51.44169,325.49,1.43,1.18,2026-09-11,1930,Aqua,MODIS,74,6.1NRT,308.47,19.68,D
-12.63597,-51.42884,354.9,1.44,1.19,2026-09-11,1930,Aqua,MODIS,97,6.1NRT,309.18,104.45,D
-12.63048,-51.43532,336.39,1.44,1.19,2026-09-11,1930,Aqua,MODIS,86,6.1NRT,308.88,42.48,D
-12.62843,-51.4225,321.72,1.44,1.19,2026-09-11,1930,Aqua,MODIS,59,6.1NRT,308.31,10.82,D
-12.5429,-53.23736,316.74,1.13,1.06,2026-09-11,1930,Aqua,MODIS,61,6.1NRT,303.3,9.14,D
-12.44922,-64.78262,311.08,3.85,1.83,2026-09-11,1930,Aqua,MODIS,54,6.1NRT,293.71,30.92,D
-12.44107,-64.78831,310.72,3.85,1.83,2026-09-11,1930,Aqua,MODIS,52,6.1NRT,293.84,29.78,D
-12.21019,-49.40284,321.27,2.07,1.4,2026-09-11,1930,Aqua,MODIS,66,6.1NRT,306.85,24.48,D
-12.20578,-53.38896,313.34,1.12,1.05,2026-09-11,1930,Aqua,MODIS,24,6.1NRT,302.78,5.5,D
-12.16794,-64.15247,332.81,3.39,1.74,2026-09-11,1930,Aqua,MODIS,85,6.1NRT,296.2,144.57,D
-12.16434,-64.12246,320.06,3.37,1.73,2026-09-11,1930,Aqua,MODIS,73,6.1NRT,295.71,57.55,D
-12.15271,-64.15426,327.71,3.39,1.74,2026-09-11,1930,Aqua,MODIS,81,6.1NRT,295.98,103.04,D
-12.13344,-48.96574,344.42,2.25,1.45,2026-09-11,1930,Aqua,MODIS,91,6.1NRT,306.53,129.86,D
-12.13268,-48.97277,352.82,2.25,1.45,2026-09-11,1930,Aqua,MODIS,96,6.1NRT,307.47,188.57,D
-12.12933,-48.95294,320.3,2.26,1.46,2026-09-11,1930,Aqua,MODIS,63,6.1NRT,305.64,22.02,D
-12.12124,-47.28442,318.38,3.06,1.66,2026-09-11,1930,Aqua,MODIS,58,6.1NRT,304.4,30.11,D
-12.0545,-49.97167,321.08,1.89,1.34,2026-09-11,1930,Aqua,MODIS,19,6.1NRT,303.04,21.93,D
-12.03402,-49.96351,326.57,1.89,1.34,2026-09-11,1930,Aqua,MODIS,53,6.1NRT,305.72,34.47,D
-12.02821,-49.95912,324.15,1.89,1.34,2026-09-11,1930,Aqua,MODIS,44,6.1NRT,305.82,29.28,D
-11.97656,-49.76307,322.95,1.96,1.37,2026-09-11,1930,Aqua,MODIS,52,6.1NRT,305.32,25.97,D
-11.96464,-49.76519,338.87,1.96,1.37,2026-09-11,1930,Aqua,MODIS,87,6.1NRT,305.6,81.05,D
-11.95271,-49.7673,353.56,1.96,1.37,2026-09-11,1930,Aqua,MODIS,96,6.1NRT,307.51,157.49,D
-11.94978,-49.74991,337.25,1.97,1.37,2026-09-11,1930,Aqua,MODIS,86,6.1NRT,307.57,75.34,D
-11.90647,-49.97569,318.91,1.9,1.35,2026-09-11,1930,Aqua,MODIS,54,6.1NRT,306.6,15.65,D
-11.82581,-51.29988,326.99,1.51,1.21,2026-09-11,1930,Aqua,MODIS,76,6.1NRT,307.09,26.65,D
-11.80596,-51.55378,320.94,1.46,1.19,2026-09-11,1930,Aqua,MODIS,66,6.1NRT,304.32,17.01,D
-11.79695,-50.15402,317.07,1.85,1.33,2026-09-11,1930,Aqua,MODIS,50,6.1NRT,304.86,14.17,D
-11.71213,-50.67903,326.84,1.69,1.28,2026-09-11,1930,Aqua,MODIS,0,6.1NRT,305.25,32.88,D
-11.66463,-50.6788,318.4,1.69,1.28,2026-09-11,1930,Aqua,MODIS,0,6.1NRT,305.59,12.74,D
-11.6453,-52.94342,315.73,1.2,1.09,2026-09-11,1930,Aqua,MODIS,56,6.1NRT,305.71,7.91,D
-11.61353,-65.11665,310.35,3.97,1.85,2026-09-11,1930,Aqua,MODIS,28,6.1NRT,293.64,36.78,D
-11.61056,-50.21575,318.31,1.84,1.33,2026-09-11,1930,Aqua,MODIS,55,6.1NRT,306.17,13.76,D
-11.45741,-51.44262,316.37,1.5,1.21,2026-09-11,1930,Aqua,MODIS,44,6.1NRT,303.25,8.63,D
-11.44684,-51.44438,344.39,1.5,1.21,2026-09-11,1930,Aqua,MODIS,91,6.1NRT,306.94,73.49,D
-11.44464,-51.43108,351.44,1.5,1.21,2026-09-11,1930,Aqua,MODIS,95,6.1NRT,305.34,98.28,D
-11.44242,-51.41763,327.4,1.51,1.21,2026-09-11,1930,Aqua,MODIS,68,6.1NRT,305.08,26.3,D
-11.44159,-51.45194,322.38,1.5,1.21,2026-09-11,1930,Aqua,MODIS,50,6.1NRT,306.04,17.8,D
-11.43949,-51.43871,339.23,1.5,1.21,2026-09-11,1930,Aqua,MODIS,88,6.1NRT,306.01,55.69,D
-11.43737,-51.42532,341.57,1.51,1.21,2026-09-11,1930,Aqua,MODIS,89,6.1NRT,305.31,63.11,D
-11.43626,-51.44608,332.86,1.5,1.21,2026-09-11,1930,Aqua,MODIS,82,6.1NRT,304.66,37.91,D
-11.43407,-51.43285,344.98,1.5,1.21,2026-09-11,1930,Aqua,MODIS,92,6.1NRT,304.66,71.93,D
-11.43184,-51.41947,335.34,1.51,1.21,2026-09-11,1930,Aqua,MODIS,67,6.1NRT,306.03,43.17,D
-11.42678,-51.42709,329.42,1.51,1.21,2026-09-11,1930,Aqua,MODIS,79,6.1NRT,303.63,31.99,D
-11.28906,-53.92968,319.91,1.08,1.04,2026-09-11,1930,Aqua,MODIS,54,6.1NRT,305.7,9.09,D
-11.25699,-54.14627,319.29,1.07,1.03,2026-09-11,1930,Aqua,MODIS,57,6.1NRT,304.39,8.56,D
-11.25556,-54.13685,335.16,1.07,1.03,2026-09-11,1930,Aqua,MODIS,86,6.1NRT,306.71,29.12,D
-11.25412,-54.12744,336.52,1.07,1.03,2026-09-11,1930,Aqua,MODIS,87,6.1NRT,305.29,31.11,D
-11.24798,-54.14772,337.67,1.07,1.03,2026-09-11,1930,Aqua,MODIS,88,6.1NRT,307.21,32.2,D
-11.24654,-54.13831,355.17,1.07,1.03,2026-09-11,1930,Aqua,MODIS,97,6.1NRT,310.57,69.45,D
-11.2451,-54.12888,364.26,1.07,1.03,2026-09-11,1930,Aqua,MODIS,100,6.1NRT,309.35,96.39,D
-11.24365,-54.1194,326.74,1.07,1.03,2026-09-11,1930,Aqua,MODIS,65,6.1NRT,305.42,15.7,D
-11.2422,-54.10991,339.87,1.07,1.03,2026-09-11,1930,Aqua,MODIS,89,6.1NRT,306.49,36.43,D
-11.23753,-54.13974,335.43,1.07,1.03,2026-09-11,1930,Aqua,MODIS,86,6.1NRT,307.61,27.93,D
-11.23608,-54.13033,333.28,1.07,1.03,2026-09-11,1930,Aqua,MODIS,84,6.1NRT,307.81,25.66,D
-11.23463,-54.12086,325.79,1.07,1.03,2026-09-11,1930,Aqua,MODIS,77,6.1NRT,306.95,15.28,D
-11.23318,-54.11138,358.73,1.07,1.03,2026-09-11,1930,Aqua,MODIS,99,6.1NRT,309.21,80.86,D
-11.20992,-46.3405,316.97,3.8,1.82,2026-09-11,1930,Aqua,MODIS,52,6.1NRT,302.06,43.06,D
-11.13711,-58.33519,320.23,1.2,1.09,2026-09-11,1930,Aqua,MODIS,55,6.1NRT,301.0,14.52,D
-11.13562,-58.32452,318.65,1.2,1.09,2026-09-11,1930,Aqua,MODIS,67,6.1NRT,300.33,12.86,D
-11.11387,-50.84191,323.62,1.68,1.28,2026-09-11,1930,Aqua,MODIS,70,6.1NRT,305.73,23.04,D
-11.04464,-49.69184,328.36,2.07,1.4,2026-09-11,1930,Aqua,MODIS,77,6.1NRT,308.33,43.25,D
-11.04224,-49.69754,328.09,2.07,1.4,2026-09-11,1930,Aqua,MODIS,77,6.1NRT,308.08,42.48,D
-11.02148,-51.0437,334.07,1.63,1.26,2026-09-11,1930,Aqua,MODIS,84,6.1NRT,305.2,47.71,D
-11.0105,-51.04556,319.79,1.63,1.26,2026-09-11,1930,Aqua,MODIS,49,6.1NRT,304.32,13.54,D
-10.98411,-54.1107,322.65,1.07,1.03,2026-09-11,1930,Aqua,MODIS,73,6.1NRT,299.7,14.86,D
-10.98267,-54.10121,327.17,1.07,1.03,2026-09-11,1930,Aqua,MODIS,79,6.1NRT,300.79,19.89,D
-10.97507,-54.11215,351.26,1.07,1.03,2026-09-11,1930,Aqua,MODIS,96,6.1NRT,301.13,64.09,D
-10.97362,-54.10267,368.01,1.07,1.03,2026-09-11,1930,Aqua,MODIS,100,6.1NRT,304.15,113.77,D
-10.97217,-54.09317,314.72,1.08,1.04,2026-09-11,1930,Aqua,MODIS,20,6.1NRT,301.88,5.45,D
-10.96222,-49.59773,321.96,2.12,1.41,2026-09-11,1930,Aqua,MODIS,68,6.1NRT,307.62,27.35,D
-10.95904,-49.60565,320.57,2.12,1.41,2026-09-11,1930,Aqua,MODIS,56,6.1NRT,307.64,21.93,D
-10.95645,-48.34339,323.46,2.66,1.57,2026-09-11,1930,Aqua,MODIS,71,6.1NRT,305.67,43.02,D
-10.9522,-48.31903,319.17,2.68,1.57,2026-09-11,1930,Aqua,MODIS,61,6.1NRT,307.84,25.58,D
-10.94599,-57.17619,317.35,1.06,1.03,2026-09-11,1930,Aqua,MODIS,37,6.1NRT,303.66,6.82,D
-10.89766,-57.54937,336.35,1.09,1.04,2026-09-11,1930,Aqua,MODIS,87,6.1NRT,302.4,35.26,D
-10.89729,-57.48045,342.84,1.09,1.04,2026-09-11,1930,Aqua,MODIS,91,6.1NRT,303.02,46.68,D
-10.8963,-57.5397,327.74,1.09,1.04,2026-09-11,1930,Aqua,MODIS,80,6.1NRT,301.19,21.74,D
-10.81922,-58.55838,329.26,1.22,1.1,2026-09-11,1930,Aqua,MODIS,83,6.1NRT,298.55,27.99,D
-10.80289,-50.63129,318.55,1.77,1.3,2026-09-11,1930,Aqua,MODIS,24,6.1NRT,304.54,11.93,D
-10.7801,-65.45567,315.94,4.11,1.88,2026-09-11,1930,Aqua,MODIS,71,6.1NRT,293.93,58.76,D
-10.73502,-53.996,313.64,1.09,1.04,2026-09-11,1930,Aqua,MODIS,45,6.1NRT,300.14,6.45,D
-10.73349,-50.6341,326.87,1.78,1.31,2026-09-11,1930,Aqua,MODIS,60,6.1NRT,308.03,27.48,D
-10.73095,-50.61846,353.25,1.78,1.31,2026-09-11,1930,Aqua,MODIS,96,6.1NRT,306.94,132.88,D
-10.71954,-50.62041,327.23,1.78,1.31,2026-09-11,1930,Aqua,MODIS,60,6.1NRT,305.54,27.37,D
-10.6959,-54.16578,316.18,1.07,1.03,2026-09-11,1930,Aqua,MODIS,61,6.1NRT,302.71,7.95,D
-10.69292,-50.80513,318.99,1.73,1.29,2026-09-11,1930,Aqua,MODIS,32,6.1NRT,304.35,15.75,D
-10.69103,-50.79999,318.65,1.73,1.29,2026-09-11,1930,Aqua,MODIS,28,6.1NRT,304.21,14.7,D
-10.64505,-57.33176,323.3,1.07,1.03,2026-09-11,1930,Aqua,MODIS,76,6.1NRT,305.04,14.39,D
-10.62629,-50.60948,320.29,1.79,1.31,2026-09-11,1930,Aqua,MODIS,37,6.1NRT,304.38,19.25,D
-10.61484,-50.61146,319.91,1.79,1.31,2026-09-11,1930,Aqua,MODIS,36,6.1NRT,304.17,18.36,D
-10.61224,-50.59561,327.34,1.8,1.31,2026-09-11,1930,Aqua,MODIS,77,6.1NRT,305.02,37.06,D
-10.58956,-57.33042,320.08,1.07,1.03,2026-09-11,1930,Aqua,MODIS,64,6.1NRT,305.01,10.45,D
-10.58823,-57.32097,315.74,1.06,1.03,2026-09-11,1930,Aqua,MODIS,40,6.1NRT,303.25,6.32,D
-10.56167,-51.35015,334.26,1.58,1.24,2026-09-11,1930,Aqua,MODIS,67,6.1NRT,303.7,46.56,D
-10.54239,-51.36816,331.6,1.58,1.24,2026-09-11,1930,Aqua,MODIS,54,6.1NRT,305.0,37.11,D
-10.54106,-57.43977,314.99,1.07,1.03,2026-09-11,1930,Aqua,MODIS,49,6.1NRT,300.77,6.6,D
-10.53972,-57.43032,317.84,1.07,1.03,2026-09-11,1930,Aqua,MODIS,68,6.1NRT,300.65,9.62,D
-10.53555,-54.38709,321.29,1.06,1.03,2026-09-11,1930,Aqua,MODIS,71,6.1NRT,303.94,13.1,D
-10.52241,-51.31384,345.43,1.59,1.24,2026-09-11,1930,Aqua,MODIS,92,6.1NRT,305.07,81.73,D
-10.52009,-51.29967,324.7,1.6,1.24,2026-09-11,1930,Aqua,MODIS,22,6.1NRT,304.72,23.35,D
-10.51523,-57.45337,376.13,1.07,1.03,2026-09-11,1930,Aqua,MODIS,100,6.1NRT,305.68,145.37,D
-10.51389,-57.44379,348.96,1.07,1.03,2026-09-11,1930,Aqua,MODIS,95,6.1NRT,303.81,58.84,D
-10.50427,-51.3659,324.35,1.58,1.24,2026-09-11,1930,Aqua,MODIS,62,6.1NRT,305.82,22.17,D
-10.49903,-51.37439,322.22,1.58,1.24,2026-09-11,1930,Aqua,MODIS,65,6.1NRT,304.57,19.13,D
-10.49674,-51.36063,327.86,1.58,1.24,2026-09-11,1930,Aqua,MODIS,77,6.1NRT,305.48,30.26,D
-10.49349,-51.36794,320.48,1.58,1.24,2026-09-11,1930,Aqua,MODIS,40,6.1NRT,304.16,13.85,D
-10.48506,-48.65727,321.03,2.57,1.54,2026-09-11,1930,Aqua,MODIS,66,6.1NRT,305.71,35.91,D
-10.48266,-51.36963,326.29,1.58,1.24,2026-09-11,1930,Aqua,MODIS,62,6.1NRT,304.75,25.0,D
-10.4805,-51.35617,331.2,1.58,1.24,2026-09-11,1930,Aqua,MODIS,81,6.1NRT,306.18,37.43,D
-10.46963,-51.35763,332.33,1.58,1.24,2026-09-11,1930,Aqua,MODIS,82,6.1NRT,305.3,42.33,D
-10.42789,-57.23263,318.37,1.05,1.03,2026-09-11,1930,Aqua,MODIS,64,6.1NRT,303.39,9.34,D
-10.39911,-51.48883,336.65,1.55,1.23,2026-09-11,1930,Aqua,MODIS,86,6.1NRT,305.68,51.72,D
-10.38838,-51.4906,339.55,1.55,1.23,2026-09-11,1930,Aqua,MODIS,88,6.1NRT,307.12,61.31,D
-10.38616,-51.47684,324.63,1.56,1.23,2026-09-11,1930,Aqua,MODIS,73,6.1NRT,307.26,22.4,D
-10.34578,-48.0147,316.87,2.91,1.63,2026-09-11,1930,Aqua,MODIS,40,6.1NRT,304.27,25.79,D
-10.29583,-54.32738,320.37,1.07,1.03,2026-09-11,1930,Aqua,MODIS,69,6.1NRT,305.33,10.36,D
-10.27388,-45.26947,320.24,4.82,2.0,2026-09-11,1930,Aqua,MODIS,65,6.1NRT,302.3,92.83,D
-10.27346,-45.26489,320.64,4.82,2.0,2026-09-11,1930,Aqua,MODIS,65,6.1NRT,302.33,96.21,D
-10.2425,-56.26082,335.34,1.0,1.0,2026-09-11,1930,Aqua,MODIS,86,6.1NRT,297.05,29.77,D
-10.22155,-45.278,315.49,4.82,2.0,2026-09-11,1930,Aqua,MODIS,40,6.1NRT,300.46,53.5,D
-10.03655,-53.77457,319.25,1.13,1.06,2026-09-11,1930,Aqua,MODIS,67,6.1NRT,302.83,11.1,D
-10.03503,-53.7646,316.69,1.13,1.06,2026-09-11,1930,Aqua,MODIS,60,6.1NRT,303.49,8.24,D
-9.9547,-48.42262,327.15,2.75,1.59,2026-09-11,1930,Aqua,MODIS,76,6.1NRT,303.91,72.09,D
-9.9505,-48.39832,342.17,2.76,1.59,2026-09-11,1930,Aqua,MODIS,78,6.1NRT,303.14,168.51,D
-9.93438,-48.50464,317.14,2.71,1.58,2026-09-11,1930,Aqua,MODIS,50,6.1NRT,304.89,22.03,D
-9.82514,-57.85896,311.82,1.1,1.05,2026-09-11,1930,Aqua,MODIS,29,6.1NRT,297.79,4.85,D
-9.75146,-54.33377,326.71,1.08,1.04,2026-09-11,1930,Aqua,MODIS,75,6.1NRT,304.91,17.79,D
-9.74097,-54.32575,327.93,1.08,1.04,2026-09-11,1930,Aqua,MODIS,78,6.1NRT,305.31,18.9,D
-9.73997,-53.96283,315.06,1.12,1.05,2026-09-11,1930,Aqua,MODIS,49,6.1NRT,303.09,6.9,D
-9.73228,-53.97414,356.52,1.12,1.05,2026-09-11,1930,Aqua,MODIS,98,6.1NRT,304.49,81.69,D
-9.73075,-53.96426,367.62,1.12,1.05,2026-09-11,1930,Aqua,MODIS,100,6.1NRT,305.8,119.11,D
-9.72923,-53.95444,317.73,1.12,1.05,2026-09-11,1930,Aqua,MODIS,64,6.1NRT,301.83,9.36,D
-9.72306,-53.97559,329.99,1.12,1.05,2026-09-11,1930,Aqua,MODIS,81,6.1NRT,302.71,24.51,D
-9.72153,-53.96571,338.83,1.12,1.05,2026-09-11,1930,Aqua,MODIS,88,6.1NRT,303.87,39.61,D
-9.71666,-54.34911,323.59,1.08,1.04,2026-09-11,1930,Aqua,MODIS,49,6.1NRT,304.51,12.43,D
-9.71254,-58.16943,317.63,1.13,1.06,2026-09-11,1930,Aqua,MODIS,55,6.1NRT,299.07,10.4,D
-9.71112,-58.15939,324.88,1.13,1.06,2026-09-11,1930,Aqua,MODIS,78,6.1NRT,299.56,18.97,D
-9.70324,-58.1708,329.89,1.13,1.06,2026-09-11,1930,Aqua,MODIS,83,6.1NRT,301.3,24.83,D
-9.70184,-58.16075,352.47,1.13,1.06,2026-09-11,1930,Aqua,MODIS,96,6.1NRT,302.53,71.75,D
-9.69957,-48.0146,316.88,3.0,1.65,2026-09-11,1930,Aqua,MODIS,43,6.1NRT,302.79,27.51,D
-9.69901,-55.15763,316.17,1.02,1.01,2026-09-11,1930,Aqua,MODIS,52,6.1NRT,304.45,6.26,D
-9.69871,-46.03336,336.35,4.31,1.92,2026-09-11,1930,Aqua,MODIS,86,6.1NRT,301.94,236.3,D
-9.69516,-46.03867,339.55,4.31,1.92,2026-09-11,1930,Aqua,MODIS,88,6.1NRT,302.26,275.26,D
-9.69192,-45.99613,352.06,4.34,1.92,2026-09-11,1930,Aqua,MODIS,96,6.1NRT,303.42,483.2,D
-9.68991,-48.04387,325.11,2.99,1.64,2026-09-11,1930,Aqua,MODIS,74,6.1NRT,304.75,66.69,D
-9.68867,-46.00175,367.25,4.34,1.92,2026-09-11,1930,Aqua,MODIS,100,6.1NRT,303.83,819.84,D
-9.68526,-48.01735,319.51,3.0,1.65,2026-09-11,1930,Aqua,MODIS,61,6.1NRT,304.69,38.48,D
-9.68346,-55.11387,319.75,1.02,1.01,2026-09-11,1930,Aqua,MODIS,57,6.1NRT,304.6,9.68,D
-9.67518,-45.99884,334.3,4.34,1.92,2026-09-11,1930,Aqua,MODIS,84,6.1NRT,301.95,214.26,D
-9.56986,-51.36803,323.23,1.64,1.26,2026-09-11,1930,Aqua,MODIS,73,6.1NRT,300.89,27.84,D
-9.55888,-51.36997,324.45,1.64,1.26,2026-09-11,1930,Aqua,MODIS,75,6.1NRT,301.74,31.0,D
-9.55656,-51.35537,314.53,1.65,1.26,2026-09-11,1930,Aqua,MODIS,31,6.1NRT,301.22,11.54,D
-9.4721,-54.93605,330.6,1.04,1.02,2026-09-11,1930,Aqua,MODIS,83,6.1NRT,305.64,22.65,D
-9.40177,-65.85915,312.57,4.22,1.9,2026-09-11,1930,Aqua,MODIS,61,6.1NRT,292.81,46.71,D
-9.38138,-48.41524,322.16,2.83,1.61,2026-09-11,1930,Aqua,MODIS,69,6.1NRT,307.11,42.18,D
-9.37097,-48.41188,341.53,2.83,1.61,2026-09-11,1930,Aqua,MODIS,89,6.1NRT,306.11,161.95,D
-9.36578,-50.06314,334.21,2.09,1.41,2026-09-11,1930,Aqua,MODIS,0,6.1NRT,303.99,73.84,D
-9.35403,-51.66111,337.16,1.57,1.24,2026-09-11,1930,Aqua,MODIS,87,6.1NRT,305.62,56.55,D
-9.35201,-51.66719,327.0,1.57,1.24,2026-09-11,1930,Aqua,MODIS,78,6.1NRT,305.07,31.2,D
-9.34985,-51.65335,334.3,1.58,1.24,2026-09-11,1930,Aqua,MODIS,85,6.1NRT,305.68,50.02,D
-9.34324,-51.66289,320.71,1.57,1.24,2026-09-11,1930,Aqua,MODIS,70,6.1NRT,304.42,18.11,D
-9.34098,-51.64915,321.69,1.58,1.24,2026-09-11,1930,Aqua,MODIS,71,6.1NRT,304.74,20.34,D
-9.23377,-51.50727,314.21,1.62,1.25,2026-09-11,1930,Aqua,MODIS,41,6.1NRT,301.69,9.84,D
-9.22736,-51.51592,328.69,1.62,1.25,2026-09-11,1930,Aqua,MODIS,80,6.1NRT,303.36,38.99,D
-9.22505,-51.50191,337.08,1.62,1.25,2026-09-11,1930,Aqua,MODIS,87,6.1NRT,303.28,63.08,D
-9.22282,-51.5091,340.07,1.62,1.25,2026-09-11,1930,Aqua,MODIS,89,6.1NRT,303.71,72.64,D
-9.20482,-65.79176,310.81,4.14,1.88,2026-09-11,1930,Aqua,MODIS,42,6.1NRT,292.03,43.25,D
-9.18766,-59.69768,320.13,1.37,1.16,2026-09-11,1930,Aqua,MODIS,74,6.1NRT,277.18,24.29,D
-9.186,-59.6856,312.67,1.37,1.16,2026-09-11,1930,Aqua,MODIS,58,6.1NRT,278.84,13.53,D
-9.18504,-65.94699,311.31,4.25,1.91,2026-09-11,1930,Aqua,MODIS,46,6.1NRT,292.75,39.14,D
-9.18501,-59.4563,331.25,1.32,1.14,2026-09-11,1930,Aqua,MODIS,84,6.1NRT,288.35,36.84,D
-9.18176,-59.43309,317.52,1.32,1.14,2026-09-11,1930,Aqua,MODIS,70,6.1NRT,288.83,14.67,D
-9.17027,-58.31531,337.54,1.14,1.06,2026-09-11,1930,Aqua,MODIS,89,6.1NRT,304.18,35.38,D
-9.16887,-58.30532,326.99,1.14,1.06,2026-09-11,1930,Aqua,MODIS,73,6.1NRT,304.47,17.87,D
-9.16796,-59.55434,320.05,1.34,1.15,2026-09-11,1930,Aqua,MODIS,74,6.1NRT,281.23,21.7,D
-9.16656,-56.92994,318.83,1.02,1.01,2026-09-11,1930,Aqua,MODIS,42,6.1NRT,301.32,6.64,D
-9.16635,-49.97658,319.72,2.14,1.42,2026-09-11,1930,Aqua,MODIS,61,6.1NRT,305.33,20.71,D
-9.16373,-59.37678,322.98,1.31,1.13,2026-09-11,1930,Aqua,MODIS,52,6.1NRT,296.89,21.03,D
-9.16351,-49.98432,326.32,2.14,1.42,2026-09-11,1930,Aqua,MODIS,76,6.1NRT,304.98,42.45,D
-9.16097,-58.31669,325.55,1.14,1.06,2026-09-11,1930,Aqua,MODIS,74,6.1NRT,303.14,17.31,D
-9.16006,-51.60618,351.83,1.6,1.25,2026-09-11,1930,Aqua,MODIS,96,6.1NRT,303.8,114.24,D
-9.15957,-58.30668,323.09,1.14,1.06,2026-09-11,1930,Aqua,MODIS,66,6.1NRT,304.6,13.63,D
-9.15871,-51.61186,346.89,1.6,1.25,2026-09-11,1930,Aqua,MODIS,93,6.1NRT,304.03,92.46,D
-9.15786,-66.0988,312.34,4.38,1.93,2026-09-11,1930,Aqua,MODIS,54,6.1NRT,292.45,43.8,D
-9.15653,-51.59791,327.34,1.6,1.25,2026-09-11,1930,Aqua,MODIS,79,6.1NRT,303.44,32.44,D
-9.15152,-51.62208,314.97,1.6,1.24,2026-09-11,1930,Aqua,MODIS,16,6.1NRT,302.53,9.57,D
-9.14919,-51.60799,325.31,1.6,1.25,2026-09-11,1930,Aqua,MODIS,69,6.1NRT,303.8,27.86,D
-9.14688,-51.59395,338.87,1.6,1.25,2026-09-11,1930,Aqua,MODIS,88,6.1NRT,303.86,63.99,D
-9.14565,-51.59973,330.65,1.6,1.25,2026-09-11,1930,Aqua,MODIS,82,6.1NRT,304.0,41.89,D
-9.14346,-51.58584,319.68,1.61,1.25,2026-09-11,1930,Aqua,MODIS,40,6.1NRT,302.61,16.56,D
-9.13685,-58.26585,321.27,1.13,1.06,2026-09-11,1930,Aqua,MODIS,66,6.1NRT,303.68,13.6,D
-9.12166,-59.00569,321.5,1.24,1.11,2026-09-11,1930,Aqua,MODIS,75,6.1NRT,300.06,18.87,D
-9.05134,-65.75076,314.34,4.08,1.87,2026-09-11,1930,Aqua,MODIS,55,6.1NRT,293.27,62.52,D
-9.04204,-65.74445,314.72,4.08,1.87,2026-09-11,1930,Aqua,MODIS,62,6.1NRT,293.17,61.9,D
-9.03517,-49.83013,323.17,2.21,1.44,2026-09-11,1930,Aqua,MODIS,0,6.1NRT,303.37,36.08,D
-8.80057,-50.47894,315.86,1.98,1.37,2026-09-11,1930,Aqua,MODIS,51,6.1NRT,301.66,12.88,D
-8.79765,-50.46143,317.13,1.99,1.38,2026-09-11,1930,Aqua,MODIS,61,6.1NRT,303.02,15.2,D
-8.7936,-50.46751,322.72,1.99,1.38,2026-09-11,1930,Aqua,MODIS,55,6.1NRT,302.84,30.45,D
-8.76388,-53.37676,314.43,1.23,1.1,2026-09-11,1930,Aqua,MODIS,62,6.1NRT,303.71,7.52,D
-8.72965,-50.60207,321.84,1.95,1.36,2026-09-11,1930,Aqua,MODIS,72,6.1NRT,302.61,29.09,D
-8.72698,-53.39373,338.33,1.23,1.1,2026-09-11,1930,Aqua,MODIS,77,6.1NRT,304.42,45.24,D
-8.69655,-49.54333,318.57,2.37,1.49,2026-09-11,1930,Aqua,MODIS,61,6.1NRT,303.76,25.32,D
-8.64688,-66.51672,329.89,4.64,1.97,2026-09-11,1930,Aqua,MODIS,72,6.1NRT,289.78,224.45,D
-8.64495,-66.52063,330.85,4.64,1.97,2026-09-11,1930,Aqua,MODIS,79,6.1NRT,289.98,236.35,D
-8.63613,-48.16929,320.26,3.06,1.66,2026-09-11,1930,Aqua,MODIS,51,6.1NRT,304.67,40.63,D
-8.62212,-55.24402,318.21,1.03,1.01,2026-09-11,1930,Aqua,MODIS,23,6.1NRT,302.58,7.47,D
-8.62076,-55.23498,326.05,1.03,1.01,2026-09-11,1930,Aqua,MODIS,66,6.1NRT,301.56,15.23,D
-8.61803,-55.21685,322.21,1.03,1.01,2026-09-11,1930,Aqua,MODIS,67,6.1NRT,299.74,12.36,D
-8.59357,-54.56639,319.33,1.08,1.04,2026-09-11,1930,Aqua,MODIS,47,6.1NRT,288.08,12.9,D
-8.58592,-54.5773,338.29,1.08,1.04,2026-09-11,1930,Aqua,MODIS,89,6.1NRT,290.59,38.86,D
-8.58449,-54.56778,347.02,1.08,1.04,2026-09-11,1930,Aqua,MODIS,94,6.1NRT,290.88,56.58,D
-8.57685,-54.57873,323.83,1.08,1.04,2026-09-11,1930,Aqua,MODIS,77,6.1NRT,288.82,18.31,D
-8.57541,-54.56918,335.74,1.08,1.04,2026-09-11,1930,Aqua,MODIS,87,6.1NRT,290.54,35.53,D
-8.49654,-54.65505,330.8,1.08,1.04,2026-09-11,1930,Aqua,MODIS,84,6.1NRT,308.06,22.49,D
-8.36018,-50.8004,313.91,1.91,1.35,2026-09-11,1930,Aqua,MODIS,54,6.1NRT,299.32,13.89,D
-8.33044,-54.77995,336.52,1.07,1.03,2026-09-11,1930,Aqua,MODIS,88,6.1NRT,303.19,32.74,D
-8.32902,-54.7705,356.75,1.07,1.03,2026-09-11,1930,Aqua,MODIS,98,6.1NRT,308.2,76.5,D
-8.32761,-54.7611,333.42,1.07,1.03,2026-09-11,1930,Aqua,MODIS,86,6.1NRT,306.59,27.24,D
-8.32142,-54.78132,357.97,1.07,1.03,2026-09-11,1930,Aqua,MODIS,99,6.1NRT,304.05,80.32,D
-8.32,-54.77191,359.9,1.07,1.03,2026-09-11,1930,Aqua,MODIS,99,6.1NRT,304.84,86.04,D
-8.31859,-54.76252,318.18,1.07,1.03,2026-09-11,1930,Aqua,MODIS,70,6.1NRT,303.65,8.54,D
-8.27413,-51.20101,364.66,1.78,1.31,2026-09-11,1930,Aqua,MODIS,100,6.1NRT,305.07,215.65,D
-8.27156,-51.18533,324.29,1.79,1.31,2026-09-11,1930,Aqua,MODIS,76,6.1NRT,302.57,34.59,D
-8.26765,-55.47614,326.09,1.02,1.01,2026-09-11,1930,Aqua,MODIS,80,6.1NRT,297.44,19.28,D
-8.26183,-51.19399,340.18,1.79,1.31,2026-09-11,1930,Aqua,MODIS,90,6.1NRT,303.78,83.77,D
-8.19574,-64.07411,306.16,2.9,1.62,2026-09-11,1930,Aqua,MODIS,28,6.1NRT,289.38,14.84,D
-8.19233,-64.07911,308.15,2.9,1.62,2026-09-11,1930,Aqua,MODIS,57,6.1NRT,289.18,21.41,D
-8.17994,-46.68629,333.7,4.11,1.88,2026-09-11,1930,Aqua,MODIS,84,6.1NRT,299.02,201.48,D
-8.17465,-46.69182,328.79,4.11,1.88,2026-09-11,1930,Aqua,MODIS,60,6.1NRT,299.23,151.98,D
-8.1502,-54.81062,313.71,1.07,1.03,2026-09-11,1930,Aqua,MODIS,52,6.1NRT,302.64,5.43,D
-8.12517,-55.071,311.09,1.05,1.02,2026-09-11,1930,Aqua,MODIS,52,6.1NRT,285.97,6.82,D
-8.12171,-54.80541,343.82,1.07,1.03,2026-09-11,1930,Aqua,MODIS,92,6.1NRT,305.1,45.91,D
-8.12029,-54.79603,402.78,1.07,1.03,2026-09-11,1930,Aqua,MODIS,100,6.1NRT,314.92,288.92,D
-8.11887,-54.78659,360.19,1.07,1.03,2026-09-11,1930,Aqua,MODIS,100,6.1NRT,307.98,86.53,D
-8.11126,-54.79743,338.17,1.07,1.03,2026-09-11,1930,Aqua,MODIS,89,6.1NRT,305.47,34.78,D
-8.10935,-54.84566,344.46,1.07,1.03,2026-09-11,1930,Aqua,MODIS,92,6.1NRT,304.96,46.29,D
-8.09892,-54.83773,331.55,1.07,1.03,2026-09-11,1930,Aqua,MODIS,47,6.1NRT,305.66,21.2,D
-8.09559,-54.87647,317.14,1.06,1.03,2026-09-11,1930,Aqua,MODIS,33,6.1NRT,301.47,8.19,D
-8.09417,-54.86716,326.91,1.06,1.03,2026-09-11,1930,Aqua,MODIS,34,6.1NRT,303.28,17.25,D
-8.08523,-54.87506,315.54,1.06,1.03,2026-09-11,1930,Aqua,MODIS,45,6.1NRT,300.86,6.66,D
-8.08383,-54.86569,332.52,1.07,1.03,2026-09-11,1930,Aqua,MODIS,85,6.1NRT,303.14,27.7,D
-8.08244,-54.85639,320.52,1.07,1.03,2026-09-11,1930,Aqua,MODIS,35,6.1NRT,303.32,10.78,D
-8.08105,-54.8471,326.78,1.07,1.03,2026-09-11,1930,Aqua,MODIS,81,6.1NRT,304.17,19.22,D
-8.07965,-54.83766,319.32,1.07,1.03,2026-09-11,1930,Aqua,MODIS,60,6.1NRT,303.49,9.89,D
-8.07482,-54.8671,347.94,1.07,1.03,2026-09-11,1930,Aqua,MODIS,94,6.1NRT,303.07,55.07,D
-8.07343,-54.8578,358.23,1.07,1.03,2026-09-11,1930,Aqua,MODIS,99,6.1NRT,304.52,80.24,D
-8.07203,-54.84844,343.5,1.07,1.03,2026-09-11,1930,Aqua,MODIS,92,6.1NRT,302.56,45.18,D
-7.91468,-56.64414,318.84,1.0,1.0,2026-09-11,1930,Aqua,MODIS,68,6.1NRT,301.78,9.8,D
-7.86588,-55.44269,323.07,1.03,1.01,2026-09-11,1930,Aqua,MODIS,76,6.1NRT,301.28,13.39,D
-7.86453,-55.43365,332.76,1.03,1.01,2026-09-11,1930,Aqua,MODIS,85,6.1NRT,301.64,25.95,D
-7.85042,-56.5878,313.86,1.0,1.0,2026-09-11,1930,Aqua,MODIS,62,6.1NRT,299.56,5.76,D
-7.79992,-55.62458,312.55,1.02,1.01,2026-09-11,1930,Aqua,MODIS,57,6.1NRT,299.78,5.44,D
-7.72116,-55.65149,314.22,1.02,1.01,2026-09-11,1930,Aqua,MODIS,56,6.1NRT,299.8,6.5,D
-7.70775,-55.37174,322.16,1.03,1.02,2026-09-11,1930,Aqua,MODIS,75,6.1NRT,299.03,12.89,D
-7.70638,-55.36268,313.64,1.03,1.02,2026-09-11,1930,Aqua,MODIS,48,6.1NRT,296.78,4.73,D
-7.67886,-56.05436,331.94,1.0,1.0,2026-09-11,1930,Aqua,MODIS,80,6.1NRT,288.93,26.3,D
-7.67239,-55.07756,340.96,1.05,1.03,2026-09-11,1930,Aqua,MODIS,90,6.1NRT,302.7,41.58,D
-7.67099,-55.0683,363.61,1.06,1.03,2026-09-11,1930,Aqua,MODIS,100,6.1NRT,304.07,97.33,D
-7.57867,-57.7075,317.81,1.04,1.02,2026-09-11,1930,Aqua,MODIS,70,6.1NRT,300.38,8.98,D
-7.56851,-63.36104,336.44,2.48,1.52,2026-09-11,1930,Aqua,MODIS,89,6.1NRT,293.42,119.58,D
-7.56565,-63.33946,342.02,2.47,1.51,2026-09-11,1930,Aqua,MODIS,92,6.1NRT,292.71,152.09,D
-7.55938,-63.3673,312.03,2.48,1.52,2026-09-11,1930,Aqua,MODIS,27,6.1NRT,292.79,17.74,D
-7.55637,-63.34569,327.82,2.47,1.51,2026-09-11,1930,Aqua,MODIS,84,6.1NRT,292.85,74.56,D
-7.53918,-63.34309,312.46,2.47,1.51,2026-09-11,1930,Aqua,MODIS,36,6.1NRT,292.66,19.12,D
-7.52991,-63.34938,316.26,2.47,1.51,2026-09-11,1930,Aqua,MODIS,73,6.1NRT,293.06,33.27,D
-7.43574,-55.53964,312.61,1.03,1.01,2026-09-11,1930,Aqua,MODIS,59,6.1NRT,293.79,7.51,D
-7.43441,-55.53062,311.35,1.03,1.01,2026-09-11,1930,Aqua,MODIS,54,6.1NRT,294.27,6.1,D
-7.25516,-56.31039,318.04,1.0,1.0,2026-09-11,1930,Aqua,MODIS,70,6.1NRT,300.45,9.47,D
-7.24641,-56.31171,316.54,1.0,1.0,2026-09-11,1930,Aqua,MODIS,56,6.1NRT,300.16,8.52,D
-7.07671,-50.34367,314.93,2.19,1.44,2026-09-11,1930,Aqua,MODIS,40,6.1NRT,298.31,19.41,D
-7.07587,-55.2874,316.12,1.05,1.02,2026-09-11,1930,Aqua,MODIS,66,6.1NRT,301.5,7.38,D
-7.05854,-50.73405,315.89,2.04,1.39,2026-09-11,1930,Aqua,MODIS,30,6.1NRT,297.51,21.32,D
-7.05573,-50.71629,324.42,2.05,1.39,2026-09-11,1930,Aqua,MODIS,77,6.1NRT,299.26,45.3,D
-6.98204,-59.28896,310.79,1.21,1.09,2026-09-11,1930,Aqua,MODIS,50,6.1NRT,284.92,9.06,D
-6.92819,-55.65638,333.47,1.03,1.01,2026-09-11,1930,Aqua,MODIS,86,6.1NRT,299.95,26.85,D
-6.92685,-55.64739,349.15,1.03,1.01,2026-09-11,1930,Aqua,MODIS,89,6.1NRT,301.58,54.68,D
-6.9255,-55.6384,323.64,1.03,1.01,2026-09-11,1930,Aqua,MODIS,53,6.1NRT,298.66,13.96,D
-6.91884,-62.90742,320.93,2.22,1.44,2026-09-11,1930,Aqua,MODIS,49,6.1NRT,292.35,40.06,D
-6.90641,-58.92565,315.03,1.15,1.07,2026-09-11,1930,Aqua,MODIS,30,6.1NRT,300.92,10.64,D
-6.89749,-55.6493,322.69,1.03,1.01,2026-09-11,1930,Aqua,MODIS,76,6.1NRT,297.0,14.32,D
-6.89615,-55.6403,318.08,1.03,1.01,2026-09-11,1930,Aqua,MODIS,68,6.1NRT,296.12,8.63,D
-6.89192,-59.40107,330.25,1.22,1.1,2026-09-11,1930,Aqua,MODIS,65,6.1NRT,290.93,34.11,D
-6.88997,-55.65964,372.71,1.03,1.01,2026-09-11,1930,Aqua,MODIS,100,6.1NRT,303.44,123.39,D
-6.88863,-55.65065,447.06,1.03,1.01,2026-09-11,1930,Aqua,MODIS,100,6.1NRT,318.28,693.52,D
-6.88729,-55.64165,373.13,1.03,1.01,2026-09-11,1930,Aqua,MODIS,100,6.1NRT,306.08,123.5,D
-6.88595,-55.63264,364.12,1.03,1.01,2026-09-11,1930,Aqua,MODIS,100,6.1NRT,305.15,93.01,D
-6.88461,-55.62362,335.16,1.03,1.01,2026-09-11,1930,Aqua,MODIS,87,6.1NRT,301.37,29.14,D
-6.87977,-55.65201,326.99,1.03,1.01,2026-09-11,1930,Aqua,MODIS,75,6.1NRT,297.56,18.47,D
-6.87844,-55.64303,332.62,1.03,1.01,2026-09-11,1930,Aqua,MODIS,85,6.1NRT,299.21,25.02,D
-6.87709,-55.63401,341.46,1.03,1.01,2026-09-11,1930,Aqua,MODIS,91,6.1NRT,299.83,39.3,D
-6.86173,-55.27574,329.83,1.05,1.02,2026-09-11,1930,Aqua,MODIS,83,6.1NRT,300.15,21.33,D
-6.86034,-55.26651,328.06,1.05,1.03,2026-09-11,1930,Aqua,MODIS,76,6.1NRT,300.91,18.36,D
-6.85895,-55.25732,371.1,1.05,1.03,2026-09-11,1930,Aqua,MODIS,100,6.1NRT,304.68,120.11,D
-6.85755,-55.2481,338.66,1.06,1.03,2026-09-11,1930,Aqua,MODIS,89,6.1NRT,304.42,35.33,D
-6.84888,-59.37464,330.9,1.22,1.1,2026-09-11,1930,Aqua,MODIS,84,6.1NRT,292.43,32.76,D
-6.84736,-59.36397,349.65,1.22,1.1,2026-09-11,1930,Aqua,MODIS,95,6.1NRT,294.88,75.49,D
-6.84584,-59.35325,317.58,1.22,1.1,2026-09-11,1930,Aqua,MODIS,39,6.1NRT,295.13,13.98,D
-6.83927,-59.37602,324.47,1.22,1.1,2026-09-11,1930,Aqua,MODIS,79,6.1NRT,289.54,22.53,D
-6.83777,-59.36537,325.78,1.22,1.1,2026-09-11,1930,Aqua,MODIS,80,6.1NRT,290.53,24.42,D
-6.83581,-55.29578,326.98,1.05,1.02,2026-09-11,1930,Aqua,MODIS,51,6.1NRT,303.36,15.86,D
-6.82929,-58.65252,346.05,1.12,1.05,2026-09-11,1930,Aqua,MODIS,93,6.1NRT,300.64,55.06,D
-6.82823,-55.30635,331.5,1.05,1.02,2026-09-11,1930,Aqua,MODIS,66,6.1NRT,303.84,22.75,D
-6.82789,-58.64273,335.25,1.12,1.05,2026-09-11,1930,Aqua,MODIS,87,6.1NRT,298.92,33.11,D
-6.82377,-58.99603,340.26,1.16,1.07,2026-09-11,1930,Aqua,MODIS,90,6.1NRT,301.19,47.61,D
-6.80918,-58.89496,324.82,1.15,1.07,2026-09-11,1930,Aqua,MODIS,54,6.1NRT,297.73,19.56,D
-6.80399,-58.79344,318.07,1.13,1.06,2026-09-11,1930,Aqua,MODIS,71,6.1NRT,294.94,13.31,D
-6.79985,-58.89632,331.55,1.15,1.07,2026-09-11,1930,Aqua,MODIS,49,6.1NRT,299.51,27.49,D
-6.79774,-58.9481,314.52,1.15,1.07,2026-09-11,1930,Aqua,MODIS,41,6.1NRT,299.31,8.66,D
-6.7755,-59.43444,330.5,1.23,1.1,2026-09-11,1930,Aqua,MODIS,84,6.1NRT,279.66,35.65,D
-6.77055,-58.62776,326.47,1.11,1.05,2026-09-11,1930,Aqua,MODIS,81,6.1NRT,299.01,20.84,D
-6.76914,-58.61802,338.7,1.11,1.05,2026-09-11,1930,Aqua,MODIS,89,6.1NRT,301.85,40.82,D
-6.76586,-59.43577,319.06,1.23,1.1,2026-09-11,1930,Aqua,MODIS,70,6.1NRT,276.95,19.89,D
-6.61851,-58.85298,394.43,1.14,1.06,2026-09-11,1930,Aqua,MODIS,100,6.1NRT,304.22,259.31,D
-6.61707,-58.843,404.97,1.13,1.06,2026-09-11,1930,Aqua,MODIS,100,6.1NRT,302.75,333.3,D
-6.60778,-58.84437,314.74,1.13,1.06,2026-09-11,1930,Aqua,MODIS,18,6.1NRT,296.75,7.23,D
-6.58065,-55.62319,339.75,1.03,1.02,2026-09-11,1930,Aqua,MODIS,78,6.1NRT,301.63,38.71,D
-6.5793,-55.61417,325.32,1.03,1.02,2026-09-11,1930,Aqua,MODIS,79,6.1NRT,300.63,17.92,D
-6.57513,-51.09791,320.72,1.95,1.36,2026-09-11,1930,Aqua,MODIS,72,6.1NRT,300.83,26.19,D
-6.57041,-58.98284,347.09,1.15,1.07,2026-09-11,1930,Aqua,MODIS,94,6.1NRT,298.76,61.45,D
-6.56197,-56.06221,315.23,1.01,1.01,2026-09-11,1930,Aqua,MODIS,65,6.1NRT,300.89,7.1,D
-6.51929,-58.29592,330.4,1.07,1.03,2026-09-11,1930,Aqua,MODIS,79,6.1NRT,301.6,25.2,D
-6.51793,-58.28656,327.68,1.07,1.03,2026-09-11,1930,Aqua,MODIS,82,6.1NRT,296.99,21.65,D
-6.515,-51.82372,313.5,1.72,1.29,2026-09-11,1930,Aqua,MODIS,54,6.1NRT,298.32,11.78,D
-6.51024,-58.29727,326.75,1.07,1.03,2026-09-11,1930,Aqua,MODIS,61,6.1NRT,301.25,19.61,D
-6.50889,-58.28785,343.75,1.07,1.03,2026-09-11,1930,Aqua,MODIS,87,6.1NRT,300.91,48.05,D
-6.50567,-58.3943,314.29,1.08,1.04,2026-09-11,1930,Aqua,MODIS,57,6.1NRT,300.5,5.56,D
-6.50431,-58.38482,326.38,1.08,1.04,2026-09-11,1930,Aqua,MODIS,80,6.1NRT,301.68,19.02,D
-6.4446,-58.16017,315.87,1.06,1.03,2026-09-11,1930,Aqua,MODIS,59,6.1NRT,300.89,7.72,D
-6.44325,-58.15092,329.73,1.06,1.03,2026-09-11,1930,Aqua,MODIS,63,6.1NRT,301.34,23.32,D
-6.44178,-56.11325,316.34,1.01,1.01,2026-09-11,1930,Aqua,MODIS,50,6.1NRT,295.83,8.96,D
-6.44045,-56.10435,321.64,1.01,1.01,2026-09-11,1930,Aqua,MODIS,75,6.1NRT,297.77,13.62,D
-6.433,-56.1146,365.31,1.01,1.01,2026-09-11,1930,Aqua,MODIS,100,6.1NRT,300.89,96.09,D
-6.43166,-56.10569,409.19,1.01,1.01,2026-09-11,1930,Aqua,MODIS,100,6.1NRT,307.26,310.48,D
-6.42688,-54.78754,316.3,1.11,1.05,2026-09-11,1930,Aqua,MODIS,55,6.1NRT,299.67,8.47,D
-6.4254,-54.77786,333.14,1.11,1.05,2026-09-11,1930,Aqua,MODIS,85,6.1NRT,300.62,30.28,D
-6.4066,-55.20583,323.82,1.07,1.03,2026-09-11,1930,Aqua,MODIS,77,6.1NRT,297.72,16.41,D
-6.39759,-55.20724,339.47,1.07,1.03,2026-09-11,1930,Aqua,MODIS,90,6.1NRT,301.55,37.59,D
-6.39678,-54.76894,351.56,1.11,1.05,2026-09-11,1930,Aqua,MODIS,96,6.1NRT,300.05,69.26,D
-6.39532,-54.75919,326.04,1.11,1.05,2026-09-11,1930,Aqua,MODIS,79,6.1NRT,296.65,20.7,D
-6.38097,-58.29313,319.19,1.07,1.03,2026-09-11,1930,Aqua,MODIS,73,6.1NRT,299.84,10.86,D
-6.37943,-55.2061,319.06,1.07,1.03,2026-09-11,1930,Aqua,MODIS,62,6.1NRT,302.63,10.26,D
-6.36608,-57.87202,322.57,1.04,1.02,2026-09-11,1930,Aqua,MODIS,76,6.1NRT,299.83,13.6,D
-6.34696,-57.86556,325.55,1.04,1.02,2026-09-11,1930,Aqua,MODIS,79,6.1NRT,300.33,15.99,D
-6.34616,-55.23036,315.88,1.07,1.03,2026-09-11,1930,Aqua,MODIS,59,6.1NRT,301.69,6.0,D
-6.33847,-55.86267,333.84,1.02,1.01,2026-09-11,1930,Aqua,MODIS,81,6.1NRT,301.42,24.55,D
-6.33714,-55.85372,362.81,1.02,1.01,2026-09-11,1930,Aqua,MODIS,100,6.1NRT,304.04,86.73,D
-6.33614,-55.72532,325.44,1.03,1.01,2026-09-11,1930,Aqua,MODIS,79,6.1NRT,300.9,17.67,D
-6.3358,-55.84475,340.03,1.02,1.01,2026-09-11,1930,Aqua,MODIS,90,6.1NRT,301.75,35.33,D
-6.33479,-55.71629,314.92,1.03,1.01,2026-09-11,1930,Aqua,MODIS,49,6.1NRT,299.74,6.79,D
-6.33363,-55.89082,332.14,1.02,1.01,2026-09-11,1930,Aqua,MODIS,85,6.1NRT,300.51,24.89,D
-6.3323,-55.8819,326.47,1.02,1.01,2026-09-11,1930,Aqua,MODIS,79,6.1NRT,300.45,17.01,D
-6.33127,-57.75717,317.15,1.03,1.01,2026-09-11,1930,Aqua,MODIS,58,6.1NRT,299.62,8.07,D
-6.32996,-57.74815,332.23,1.03,1.01,2026-09-11,1930,Aqua,MODIS,80,6.1NRT,301.71,25.47,D
-6.32963,-55.864,335.69,1.02,1.01,2026-09-11,1930,Aqua,MODIS,87,6.1NRT,302.75,27.06,D
-6.32727,-55.72666,315.13,1.03,1.01,2026-09-11,1930,Aqua,MODIS,40,6.1NRT,299.17,6.75,D
-6.3213,-56.06213,339.51,1.01,1.01,2026-09-11,1930,Aqua,MODIS,90,6.1NRT,298.86,37.0,D
-6.31999,-56.05326,334.44,1.01,1.01,2026-09-11,1930,Aqua,MODIS,87,6.1NRT,300.56,29.18,D
-6.31095,-53.31345,313.62,1.35,1.15,2026-09-11,1930,Aqua,MODIS,34,6.1NRT,298.97,9.66,D
-6.30988,-56.04573,317.77,1.01,1.01,2026-09-11,1930,Aqua,MODIS,62,6.1NRT,297.34,10.14,D
-6.29713,-56.02043,350.96,1.02,1.01,2026-09-11,1930,Aqua,MODIS,96,6.1NRT,300.79,59.4,D
-6.29352,-59.93407,324.77,1.3,1.13,2026-09-11,1930,Aqua,MODIS,80,6.1NRT,297.57,25.77,D
-6.29192,-59.92285,312.05,1.29,1.13,2026-09-11,1930,Aqua,MODIS,63,6.1NRT,296.49,8.31,D
-6.29095,-56.03949,326.92,1.02,1.01,2026-09-11,1930,Aqua,MODIS,79,6.1NRT,298.68,18.67,D
-6.28964,-56.03064,399.47,1.02,1.01,2026-09-11,1930,Aqua,MODIS,100,6.1NRT,308.96,248.1,D
-6.28832,-56.02177,410.71,1.02,1.01,2026-09-11,1930,Aqua,MODIS,100,6.1NRT,308.82,323.99,D
-6.28701,-56.0129,315.3,1.02,1.01,2026-09-11,1930,Aqua,MODIS,29,6.1NRT,299.64,6.97,D
-6.27476,-50.83597,314.03,2.07,1.4,2026-09-11,1930,Aqua,MODIS,51,6.1NRT,297.49,15.77,D
-6.27216,-50.84155,319.36,2.07,1.4,2026-09-11,1930,Aqua,MODIS,67,6.1NRT,297.42,29.04,D
-6.26029,-57.78333,328.96,1.03,1.01,2026-09-11,1930,Aqua,MODIS,62,6.1NRT,300.48,20.92,D
-6.25148,-55.40316,318.2,1.05,1.03,2026-09-11,1930,Aqua,MODIS,70,6.1NRT,299.94,9.23,D
-6.24915,-51.67416,313.36,1.78,1.31,2026-09-11,1930,Aqua,MODIS,30,6.1NRT,298.0,11.18,D
-6.23128,-51.70874,344.71,1.77,1.3,2026-09-11,1930,Aqua,MODIS,70,6.1NRT,300.17,100.26,D
-6.22025,-55.5635,318.02,1.04,1.02,2026-09-11,1930,Aqua,MODIS,70,6.1NRT,301.45,9.31,D
-6.2195,-55.92296,313.73,1.02,1.01,2026-09-11,1930,Aqua,MODIS,62,6.1NRT,300.97,6.04,D
-6.21462,-57.78086,332.23,1.03,1.01,2026-09-11,1930,Aqua,MODIS,85,6.1NRT,300.63,25.27,D
-6.21391,-55.27616,356.75,1.07,1.03,2026-09-11,1930,Aqua,MODIS,93,6.1NRT,298.88,77.65,D
-6.21333,-57.77187,336.44,1.03,1.01,2026-09-11,1930,Aqua,MODIS,88,6.1NRT,301.36,30.87,D
-6.21249,-55.26682,364.52,1.07,1.03,2026-09-11,1930,Aqua,MODIS,94,6.1NRT,299.91,99.98,D
-6.20842,-53.17636,313.73,1.38,1.16,2026-09-11,1930,Aqua,MODIS,19,6.1NRT,297.52,8.96,D
-6.20471,-55.27396,326.66,1.07,1.03,2026-09-11,1930,Aqua,MODIS,65,6.1NRT,299.46,17.92,D
-6.20332,-55.26457,347.42,1.07,1.03,2026-09-11,1930,Aqua,MODIS,94,6.1NRT,301.7,54.18,D
-6.20193,-55.25522,321.59,1.07,1.03,2026-09-11,1930,Aqua,MODIS,70,6.1NRT,297.16,12.96,D
-6.19637,-53.16586,315.38,1.39,1.17,2026-09-11,1930,Aqua,MODIS,56,6.1NRT,298.92,11.0,D
-6.19044,-52.78434,318.94,1.47,1.2,2026-09-11,1930,Aqua,MODIS,71,6.1NRT,301.93,16.1,D
-6.18995,-57.74436,328.93,1.03,1.01,2026-09-11,1930,Aqua,MODIS,68,6.1NRT,303.3,18.03,D
-6.18733,-57.72643,352.82,1.03,1.01,2026-09-11,1930,Aqua,MODIS,84,6.1NRT,302.76,58.83,D
-6.18602,-57.71748,365.07,1.03,1.01,2026-09-11,1930,Aqua,MODIS,0,6.1NRT,303.87,92.7,D
-6.18109,-57.74564,323.57,1.03,1.01,2026-09-11,1930,Aqua,MODIS,48,6.1NRT,301.31,11.17,D
-6.18039,-53.46555,320.64,1.32,1.14,2026-09-11,1930,Aqua,MODIS,73,6.1NRT,303.31,15.03,D
-6.17585,-57.70979,324.63,1.02,1.01,2026-09-11,1930,Aqua,MODIS,55,6.1NRT,301.13,12.33,D
-6.15529,-55.69123,316.18,1.04,1.02,2026-09-11,1930,Aqua,MODIS,68,6.1NRT,300.52,8.28,D
-6.14228,-56.10147,312.07,1.01,1.01,2026-09-11,1930,Aqua,MODIS,58,6.1NRT,298.84,5.37,D
-6.14045,-57.71501,324.65,1.02,1.01,2026-09-11,1930,Aqua,MODIS,73,6.1NRT,301.63,10.49,D
-6.1316,-57.7163,323.47,1.02,1.01,2026-09-11,1930,Aqua,MODIS,66,6.1NRT,301.23,8.82,D
-6.12189,-55.65012,341.76,1.04,1.02,2026-09-11,1930,Aqua,MODIS,91,6.1NRT,301.37,41.87,D
-6.12054,-55.64109,357.2,1.04,1.02,2026-09-11,1930,Aqua,MODIS,98,6.1NRT,304.01,75.12,D
-6.11919,-55.63203,327.58,1.04,1.02,2026-09-11,1930,Aqua,MODIS,81,6.1NRT,302.24,18.6,D
-6.11912,-54.53096,316.03,1.15,1.07,2026-09-11,1930,Aqua,MODIS,67,6.1NRT,300.09,9.87,D
-6.11758,-54.52087,349.37,1.15,1.07,2026-09-11,1930,Aqua,MODIS,95,6.1NRT,301.83,67.81,D
-6.11434,-55.66047,358.45,1.04,1.02,2026-09-11,1930,Aqua,MODIS,99,6.1NRT,301.89,80.47,D
-6.11299,-55.65144,409.45,1.04,1.02,2026-09-11,1930,Aqua,MODIS,100,6.1NRT,310.66,325.21,D
-6.11165,-55.6425,362.0,1.04,1.02,2026-09-11,1930,Aqua,MODIS,100,6.1NRT,306.1,88.92,D
-6.11029,-55.63341,351.74,1.04,1.02,2026-09-11,1930,Aqua,MODIS,96,6.1NRT,305.25,61.56,D
-6.10483,-55.59696,314.31,1.04,1.02,2026-09-11,1930,Aqua,MODIS,50,6.1NRT,301.04,5.6,D
-6.1041,-55.65287,348.83,1.04,1.02,2026-09-11,1930,Aqua,MODIS,95,6.1NRT,301.2,56.47,D
-6.10275,-55.64388,357.15,1.04,1.02,2026-09-11,1930,Aqua,MODIS,98,6.1NRT,303.32,75.7,D
-6.10193,-57.90184,318.81,1.04,1.02,2026-09-11,1930,Aqua,MODIS,24,6.1NRT,300.19,9.35,D
-6.10138,-55.63472,325.23,1.04,1.02,2026-09-11,1930,Aqua,MODIS,79,6.1NRT,302.16,16.7,D
-6.10061,-57.8928,331.89,1.03,1.02,2026-09-11,1930,Aqua,MODIS,85,6.1NRT,297.63,24.5,D
-6.09434,-57.91216,319.39,1.04,1.02,2026-09-11,1930,Aqua,MODIS,24,6.1NRT,301.52,9.8,D
-6.09303,-57.90312,326.86,1.04,1.02,2026-09-11,1930,Aqua,MODIS,81,6.1NRT,302.7,18.55,D
-6.07366,-53.50009,349.43,1.32,1.14,2026-09-11,1930,Aqua,MODIS,95,6.1NRT,299.75,81.29,D
-6.07191,-53.48872,371.35,1.32,1.14,2026-09-11,1930,Aqua,MODIS,100,6.1NRT,301.61,171.2,D
-6.06945,-57.74107,318.12,1.03,1.01,2026-09-11,1930,Aqua,MODIS,70,6.1NRT,300.08,9.25,D
-6.06814,-57.73211,316.89,1.02,1.01,2026-09-11,1930,Aqua,MODIS,68,6.1NRT,300.02,7.96,D
-6.06373,-53.5018,318.1,1.32,1.14,2026-09-11,1930,Aqua,MODIS,61,6.1NRT,299.93,14.71,D
-6.06193,-53.49023,320.92,1.32,1.14,2026-09-11,1930,Aqua,MODIS,62,6.1NRT,300.86,18.11,D
-6.06054,-53.67669,321.95,1.29,1.13,2026-09-11,1930,Aqua,MODIS,68,6.1NRT,298.12,18.56,D
-6.05956,-57.79757,338.99,1.03,1.01,2026-09-11,1930,Aqua,MODIS,89,6.1NRT,301.22,33.56,D
-6.05826,-57.78858,325.15,1.03,1.01,2026-09-11,1930,Aqua,MODIS,74,6.1NRT,301.68,13.69,D
-6.0566,-57.40687,315.87,1.01,1.0,2026-09-11,1930,Aqua,MODIS,66,6.1NRT,300.08,7.91,D
-6.04763,-53.67407,331.0,1.29,1.13,2026-09-11,1930,Aqua,MODIS,74,6.1NRT,299.5,33.02,D
-6.04163,-58.05567,315.0,1.04,1.02,2026-09-11,1930,Aqua,MODIS,60,6.1NRT,300.93,6.82,D
-6.03778,-53.67561,318.5,1.29,1.13,2026-09-11,1930,Aqua,MODIS,48,6.1NRT,297.38,14.69,D
-6.03404,-57.74632,315.59,1.03,1.01,2026-09-11,1930,Aqua,MODIS,53,6.1NRT,301.52,5.57,D
-6.00996,-53.69137,309.33,1.29,1.13,2026-09-11,1930,Aqua,MODIS,33,6.1NRT,290.8,6.49,D
-6.00895,-55.6913,313.9,1.04,1.02,2026-09-11,1930,Aqua,MODIS,57,6.1NRT,301.56,5.93,D
-6.00823,-53.68013,309.12,1.29,1.13,2026-09-11,1930,Aqua,MODIS,20,6.1NRT,291.38,6.5,D
-6.00759,-55.68223,311.61,1.04,1.02,2026-09-11,1930,Aqua,MODIS,41,6.1NRT,298.76,3.87,D
-5.98567,-53.72953,316.14,1.28,1.12,2026-09-11,1930,Aqua,MODIS,67,6.1NRT,290.41,15.45,D
-5.98298,-57.77781,330.04,1.03,1.01,2026-09-11,1930,Aqua,MODIS,83,6.1NRT,302.04,21.58,D
-5.98168,-57.76888,361.27,1.03,1.01,2026-09-11,1930,Aqua,MODIS,100,6.1NRT,304.14,84.7,D
-5.98038,-57.75995,362.74,1.03,1.01,2026-09-11,1930,Aqua,MODIS,100,6.1NRT,302.89,89.33,D
-5.97413,-57.7791,340.1,1.03,1.01,2026-09-11,1930,Aqua,MODIS,90,6.1NRT,302.93,38.04,D
-5.97283,-57.77018,335.25,1.03,1.01,2026-09-11,1930,Aqua,MODIS,87,6.1NRT,301.46,29.93,D
-5.94108,-57.73825,318.64,1.02,1.01,2026-09-11,1930,Aqua,MODIS,68,6.1NRT,300.15,9.38,D
-5.93979,-57.72934,317.99,1.02,1.01,2026-09-11,1930,Aqua,MODIS,60,6.1NRT,300.21,7.83,D
-5.86795,-52.10511,323.24,1.68,1.27,2026-09-11,1930,Aqua,MODIS,76,6.1NRT,300.07,27.71,D
-5.86317,-53.87428,334.12,1.26,1.12,2026-09-11,1930,Aqua,MODIS,75,6.1NRT,296.42,38.38,D
-5.84078,-51.70632,313.47,1.8,1.32,2026-09-11,1930,Aqua,MODIS,45,6.1NRT,294.79,14.45,D
-5.8318,-53.80007,342.84,1.28,1.12,2026-09-11,1930,Aqua,MODIS,92,6.1NRT,295.15,59.9,D
-5.82199,-53.80153,332.57,1.28,1.12,2026-09-11,1930,Aqua,MODIS,65,6.1NRT,292.94,34.68,D
-5.81392,-53.81415,360.53,1.27,1.12,2026-09-11,1930,Aqua,MODIS,100,6.1NRT,294.53,110.44,D
-5.8122,-53.80304,352.76,1.28,1.12,2026-09-11,1930,Aqua,MODIS,96,6.1NRT,294.81,83.71,D
-5.80414,-53.81569,350.93,1.27,1.12,2026-09-11,1930,Aqua,MODIS,96,6.1NRT,297.82,79.37,D
-5.80353,-53.82138,342.55,1.27,1.12,2026-09-11,1930,Aqua,MODIS,91,6.1NRT,297.32,56.89,D
-5.80187,-53.8103,335.87,1.28,1.12,2026-09-11,1930,Aqua,MODIS,88,6.1NRT,298.03,41.66,D
-5.79208,-53.81188,327.55,1.28,1.12,2026-09-11,1930,Aqua,MODIS,81,6.1NRT,298.28,26.86,D
-5.77652,-52.33134,318.18,1.62,1.25,2026-09-11,1930,Aqua,MODIS,69,6.1NRT,300.43,18.58,D
-6.8016,-65.28098,304.36,3.45,1.75,2026-09-11,1932,Aqua,MODIS,19,6.1NRT,285.33,11.46,D
-6.2824,-62.74332,326.41,2.1,1.41,2026-09-11,1932,Aqua,MODIS,78,6.1NRT,283.18,62.56,D
-6.27906,-62.75062,314.56,2.1,1.41,2026-09-11,1932,Aqua,MODIS,24,6.1NRT,282.49,27.17,D
-6.15097,-59.93787,317.14,1.29,1.13,2026-09-11,1932,Aqua,MODIS,34,6.1NRT,296.5,14.16,D
-6.14314,-59.88156,314.12,1.28,1.12,2026-09-11,1932,Aqua,MODIS,49,6.1NRT,296.38,8.13,D
-6.14258,-59.88729,318.03,1.28,1.12,2026-09-11,1932,Aqua,MODIS,57,6.1NRT,297.58,12.09,D
-6.1163,-59.91396,320.05,1.29,1.13,2026-09-11,1932,Aqua,MODIS,36,6.1NRT,297.5,12.51,D
-6.1147,-59.90278,359.92,1.28,1.12,2026-09-11,1932,Aqua,MODIS,99,6.1NRT,299.29,110.96,D
-6.11309,-59.89158,343.02,1.28,1.12,2026-09-11,1932,Aqua,MODIS,92,6.1NRT,299.35,57.68,D
-6.10646,-59.91545,330.75,1.29,1.13,2026-09-11,1932,Aqua,MODIS,84,6.1NRT,299.62,29.13,D
-6.10487,-59.90426,370.31,1.28,1.12,2026-09-11,1932,Aqua,MODIS,100,6.1NRT,300.88,155.51,D
-6.10327,-59.8931,343.06,1.28,1.12,2026-09-11,1932,Aqua,MODIS,92,6.1NRT,297.93,57.84,D
-6.09663,-59.91694,321.2,1.29,1.13,2026-09-11,1932,Aqua,MODIS,63,6.1NRT,299.73,14.4,D
-6.09504,-59.90576,332.76,1.28,1.12,2026-09-11,1932,Aqua,MODIS,86,6.1NRT,297.88,34.19,D
-6.08646,-59.98758,351.53,1.3,1.13,2026-09-11,1932,Aqua,MODIS,96,6.1NRT,296.85,86.79,D
-5.92278,-63.47764,310.34,2.38,1.49,2026-09-11,1932,Aqua,MODIS,53,6.1NRT,280.27,22.86,D
-5.84304,-57.64079,315.28,1.02,1.01,2026-09-11,1932,Aqua,MODIS,60,6.1NRT,300.74,6.27,D
-5.80847,-57.72434,326.83,1.02,1.01,2026-09-11,1932,Aqua,MODIS,81,6.1NRT,300.63,18.4,D
-5.76747,-57.56705,317.21,1.01,1.01,2026-09-11,1932,Aqua,MODIS,63,6.1NRT,300.93,7.21,D
-5.60048,-60.24594,314.33,1.33,1.14,2026-09-11,1932,Aqua,MODIS,57,6.1NRT,297.76,8.58,D
-5.59047,-60.24732,325.87,1.33,1.14,2026-09-11,1932,Aqua,MODIS,81,6.1NRT,296.74,25.53,D
-5.49388,-57.14378,314.73,1.0,1.0,2026-09-11,1932,Aqua,MODIS,63,6.1NRT,301.64,6.35,D
-5.48513,-57.14508,313.66,1.0,1.0,2026-09-11,1932,Aqua,MODIS,58,6.1NRT,300.99,5.47,D
-5.45476,-60.23176,315.67,1.32,1.14,2026-09-11,1932,Aqua,MODIS,59,6.1NRT,297.51,10.62,D
-5.45411,-60.22628,314.59,1.32,1.14,2026-09-11,1932,Aqua,MODIS,51,6.1NRT,297.22,9.32,D
-5.31859,-56.01966,318.97,1.03,1.01,2026-09-11,1932,Aqua,MODIS,43,6.1NRT,300.27,8.19,D
-5.29552,-60.12173,312.05,1.29,1.13,2026-09-11,1932,Aqua,MODIS,64,6.1NRT,296.82,7.4,D
-5.28299,-56.04079,316.96,1.03,1.01,2026-09-11,1932,Aqua,MODIS,68,6.1NRT,297.2,9.07,D
-5.25076,-57.13628,328.67,1.0,1.0,2026-09-11,1932,Aqua,MODIS,82,6.1NRT,299.84,20.95,D
-5.24948,-57.12755,313.55,1.0,1.0,2026-09-11,1932,Aqua,MODIS,61,6.1NRT,299.72,5.84,D
-5.14259,-55.95763,327.93,1.03,1.02,2026-09-11,1932,Aqua,MODIS,81,6.1NRT,302.78,17.34,D
-5.13641,-55.977,319.39,1.03,1.01,2026-09-11,1932,Aqua,MODIS,54,6.1NRT,300.08,9.05,D
-5.12754,-55.97832,339.51,1.03,1.01,2026-09-11,1932,Aqua,MODIS,90,6.1NRT,300.86,36.26,D
-5.11887,-56.24183,314.69,1.02,1.01,2026-09-11,1932,Aqua,MODIS,61,6.1NRT,300.96,5.25,D
-5.10305,-56.13499,333.7,1.02,1.01,2026-09-11,1932,Aqua,MODIS,86,6.1NRT,303.31,25.08,D
-5.10173,-56.12607,358.43,1.02,1.01,2026-09-11,1932,Aqua,MODIS,99,6.1NRT,303.55,75.62,D
-5.0739,-56.30294,314.35,1.02,1.01,2026-09-11,1932,Aqua,MODIS,61,6.1NRT,301.37,5.21,D
-5.07258,-56.2941,316.26,1.02,1.01,2026-09-11,1932,Aqua,MODIS,66,6.1NRT,302.37,6.92,D
-5.018,-56.18079,324.03,1.02,1.01,2026-09-11,1932,Aqua,MODIS,77,6.1NRT,303.84,12.85,D
-4.98356,-56.13129,326.9,1.02,1.01,2026-09-11,1932,Aqua,MODIS,80,6.1NRT,300.99,18.66,D
-4.93381,-55.79766,323.28,1.05,1.02,2026-09-11,1932,Aqua,MODIS,72,6.1NRT,296.95,12.87,D
-4.93244,-55.78848,334.85,1.05,1.02,2026-09-11,1932,Aqua,MODIS,87,6.1NRT,299.46,29.26,D
-4.91871,-55.81871,321.54,1.04,1.02,2026-09-11,1932,Aqua,MODIS,69,6.1NRT,299.91,11.68,D
-4.87213,-56.008,339.27,1.03,1.02,2026-09-11,1932,Aqua,MODIS,90,6.1NRT,301.5,36.58,D
-4.87078,-55.99892,331.4,1.03,1.02,2026-09-11,1932,Aqua,MODIS,75,6.1NRT,299.9,24.04,D
-4.86329,-56.0095,323.75,1.03,1.02,2026-09-11,1932,Aqua,MODIS,59,6.1NRT,299.49,15.5,D
-4.86191,-56.00034,328.91,1.03,1.02,2026-09-11,1932,Aqua,MODIS,81,6.1NRT,299.43,21.66,D
-4.83553,-55.76289,312.88,1.05,1.02,2026-09-11,1932,Aqua,MODIS,55,6.1NRT,299.67,6.64,D
-4.82796,-55.77338,344.95,1.05,1.02,2026-09-11,1932,Aqua,MODIS,93,6.1NRT,300.87,49.54,D
-4.82659,-55.76425,358.56,1.05,1.02,2026-09-11,1932,Aqua,MODIS,99,6.1NRT,301.71,81.95,D
-4.81901,-55.77471,369.84,1.05,1.02,2026-09-11,1932,Aqua,MODIS,100,6.1NRT,297.39,117.4,D
-4.81764,-55.76559,371.2,1.05,1.02,2026-09-11,1932,Aqua,MODIS,100,6.1NRT,300.62,122.63,D
-4.74647,-55.90318,331.99,1.04,1.02,2026-09-11,1932,Aqua,MODIS,85,6.1NRT,298.59,24.72,D
-4.7451,-55.89405,317.92,1.04,1.02,2026-09-11,1932,Aqua,MODIS,70,6.1NRT,298.13,7.84,D
-4.65865,-55.75495,313.31,1.05,1.03,2026-09-11,1932,Aqua,MODIS,61,6.1NRT,298.49,4.52,D
-4.65727,-55.74573,319.53,1.05,1.03,2026-09-11,1932,Aqua,MODIS,73,6.1NRT,299.26,10.28,D
-4.54035,-54.96583,344.28,1.14,1.06,2026-09-11,1932,Aqua,MODIS,92,6.1NRT,301.78,53.27,D
-4.53884,-54.95583,339.11,1.14,1.06,2026-09-11,1932,Aqua,MODIS,89,6.1NRT,299.92,42.12,D
-4.53106,-54.96722,328.25,1.14,1.06,2026-09-11,1932,Aqua,MODIS,82,6.1NRT,300.43,23.34,D
-4.52955,-54.95726,341.38,1.14,1.06,2026-09-11,1932,Aqua,MODIS,91,6.1NRT,301.09,46.5,D
-4.52027,-54.95873,323.85,1.14,1.06,2026-09-11,1932,Aqua,MODIS,78,6.1NRT,298.78,18.35,D
-4.47503,-55.45243,327.2,1.09,1.04,2026-09-11,1932,Aqua,MODIS,77,6.1NRT,298.93,20.27,D
-4.47363,-55.44293,316.93,1.09,1.04,2026-09-11,1932,Aqua,MODIS,49,6.1NRT,298.93,8.34,D
-4.47223,-55.43348,321.55,1.09,1.04,2026-09-11,1932,Aqua,MODIS,65,6.1NRT,299.42,13.48,D
-4.44714,-55.5145,312.85,1.08,1.04,2026-09-11,1932,Aqua,MODIS,60,6.1NRT,297.25,6.35,D
-4.4111,-50.96106,330.75,2.19,1.44,2026-09-11,1932,Aqua,MODIS,79,6.1NRT,296.05,74.52,D
-4.36729,-54.78853,335.52,1.17,1.08,2026-09-11,1932,Aqua,MODIS,87,6.1NRT,295.57,37.63,D
-4.36576,-54.77822,355.36,1.17,1.08,2026-09-11,1932,Aqua,MODIS,98,6.1NRT,298.25,85.77,D
-4.35635,-54.77964,328.23,1.17,1.08,2026-09-11,1932,Aqua,MODIS,82,6.1NRT,297.59,26.07,D
-4.35482,-54.76938,318.81,1.17,1.08,2026-09-11,1932,Aqua,MODIS,72,6.1NRT,295.95,13.35,D
-4.10859,-54.61847,313.76,1.2,1.09,2026-09-11,1932,Aqua,MODIS,56,6.1NRT,295.98,8.95,D
-4.10702,-54.60808,314.35,1.2,1.09,2026-09-11,1932,Aqua,MODIS,62,6.1NRT,298.36,9.35,D
-4.08572,-56.30927,312.08,1.03,1.01,2026-09-11,1932,Aqua,MODIS,55,6.1NRT,297.22,4.68,D
-4.08439,-56.30033,319.54,1.03,1.01,2026-09-11,1932,Aqua,MODIS,73,6.1NRT,296.97,10.98,D
-4.06317,-56.33999,320.31,1.02,1.01,2026-09-11,1932,Aqua,MODIS,74,6.1NRT,298.07,13.7,D
-4.06184,-56.33107,327.79,1.02,1.01,2026-09-11,1932,Aqua,MODIS,81,6.1NRT,297.73,21.83,D
-3.9484,-54.8448,311.29,1.17,1.08,2026-09-11,1932,Aqua,MODIS,24,6.1NRT,295.02,5.91,D
-3.91651,-55.73634,315.45,1.07,1.03,2026-09-11,1932,Aqua,MODIS,66,6.1NRT,298.84,8.22,D
-3.8916,-55.81597,323.28,1.06,1.03,2026-09-11,1932,Aqua,MODIS,77,6.1NRT,295.81,17.25,D
-3.82174,-54.55012,312.08,1.22,1.1,2026-09-11,1932,Aqua,MODIS,50,6.1NRT,294.7,7.14,D
-3.82136,-55.89838,316.6,1.06,1.03,2026-09-11,1932,Aqua,MODIS,68,6.1NRT,297.76,9.16,D
-3.81998,-55.88916,334.85,1.06,1.03,2026-09-11,1932,Aqua,MODIS,87,6.1NRT,298.97,31.58,D
-3.79691,-57.1832,321.64,1.0,1.0,2026-09-11,1932,Aqua,MODIS,0,6.1NRT,298.64,13.11,D
-3.77369,-57.32904,314.79,1.0,1.0,2026-09-11,1932,Aqua,MODIS,62,6.1NRT,299.78,6.33,D
-3.74708,-61.76792,314.46,1.6,1.25,2026-09-11,1932,Aqua,MODIS,65,6.1NRT,291.88,16.3,D
-3.74514,-61.75409,336.65,1.6,1.24,2026-09-11,1932,Aqua,MODIS,89,6.1NRT,292.83,66.4,D
-3.74228,-61.76096,336.13,1.6,1.24,2026-09-11,1932,Aqua,MODIS,89,6.1NRT,293.73,66.08,D
-3.74059,-57.16486,319.77,1.0,1.0,2026-09-11,1932,Aqua,MODIS,69,6.1NRT,299.32,10.51,D
-3.74025,-61.74719,324.96,1.59,1.24,2026-09-11,1932,Aqua,MODIS,82,6.1NRT,292.62,36.72,D
-3.73619,-61.76947,311.97,1.6,1.25,2026-09-11,1932,Aqua,MODIS,37,6.1NRT,291.83,13.72,D
-3.73426,-61.75563,329.47,1.6,1.24,2026-09-11,1932,Aqua,MODIS,85,6.1NRT,292.49,47.88,D
-3.70776,-58.52045,319.82,1.04,1.02,2026-09-11,1932,Aqua,MODIS,67,6.1NRT,286.66,15.47,D
-3.69864,-57.0787,325.12,1.0,1.0,2026-09-11,1932,Aqua,MODIS,79,6.1NRT,299.0,15.81,D
-3.69735,-57.06998,329.68,1.0,1.0,2026-09-11,1932,Aqua,MODIS,83,6.1NRT,299.19,21.39,D
-3.6886,-57.07127,313.1,1.0,1.0,2026-09-11,1932,Aqua,MODIS,60,6.1NRT,298.62,5.07,D
-3.58274,-55.6029,317.11,1.09,1.04,2026-09-11,1932,Aqua,MODIS,69,6.1NRT,297.69,10.29,D
-3.52777,-59.51017,319.03,1.14,1.06,2026-09-11,1932,Aqua,MODIS,63,6.1NRT,294.39,16.92,D
-3.51848,-59.51153,317.84,1.14,1.06,2026-09-11,1932,Aqua,MODIS,66,6.1NRT,289.99,14.96,D
-3.48209,-55.42891,313.65,1.11,1.05,2026-09-11,1932,Aqua,MODIS,61,6.1NRT,299.12,5.94,D
-3.44794,-59.26859,319.11,1.1,1.05,2026-09-11,1932,Aqua,MODIS,76,6.1NRT,295.9,11.19,D
-3.44652,-59.25897,324.5,1.1,1.05,2026-09-11,1932,Aqua,MODIS,81,6.1NRT,296.31,17.61,D
-3.42401,-59.23288,319.57,1.1,1.05,2026-09-11,1932,Aqua,MODIS,63,6.1NRT,295.23,10.16,D
-3.41971,-58.00102,319.29,1.01,1.01,2026-09-11,1932,Aqua,MODIS,49,6.1NRT,296.69,8.74,D
-3.41625,-59.24378,342.21,1.1,1.05,2026-09-11,1932,Aqua,MODIS,92,6.1NRT,294.13,43.95,D
-3.41485,-59.2342,351.41,1.1,1.05,2026-09-11,1932,Aqua,MODIS,96,6.1NRT,296.34,64.88,D
-3.41346,-59.22463,328.4,1.1,1.05,2026-09-11,1932,Aqua,MODIS,84,6.1NRT,293.23,20.4,D
-3.40571,-59.23555,328.07,1.1,1.05,2026-09-11,1932,Aqua,MODIS,83,6.1NRT,297.69,20.45,D
-3.38395,-58.08472,322.37,1.01,1.01,2026-09-11,1932,Aqua,MODIS,65,6.1NRT,295.26,13.4,D
-3.37604,-57.70311,315.81,1.0,1.0,2026-09-11,1932,Aqua,MODIS,69,6.1NRT,293.24,7.3,D
-3.37476,-57.69439,318.31,1.0,1.0,2026-09-11,1932,Aqua,MODIS,63,6.1NRT,292.76,9.28,D
-3.36764,-58.09614,315.09,1.01,1.01,2026-09-11,1932,Aqua,MODIS,42,6.1NRT,292.54,6.71,D
-3.36079,-59.4363,340.42,1.12,1.06,2026-09-11,1932,Aqua,MODIS,91,6.1NRT,300.8,39.98,D
-3.35937,-59.42656,334.53,1.12,1.06,2026-09-11,1932,Aqua,MODIS,88,6.1NRT,297.83,28.77,D
-3.35419,-58.1885,319.76,1.02,1.01,2026-09-11,1932,Aqua,MODIS,71,6.1NRT,286.88,14.01,D
-3.35289,-58.17965,324.53,1.02,1.01,2026-09-11,1932,Aqua,MODIS,69,6.1NRT,290.06,19.23,D
-3.35156,-59.43767,365.87,1.12,1.06,2026-09-11,1932,Aqua,MODIS,100,6.1NRT,300.34,112.21,D
-3.35014,-59.42793,324.26,1.12,1.06,2026-09-11,1932,Aqua,MODIS,37,6.1NRT,296.23,15.78,D
-3.34927,-57.91011,314.15,1.01,1.0,2026-09-11,1932,Aqua,MODIS,58,6.1NRT,291.75,7.55,D
-3.34679,-57.20013,324.41,1.0,1.0,2026-09-11,1932,Aqua,MODIS,79,6.1NRT,298.66,16.03,D
-3.32186,-59.36259,318.44,1.11,1.05,2026-09-11,1932,Aqua,MODIS,75,6.1NRT,284.61,14.74,D
-3.31032,-57.889,318.63,1.01,1.0,2026-09-11,1932,Aqua,MODIS,64,6.1NRT,294.05,10.29,D
-3.30903,-57.88023,315.36,1.01,1.0,2026-09-11,1932,Aqua,MODIS,65,6.1NRT,292.74,7.32,D
-3.22254,-56.84324,311.32,1.01,1.0,2026-09-11,1932,Aqua,MODIS,57,6.1NRT,294.48,4.62,D
-3.21702,-53.94618,322.92,1.36,1.16,2026-09-11,1932,Aqua,MODIS,76,6.1NRT,296.65,22.92,D
-3.16406,-58.65568,310.2,1.04,1.02,2026-09-11,1932,Aqua,MODIS,58,6.1NRT,278.77,7.43,D
-3.16273,-58.64659,324.02,1.04,1.02,2026-09-11,1932,Aqua,MODIS,81,6.1NRT,279.17,20.62,D
-3.11523,-56.94323,311.12,1.01,1.0,2026-09-11,1932,Aqua,MODIS,60,6.1NRT,294.61,4.67,D
-2.9704,-50.39452,325.3,2.6,1.55,2026-09-11,1932,Aqua,MODIS,69,6.1NRT,291.84,64.69,D
-2.96699,-50.37204,315.53,2.61,1.55,2026-09-11,1932,Aqua,MODIS,41,6.1NRT,295.29,27.48,D
-2.96567,-50.38791,337.21,2.6,1.55,2026-09-11,1932,Aqua,MODIS,77,6.1NRT,293.21,129.27,D
-2.95347,-50.37411,320.39,2.61,1.55,2026-09-11,1932,Aqua,MODIS,69,6.1NRT,294.02,45.8,D
-2.91072,-58.31133,310.91,1.02,1.01,2026-09-11,1932,Aqua,MODIS,56,6.1NRT,286.03,5.6,D
-2.90463,-56.95103,311.25,1.01,1.0,2026-09-11,1932,Aqua,MODIS,61,6.1NRT,284.38,6.66,D
-2.89437,-57.18491,312.84,1.0,1.0,2026-09-11,1932,Aqua,MODIS,49,6.1NRT,292.09,6.38,D
-2.81789,-56.87164,317.52,1.01,1.01,2026-09-11,1932,Aqua,MODIS,73,6.1NRT,288.8,11.48,D
-2.74404,-57.62618,323.44,1.0,1.0,2026-09-11,1932,Aqua,MODIS,66,6.1NRT,284.59,16.07,D
-2.74277,-57.61749,324.8,1.0,1.0,2026-09-11,1932,Aqua,MODIS,60,6.1NRT,286.37,16.82,D
-2.73786,-57.64487,370.19,1.0,1.0,2026-09-11,1932,Aqua,MODIS,100,6.1NRT,293.32,110.49,D
-2.73658,-57.63618,358.63,1.0,1.0,2026-09-11,1932,Aqua,MODIS,99,6.1NRT,290.49,74.2,D
-2.72912,-57.64617,381.14,1.0,1.0,2026-09-11,1932,Aqua,MODIS,100,6.1NRT,294.45,150.98,D
-2.72784,-57.63747,407.78,1.0,1.0,2026-09-11,1932,Aqua,MODIS,100,6.1NRT,297.04,293.81,D
-2.72656,-57.62877,353.87,1.0,1.0,2026-09-11,1932,Aqua,MODIS,97,6.1NRT,290.12,61.14,D
-2.72528,-57.62007,368.3,1.0,1.0,2026-09-11,1932,Aqua,MODIS,100,6.1NRT,291.73,101.19,D
-2.724,-57.61137,337.46,1.0,1.0,2026-09-11,1932,Aqua,MODIS,64,6.1NRT,292.25,30.73,D
-2.71526,-57.61267,319.65,1.0,1.0,2026-09-11,1932,Aqua,MODIS,55,6.1NRT,289.26,11.02,D
-2.56122,-58.06647,315.67,1.01,1.0,2026-09-11,1932,Aqua,MODIS,55,6.1NRT,293.42,9.33,D
-2.46173,-57.95296,314.17,1.0,1.0,2026-09-11,1932,Aqua,MODIS,64,6.1NRT,292.73,7.0,D
-2.45027,-57.50998,310.6,1.0,1.0,2026-09-11,1932,Aqua,MODIS,61,6.1NRT,291.2,5.4,D
-1.77708,-54.95713,340.3,1.23,1.1,2026-09-11,1932,Aqua,MODIS,90,6.1NRT,298.72,46.99,D
-1.7755,-54.94646,363.27,1.23,1.1,2026-09-11,1932,Aqua,MODIS,100,6.1NRT,299.39,116.54,D
-1.62654,-54.69588,325.44,1.28,1.12,2026-09-11,1932,Aqua,MODIS,79,6.1NRT,296.7,21.98,D
-1.03222,-53.7462,330.35,1.52,1.22,2026-09-11,1932,Aqua,MODIS,84,6.1NRT,293.87,46.49,D
0.9948,-59.53086,308.54,1.04,1.02,2026-09-11,1932,Aqua,MODIS,28,6.1NRT,289.53,4.19,D
1.03422,-51.08936,315.64,2.69,1.57,2026-09-11,1932,Aqua,MODIS,66,6.1NRT,292.69,28.32,D
1.03769,-51.06609,326.59,2.7,1.57,2026-09-11,1932,Aqua,MODIS,81,6.1NRT,292.41,75.99,D
1.04324,-51.07211,322.63,2.7,1.57,2026-09-11,1932,Aqua,MODIS,78,6.1NRT,291.83,56.39,D
1.23721,-50.76382,331.45,2.88,1.62,2026-09-11,1932,Aqua,MODIS,85,6.1NRT,292.39,114.33,D
1.24085,-50.73893,315.82,2.9,1.62,2026-09-11,1932,Aqua,MODIS,61,6.1NRT,294.15,35.68,D
1.31697,-60.72009,310.77,1.16,1.07,2026-09-11,1932,Aqua,MODIS,49,6.1NRT,293.21,7.58,D
1.31848,-60.71005,310.51,1.16,1.07,2026-09-11,1932,Aqua,MODIS,45,6.1NRT,292.06,7.2,D
1.64506,-60.38631,334.3,1.11,1.05,2026-09-11,1932,Aqua,MODIS,87,6.1NRT,298.52,32.84,D
1.6465,-60.37672,318.99,1.11,1.05,2026-09-11,1932,Aqua,MODIS,73,6.1NRT,298.3,11.78,D
2.11482,-55.82084,320.67,1.23,1.1,2026-09-11,1932,Aqua,MODIS,51,6.1NRT,297.31,16.14,D
2.11844,-55.82825,323.66,1.23,1.1,2026-09-11,1932,Aqua,MODIS,75,6.1NRT,296.97,19.5,D
1.72651,-61.13698,315.36,1.21,1.09,2026-09-11,1934,Aqua,MODIS,60,6.1NRT,297.6,9.54,D
1.89771,-60.6102,322.1,1.13,1.06,2026-09-11,1934,Aqua,MODIS,77,6.1NRT,297.38,16.62,D
2.34438,-59.35849,315.89,1.02,1.01,2026-09-11,1934,Aqua,MODIS,54,6.1NRT,298.71,7.44,D
2.71094,-59.93046,320.33,1.04,1.02,2026-09-11,1934,Aqua,MODIS,67,6.1NRT,301.86,7.41,D
2.71227,-59.92139,323.72,1.04,1.02,2026-09-11,1934,Aqua,MODIS,78,6.1NRT,302.25,10.59,D
3.64252,-59.95222,321.82,1.03,1.01,2026-09-11,1934,Aqua,MODIS,75,6.1NRT,300.26,9.46,D
3.64386,-59.94326,321.05,1.03,1.01,2026-09-11,1934,Aqua,MODIS,74,6.1NRT,300.78,8.21,D
3.73192,-59.59356,319.28,1.01,1.01,2026-09-11,1934,Aqua,MODIS,46,6.1NRT,294.17,7.18,D
3.73322,-59.58476,322.13,1.01,1.01,2026-09-11,1934,Aqua,MODIS,76,6.1NRT,292.2,10.46,D
4.13434,-61.36322,319.37,1.16,1.07,2026-09-11,1934,Aqua,MODIS,70,6.1NRT,293.21,13.85,D
4.82268,-61.08431,309.31,1.11,1.05,2026-09-11,1934,Aqua,MODIS,64,6.1NRT,287.62,6.67,D
-31.39995,-69.41775,313.54,1.77,1.3,2026-09-11,2101,Aqua,MODIS,74,6.1NRT,296.44,21.36,D
-8.75708,-72.77007,309.15,3.06,1.66,2026-09-11,2108,Aqua,MODIS,34,6.1NRT,291.27,23.38,D
-8.35497,-73.79108,319.1,2.58,1.54,2026-09-11,2108,Aqua,MODIS,73,6.1NRT,292.47,48.33,D
-8.35407,-73.80672,314.48,2.57,1.54,2026-09-11,2108,Aqua,MODIS,62,6.1NRT,294.05,30.85,D
